00001000000000010011001110001001
01000110000000000000100000111110
01000101000000000000000000000101
00111100000110000000000000000101
00110111000110000000001100011100
11000111000000100000000000000000
01000110000000010001000001000010
00001000000000010000000000000001
01000110000000000000100000000110
00000011111000000000000000001000
00111100000110000000000000000101
00110111000110000000001100011000
11000111000000100000000000000000
01000110000000000001000000111110
01000101000000000000000000001000
01000110000000000000100000111110
01000101000000000000000000000001
01000110000000010000000000000001
00111100000110000000000000000101
00110111000110000000001100010100
11000111000000100000000000000000
01000110000000100000100001000010
00001000000000010000000000001010
00000011111000000000000000001000
00000000010000111100000000101010
00010111000000000000000000001111
00000000010000110001000000100010
10101111101111110000000000000000
00100111101111010000000000000100
00001100000000010000000000011000
00100011101111010000000000000100
10001111101111110000000000000000
10001100010000110000000000000100
10001100010000100000000000000000
00100000010000100000000000000001
00100011001001000000000000000000
00100011001110010000000000001000
10101100100000110000000000000100
10101100100000100000000000000000
00100000100000100000000000000000
00000011111000000000000000001000
00100011001000110000000000000000
00100011001110010000000000001000
10101100011000100000000000000100
10101100011000000000000000000000
00100000011000100000000000000000
00000011111000000000000000001000
00100000000110000000000000000001
00010111000000100000000000000010
00100000000000100000000000001010
00000011111000000000000000001000
00100100010000100000000000000001
10101111101111110000000000000000
00100111101111010000000000000100
00001100000000010000000000101111
00100011101111010000000000000100
10001111101111110000000000000000
00000000000000100001100010000000
00000000011000110001100000100000
00000000011000100001100000100000
00000000011000100001000000100000
00000011111000000000000000001000
00100000000110000000000000001010
00010111000000110000000000000010
00100000000000100000000000001010
00000011111000000000000000001000
10101111101000110000000000000000
10101111101000101111111111111100
00100000011000100000000000000000
10101111101111111111111111111000
00100111101111010000000000001100
00001100000000010000000000101111
00100011101111010000000000001100
10001111101111111111111111111000
10001111101000111111111111111100
00000000011000101100000000101010
00010111000000000000000000000110
10001111101000100000000000000000
00100000010000100000000000000001
00100000011111000000000000000000
00100000010000110000000000000000
00100011100000100000000000000000
00001000000000010000000000111110
10001111101000100000000000000000
00000011111000000000000000001000
00100000000110000000000000000001
00010111000000110000000000000010
00100000010000100000000000110000
00001000000000010011001110000011
00100100011001000000000000000001
10101111101000110000000000000000
10101111101000101111111111111100
00100000100000100000000000000000
10101111101111111111111111111000
00100111101111010000000000001100
00001100000000010000000000101111
00100011101111010000000000001100
10001111101111111111111111111000
00100000010000110000000000000000
10001111101000101111111111111100
10101111101111111111111111111000
00100111101111010000000000001100
00001100000000010000000000011000
00100011101111010000000000001100
10001111101111111111111111111000
10001100010000110000000000000100
10001100010000100000000000000000
00100000010000100000000000110000
10101111101000111111111111111000
10101111101111111111111111110100
00100111101111010000000000010000
00001100000000010011001110000011
00100011101111010000000000010000
10001111101111111111111111110100
10001111101000100000000000000000
00100100010000110000000000000001
10001111101000101111111111111000
00001000000000010000000001010101
00101000010110000000000000000000
00010111000000000000000000111101
00101000010110000000001111101000
00010111000000000000000000001010
00100000000000110000000000000001
10101111101000100000000000000000
10101111101111111111111111111100
00100111101111010000000000001000
00001100000000010000000000111110
00100011101111010000000000001000
10001111101111111111111111111100
00100000010000110000000000000000
10001111101000100000000000000000
00001000000000010000000001010101
00100000000000110000000001100100
10101111101111111111111111111100
00100111101111010000000000001000
00001100000000010000000000011000
00100011101111010000000000001000
10001111101111111111111111111100
10001100010000110000000000000100
10001100010000100000000000000000
00100000000001000000000000001010
10101111101000101111111111111100
00100000011000100000000000000000
00100000100000110000000000000000
10101111101111111111111111111000
00100111101111010000000000001100
00001100000000010000000000011000
00100011101111010000000000001100
10001111101111111111111111111000
10001100010000110000000000000100
10001100010000100000000000000000
10001111101001001111111111111100
10101111101000111111111111111000
00010100000001000000000000001001
00010100000000100000000000000001
00001000000000010000000010110010
00100000010000100000000000110000
10101111101111111111111111110100
00100111101111010000000000010000
00001100000000010011001110000011
00100011101111010000000000010000
10001111101111111111111111110100
00001000000000010000000010110010
00100000100001000000000000110000
10101111101000101111111111110100
00100000100000100000000000000000
10101111101111111111111111110000
00100111101111010000000000010100
00001100000000010011001110000011
00100011101111010000000000010100
10001111101111111111111111110000
10001111101000101111111111110100
00100000010000100000000000110000
10101111101111111111111111110000
00100111101111010000000000010100
00001100000000010011001110000011
00100011101111010000000000010100
10001111101111111111111111110000
10001111101000101111111111111000
00100000010000100000000000110000
00001000000000010011001110000011
00100000000000110000000000101101
10101111101000100000000000000000
00100000011000100000000000000000
10101111101111111111111111110000
00100111101111010000000000010100
00001100000000010011001110000011
00100011101111010000000000010100
10001111101111111111111111110000
10001111101000100000000000000000
00000000000000100001000000100010
00001000000000010000000001110110
00111100000000110000001000000000
00111100000001000000001000000000
00110100100001000000000000110000
00111100000110000000000000000101
00110111000110000000001100010000
11000111000000000000000000000000
00101000010110000000000000111100
00010111000000000000000000000001
00000011111000000000000000001000
10101111101000110000000000000000
11100111101000001111111111111100
10101111101001001111111111111000
10101111101000101111111111110100
10101111101111111111111111110000
00100111101111010000000000010100
00001100000000010011001110000101
00100011101111010000000000010100
10001111101111111111111111110000
00100000000110001111111111111111
00010111000000100000000000000010
00100000000000100000000000000000
00001000000000010000011010100010
10101111101000101111111111110000
10101111101111111111111111101100
00100111101111010000000000011000
00001100000000010011001110000101
00100011101111010000000000011000
10001111101111111111111111101100
10101111101000101111111111101100
10101111101111111111111111101000
00100111101111010000000000011100
00001100000000010011001110000101
00100011101111010000000000011100
10001111101111111111111111101000
10101111101000101111111111101000
10101111101111111111111111100100
00100111101111010000000000100000
00001100000000010011001110000101
00100011101111010000000000100000
10001111101111111111111111100100
00100000000000110000000000000011
00111100000110000000000000000101
00110111000110000000001100001100
11000111000000000000000000000000
10101111101000101111111111100100
00100000011000100000000000000000
10101111101111111111111111100000
00100111101111010000000000100100
00001100000000010011001101110001
00100011101111010000000000100100
10001111101111111111111111100000
10101111101000101111111111100000
10101111101111111111111111011100
00100111101111010000000000101000
00001100000000010011001110000111
00100011101111010000000000101000
10001111101111111111111111011100
10001111101000101111111111100000
11100100010000000000000000000000
10101111101111111111111111011100
00100111101111010000000000101000
00001100000000010011001110000111
00100011101111010000000000101000
10001111101111111111111111011100
10001111101000101111111111100000
11100100010000000000000000000100
10101111101111111111111111011100
00100111101111010000000000101000
00001100000000010011001110000111
00100011101111010000000000101000
10001111101111111111111111011100
10001111101000101111111111100000
11100100010000000000000000001000
00100000000000110000000000000011
00111100000110000000000000000101
00110111000110000000001100001100
11000111000000000000000000000000
00100000011000100000000000000000
10101111101111111111111111011100
00100111101111010000000000101000
00001100000000010011001101110001
00100011101111010000000000101000
10001111101111111111111111011100
10101111101000101111111111011100
10101111101111111111111111011000
00100111101111010000000000101100
00001100000000010011001110000111
00100011101111010000000000101100
10001111101111111111111111011000
10001111101000101111111111011100
11100100010000000000000000000000
10101111101111111111111111011000
00100111101111010000000000101100
00001100000000010011001110000111
00100011101111010000000000101100
10001111101111111111111111011000
10001111101000101111111111011100
11100100010000000000000000000100
10101111101111111111111111011000
00100111101111010000000000101100
00001100000000010011001110000111
00100011101111010000000000101100
10001111101111111111111111011000
10001111101000101111111111011100
11100100010000000000000000001000
10101111101111111111111111011000
00100111101111010000000000101100
00001100000000010011001110000111
00100011101111010000000000101100
10001111101111111111111111011000
00111100000110000000000000000101
00110111000110000000001100001100
11000111000000010000000000000000
01000110000000000000100000111110
01000101000000000000000000000010
00100000000000100000000000000000
00001000000000010000000100110110
00100000000000100000000000000001
00100000000000110000000000000010
00111100000110000000000000000101
00110111000110000000001100001100
11000111000000000000000000000000
10101111101000101111111111011000
00100000011000100000000000000000
10101111101111111111111111010100
00100111101111010000000000110000
00001100000000010011001101110001
00100011101111010000000000110000
10001111101111111111111111010100
10101111101000101111111111010100
10101111101111111111111111010000
00100111101111010000000000110100
00001100000000010011001110000111
00100011101111010000000000110100
10001111101111111111111111010000
10001111101000101111111111010100
11100100010000000000000000000000
10101111101111111111111111010000
00100111101111010000000000110100
00001100000000010011001110000111
00100011101111010000000000110100
10001111101111111111111111010000
10001111101000101111111111010100
11100100010000000000000000000100
00100000000000110000000000000011
00111100000110000000000000000101
00110111000110000000001100001100
11000111000000000000000000000000
00100000011000100000000000000000
10101111101111111111111111010000
00100111101111010000000000110100
00001100000000010011001101110001
00100011101111010000000000110100
10001111101111111111111111010000
10101111101000101111111111010000
10101111101111111111111111001100
00100111101111010000000000111000
00001100000000010011001110000111
00100011101111010000000000111000
10001111101111111111111111001100
10001111101000101111111111010000
11100100010000000000000000000000
10101111101111111111111111001100
00100111101111010000000000111000
00001100000000010011001110000111
00100011101111010000000000111000
10001111101111111111111111001100
10001111101000101111111111010000
11100100010000000000000000000100
10101111101111111111111111001100
00100111101111010000000000111000
00001100000000010011001110000111
00100011101111010000000000111000
10001111101111111111111111001100
10001111101000101111111111010000
11100100010000000000000000001000
00100000000000110000000000000011
00111100000110000000000000000101
00110111000110000000001100001100
11000111000000000000000000000000
00100000011000100000000000000000
10101111101111111111111111001100
00100111101111010000000000111000
00001100000000010011001101110001
00100011101111010000000000111000
10001111101111111111111111001100
10001111101000111111111111100100
00010100000000110000000000000001
00001000000000010000000110011111
10101111101000101111111111001100
10101111101111111111111111001000
00100111101111010000000000111100
00001100000000010011001110000111
00100011101111010000000000111100
10001111101111111111111111001000
00111100000110000000000000000101
00110111000110000000001100001000
11000111000000010000000000000000
01000110000000010000000000000010
10001111101000101111111111001100
11100100010000000000000000000000
10101111101111111111111111001000
00100111101111010000000000111100
00001100000000010011001110000111
00100011101111010000000000111100
10001111101111111111111111001000
00111100000110000000000000000101
00110111000110000000001100001000
11000111000000010000000000000000
01000110000000010000000000000010
10001111101000101111111111001100
11100100010000000000000000000100
10101111101111111111111111001000
00100111101111010000000000111100
00001100000000010011001110000111
00100011101111010000000000111100
10001111101111111111111111001000
00111100000110000000000000000101
00110111000110000000001100001000
11000111000000010000000000000000
01000110000000010000000000000010
10001111101000101111111111001100
11100100010000000000000000001000
10001111101000111111111111101100
00100000000110000000000000000010
00010111000000110000000000000010
00100000000001000000000000000001
00001000000000010000000110100101
10001111101001001111111111011000
00100000000001010000000000000100
00111100000110000000000000000101
00110111000110000000001100001100
11000111000000000000000000000000
10101111101001001111111111001000
10101111101000101111111111001100
00100000101000100000000000000000
10101111101111111111111111000100
00100111101111010000000001000000
00001100000000010011001101110001
00100011101111010000000001000000
10001111101111111111111111000100
00100011001000110000000000000000
00100011001110010000000000101100
10101100011000100000000000101000
10001111101000101111111111001100
10101100011000100000000000100100
10001111101001001111111111010000
10101100011001000000000000100000
10001111101001001111111111010100
10101100011001000000000000011100
10001111101001001111111111001000
10101100011001000000000000011000
10001111101001001111111111011100
10101100011001000000000000010100
10001111101001001111111111100000
10101100011001000000000000010000
10001111101001011111111111100100
10101100011001010000000000001100
10001111101001101111111111101000
10101100011001100000000000001000
10001111101001101111111111101100
10101100011001100000000000000100
10001111101001111111111111110000
10101100011001110000000000000000
10001111101001111111111111110100
00000000000001110100000010000000
10001111101010011111111111111000
00000001001010001100000000100000
10101111000000110000000000000000
00100000000110000000000000000011
00010111000001100000000010001011
11000100100000000000000000000000
00111100000110000000000000000101
00110111000110000000001100001100
11000111000000010000000000000000
01000110000000010000000000110010
01000101000000000000000000000010
00100000000000110000000000000001
00001000000000010000000111011000
00100000000000110000000000000000
00010100000000110000000000100000
00111100000110000000000000000101
00110111000110000000001100001100
11000111000000010000000000000000
01000110000000010000000000110010
01000101000000000000000000000010
00100000000000110000000000000001
00001000000000010000000111100001
00100000000000110000000000000000
00010100000000110000000000010001
00111100000110000000000000000101
00110111000110000000001100001100
11000111000000010000000000000000
01000110000000010000000000111110
01000101000000000000000000000010
00100000000000110000000000000000
00001000000000010000000111101010
00100000000000110000000000000001
00010100000000110000000000000100
00111100000110000000000000000101
00110111000110000000001100000000
11000111000000010000000000000000
00001000000000010000000111110110
00111100000110000000000000000101
00110111000110000000001100000100
11000111000000010000000000000000
00001000000000010000000111110110
00111100000110000000000000000101
00110111000110000000001100001100
11000111000000010000000000000000
01000110000000000000000000000010
01000110000000000000100000000011
00001000000000010000000111111100
00111100000110000000000000000101
00110111000110000000001100001100
11000111000000000000000000000000
11100100100000000000000000000000
11000100100000000000000000000100
00111100000110000000000000000101
00110111000110000000001100001100
11000111000000010000000000000000
01000110000000010000000000110010
01000101000000000000000000000010
00100000000000110000000000000001
00001000000000010000001000000110
00100000000000110000000000000000
00010100000000110000000000100000
00111100000110000000000000000101
00110111000110000000001100001100
11000111000000010000000000000000
01000110000000010000000000110010
01000101000000000000000000000010
00100000000000110000000000000001
00001000000000010000001000001111
00100000000000110000000000000000
00010100000000110000000000010001
00111100000110000000000000000101
00110111000110000000001100001100
11000111000000010000000000000000
01000110000000010000000000111110
01000101000000000000000000000010
00100000000000110000000000000000
00001000000000010000001000011000
00100000000000110000000000000001
00010100000000110000000000000100
00111100000110000000000000000101
00110111000110000000001100000000
11000111000000010000000000000000
00001000000000010000001000100100
00111100000110000000000000000101
00110111000110000000001100000100
11000111000000010000000000000000
00001000000000010000001000100100
00111100000110000000000000000101
00110111000110000000001100001100
11000111000000010000000000000000
01000110000000000000000000000010
01000110000000000000100000000011
00001000000000010000001000101010
00111100000110000000000000000101
00110111000110000000001100001100
11000111000000000000000000000000
11100100100000000000000000000100
11000100100000000000000000001000
00111100000110000000000000000101
00110111000110000000001100001100
11000111000000010000000000000000
01000110000000010000000000110010
01000101000000000000000000000010
00100000000000110000000000000001
00001000000000010000001000110100
00100000000000110000000000000000
00010100000000110000000000100000
00111100000110000000000000000101
00110111000110000000001100001100
11000111000000010000000000000000
01000110000000010000000000110010
01000101000000000000000000000010
00100000000000110000000000000001
00001000000000010000001000111101
00100000000000110000000000000000
00010100000000110000000000010001
00111100000110000000000000000101
00110111000110000000001100001100
11000111000000010000000000000000
01000110000000010000000000111110
01000101000000000000000000000010
00100000000000110000000000000000
00001000000000010000001001000110
00100000000000110000000000000001
00010100000000110000000000000100
00111100000110000000000000000101
00110111000110000000001100000000
11000111000000010000000000000000
00001000000000010000001001010010
00111100000110000000000000000101
00110111000110000000001100000100
11000111000000010000000000000000
00001000000000010000001001010010
00111100000110000000000000000101
00110111000110000000001100001100
11000111000000010000000000000000
01000110000000000000000000000010
01000110000000000000100000000011
00001000000000010000001001011000
00111100000110000000000000000101
00110111000110000000001100001100
11000111000000000000000000000000
11100100100000000000000000001000
00001000000000010000001010010001
00100000000110000000000000000010
00010111000001100000000000110101
10001111101000111111111111011000
00010100000000110000000000000010
00100000000000110000000000000001
00001000000000010000001001100001
00100000000000110000000000000000
11000100100000000000000000000000
01000110000000000000000000000010
11000100100000010000000000000100
01000110000000010000100001000010
01000110000000010000000000000000
11000100100000010000000000001000
01000110000000010000100001000010
01000110000000010000000000000000
10101111101000111111111111000100
10101111101111111111111111000000
00100111101111010000000001000100
00001100000000010011001101111011
00100011101111010000000001000100
10001111101111111111111111000000
00111100000110000000000000000101
00110111000110000000001100001100
11000111000000010000000000000000
01000110000000010000000000110010
01000101000000000000000000000010
00100000000000100000000000000001
00001000000000010000001001110111
00100000000000100000000000000000
00010100000000100000000000001100
10001111101000101111111111000100
00010100000000100000000000000101
00111100000110000000000000000101
00110111000110000000001100000100
11000111000000010000000000000000
01000110000000000000100000000011
00001000000000010000001010000111
00111100000110000000000000000101
00110111000110000000001100000000
11000111000000010000000000000000
01000110000000000000100000000011
00001000000000010000001010000111
00111100000110000000000000000101
00110111000110000000001100000100
11000111000000000000000000000000
10001111101000101111111111100000
11000100010000010000000000000000
01000110000000000000100001000010
11100100010000010000000000000000
11000100010000010000000000000100
01000110000000000000100001000010
11100100010000010000000000000100
11000100010000010000000000001000
01000110000000000000100000000010
11100100010000000000000000001000
10001111101000101111111111100100
00010100000000100000000000000001
00001000000000010000011010100001
10001111101000101111111111001100
11000100010000000000000000000000
00111100000110000000000000000101
00110111000110000000001100001100
11000111000000010000000000000000
01000110000000000000100000111110
01000101000000000000000000000001
00001000000000010000001010011101
01000110000000000000000000000111
00111100000110000000000000000101
00110111000110000000001100011000
11000111000000010000000000000000
11100111101000001111111111000000
10101111101111111111111110111100
00100111101111010000000001001000
00001100000000010000000000000001
00100011101111010000000001001000
10001111101111111111111110111100
01000110000000000000000001000110
11000111101000001111111111000000
10101111101111111111111110111100
00100111101111010000000001001000
00001100000000010000000000001010
00100011101111010000000001001000
10001111101111111111111110111100
11000111101000011111111111111100
01000110000000000000100000111110
01000101000000000000000000000110
01000110000000010000000000000001
00100011001000100000000000000000
00100011001110010000000000001000
11100100010000000000000000000100
10101100010000000000000000000000
00001000000000010000001010111100
00100000000000100000000000000001
00100011001000110000000000000000
00100011001110010000000000001000
11100100011000000000000000000100
10101100011000100000000000000000
00100000011000100000000000000000
11000100010000000000000000000100
10001100010000100000000000000000
00111100000110000000000000000101
00110111000110000000001011111100
11000111000000100000000000000000
01000110000000000001000000111110
01000101000000000000000000001011
00010100000000100000000000000010
00100000000000100000000000000001
00001000000000010000001011000111
00100000000000100000000000000000
01000110000000000000100000000001
00100011001000110000000000000000
00100011001110010000000000001000
11100100011000000000000000000100
10101100011000100000000000000000
00100000011000100000000000000000
00001000000000010000001011010011
00100011001000110000000000000000
00100011001110010000000000001000
11100100011000000000000000000100
10101100011000100000000000000000
00100000011000100000000000000000
11000100010000000000000000000100
10001100010000100000000000000000
00111100000110000000000000000101
00110111000110000000001011111000
11000111000000100000000000000000
01000110000000100000000000111110
01000101000000000000000000101010
00010100000000100000000000010101
01000110000000000000000000000010
00111100000110000000000000000101
00110111000110000000001100000100
11000111000000100000000000000000
00111100000110000000000000000101
00110111000110000000001100010100
11000111000000110000000000000000
00111100000110000000000000000101
00110111000110000000001011101000
11000111000001000000000000000000
00111100000110000000000000000101
00110111000110000000001011100100
11000111000001010000000000000000
01000110000000000010100101000010
01000110000001010010000100000001
01000110000000000010000100000010
01000110000001000001100011000001
01000110000000000001100000000010
01000110000000000001000000000001
01000110000000000000000000000111
00001000000000010000001100110011
01000110000000000000000000000010
00111100000110000000000000000101
00110111000110000000001100000100
11000111000000100000000000000000
00111100000110000000000000000101
00110111000110000000001100010100
11000111000000110000000000000000
00111100000110000000000000000101
00110111000110000000001011101000
11000111000001000000000000000000
00111100000110000000000000000101
00110111000110000000001011100100
11000111000001010000000000000000
01000110000000000010100101000010
01000110000001010010000100000001
01000110000000000010000100000010
01000110000001000001100011000001
01000110000000000001100000000010
01000110000000000001000000000001
00001000000000010000001100110011
00111100000110000000000000000101
00110111000110000000001011111100
11000111000000100000000000000000
01000110000000000001000000000001
00010100000000100000000000010110
01000110000000000000000010000010
00111100000110000000000000000101
00110111000110000000001100000100
11000111000000110000000000000000
00111100000110000000000000000101
00110111000110000000001011110100
11000111000001000000000000000000
00111100000110000000000000000101
00110111000110000000001011110000
11000111000001010000000000000000
00111100000110000000000000000101
00110111000110000000001011101100
11000111000001100000000000000000
01000110000000100011000110000010
01000110000001100010100101000001
01000110000000100010100101000010
01000110000001010010000100000001
01000110000000100010000010000010
01000110000000100001100010000001
01000110000000000001000000000010
01000110000000000000000000000111
00001000000000010000001100110011
01000110000000000000000010000010
00111100000110000000000000000101
00110111000110000000001100000100
11000111000000110000000000000000
00111100000110000000000000000101
00110111000110000000001011110100
11000111000001000000000000000000
00111100000110000000000000000101
00110111000110000000001011110000
11000111000001010000000000000000
00111100000110000000000000000101
00110111000110000000001011101100
11000111000001100000000000000000
01000110000000100011000110000010
01000110000001100010100101000001
01000110000000100010100101000010
01000110000001010010000100000001
01000110000000100010000010000010
01000110000000100001100010000001
01000110000000000001000000000010
10001111101000101111111111001100
11000100010000100000000000000000
00111100000110000000000000000101
00110111000110000000001100001100
11000111000000110000000000000000
01000110000000100001100000111110
01000101000000000000000000000010
00100000000000110000000000000001
00001000000000010000001100111101
00100000000000110000000000000000
00010100000000110000000000000001
01000110000000000001000010000111
00111100000110000000000000000101
00110111000110000000001100011000
11000111000000110000000000000000
11100111101000001111111110111100
10101111101000111111111110111000
11100111101000101111111110110100
01000110000000000001100001000110
01000110000000000001000000000110
10101111101111111111111110110000
00100111101111010000000001010100
00001100000000010000000000000001
00100011101111010000000001010100
10001111101111111111111110110000
01000110000000000000000001000110
11000111101000001111111110110100
10101111101111111111111110110000
00100111101111010000000001010100
00001100000000010000000000001010
00100011101111010000000001010100
10001111101111111111111110110000
11000111101000011111111111111100
01000110000000000000100000111110
01000101000000000000000000001100
10001111101000101111111110111000
00010100000000100000000000000010
00100000000000100000000000000001
00001000000000010000001101011011
00100000000000100000000000000000
01000110000000010000000000000001
00100011001000110000000000000000
00100011001110010000000000001000
11100100011000000000000000000100
10101100011000100000000000000000
00100000011000100000000000000000
00001000000000010000001101100111
00100011001000100000000000000000
00100011001110010000000000001000
11100100010000000000000000000100
10001111101000111111111110111000
10101100010000110000000000000000
11000100010000000000000000000100
10001100010000100000000000000000
00111100000110000000000000000101
00110111000110000000001011111100
11000111000000100000000000000000
01000110000000000001000000111110
01000101000000000000000000000001
01000110000000000000100000000001
00111100000110000000000000000101
00110111000110000000001011111000
11000111000000100000000000000000
01000110000000100000000000111110
01000101000000000000000000101100
00010100000000100000000000010110
01000110000000000000000010000010
00111100000110000000000000000101
00110111000110000000001100000100
11000111000000110000000000000000
00111100000110000000000000000101
00110111000110000000001011110100
11000111000001000000000000000000
00111100000110000000000000000101
00110111000110000000001011110000
11000111000001010000000000000000
00111100000110000000000000000101
00110111000110000000001011101100
11000111000001100000000000000000
01000110000000100011000110000010
01000110000001100010100101000001
01000110000000100010100101000010
01000110000001010010000100000001
01000110000000100010000010000010
01000110000000100001100010000001
01000110000000000001000000000010
01000110000000000000000000000111
00001000000000010000001111001101
01000110000000000000000010000010
00111100000110000000000000000101
00110111000110000000001100000100
11000111000000110000000000000000
00111100000110000000000000000101
00110111000110000000001011110100
11000111000001000000000000000000
00111100000110000000000000000101
00110111000110000000001011110000
11000111000001010000000000000000
00111100000110000000000000000101
00110111000110000000001011101100
11000111000001100000000000000000
01000110000000100011000110000010
01000110000001100010100101000001
01000110000000100010100101000010
01000110000001010010000100000001
01000110000000100010000010000010
01000110000000100001100010000001
01000110000000000001000000000010
00001000000000010000001111001101
00111100000110000000000000000101
00110111000110000000001011111100
11000111000000100000000000000000
01000110000000000001000000000001
00010100000000100000000000010101
01000110000000000000000000000010
00111100000110000000000000000101
00110111000110000000001100000100
11000111000000100000000000000000
00111100000110000000000000000101
00110111000110000000001100010100
11000111000000110000000000000000
00111100000110000000000000000101
00110111000110000000001011101000
11000111000001000000000000000000
00111100000110000000000000000101
00110111000110000000001011100100
11000111000001010000000000000000
01000110000000000010100101000010
01000110000001010010000100000001
01000110000000000010000100000010
01000110000001000001100011000001
01000110000000000001100000000010
01000110000000000001000000000001
01000110000000000000000000000111
00001000000000010000001111001101
01000110000000000000000000000010
00111100000110000000000000000101
00110111000110000000001100000100
11000111000000100000000000000000
00111100000110000000000000000101
00110111000110000000001100010100
11000111000000110000000000000000
00111100000110000000000000000101
00110111000110000000001011101000
11000111000001000000000000000000
00111100000110000000000000000101
00110111000110000000001011100100
11000111000001010000000000000000
01000110000000000010100101000010
01000110000001010010000100000001
01000110000000000010000100000010
01000110000001000001100011000001
01000110000000000001100000000010
01000110000000000001000000000001
10001111101000101111111111001100
11000100010000100000000000000100
00111100000110000000000000000101
00110111000110000000001100001100
11000111000000110000000000000000
01000110000000100001100000111110
01000101000000000000000000000001
00001000000000010000001111010110
01000110000000000001000010000111
00111100000110000000000000000101
00110111000110000000001100011000
11000111000000110000000000000000
11100111101000001111111110110000
11100111101000101111111110101100
01000110000000000001100001000110
01000110000000000001000000000110
10101111101111111111111110101000
00100111101111010000000001011100
00001100000000010000000000000001
00100011101111010000000001011100
10001111101111111111111110101000
01000110000000000000000001000110
11000111101000001111111110101100
10101111101111111111111110101000
00100111101111010000000001011100
00001100000000010000000000001010
00100011101111010000000001011100
10001111101111111111111110101000
11000111101000011111111111111100
01000110000000000000100000111110
01000101000000000000000000000110
01000110000000010000000000000001
00100011001000100000000000000000
00100011001110010000000000001000
11100100010000000000000000000100
10101100010000000000000000000000
00001000000000010000001111111000
00100000000000100000000000000001
00100011001000110000000000000000
00100011001110010000000000001000
11100100011000000000000000000100
10101100011000100000000000000000
00100000011000100000000000000000
11000100010000000000000000000100
10001100010000100000000000000000
00111100000110000000000000000101
00110111000110000000001011111100
11000111000000100000000000000000
01000110000000000001000000111110
01000101000000000000000000001011
00010100000000100000000000000010
00100000000000100000000000000001
00001000000000010000010000000011
00100000000000100000000000000000
01000110000000000000100000000001
00100011001000110000000000000000
00100011001110010000000000001000
11100100011000000000000000000100
10101100011000100000000000000000
00100000011000100000000000000000
00001000000000010000010000001111
00100011001000110000000000000000
00100011001110010000000000001000
11100100011000000000000000000100
10101100011000100000000000000000
00100000011000100000000000000000
11000100010000000000000000000100
10001100010000100000000000000000
00111100000110000000000000000101
00110111000110000000001011111000
11000111000000100000000000000000
01000110000000100000000000111110
01000101000000000000000000101010
00010100000000100000000000010101
01000110000000000000000000000010
00111100000110000000000000000101
00110111000110000000001100000100
11000111000000100000000000000000
00111100000110000000000000000101
00110111000110000000001100010100
11000111000000110000000000000000
00111100000110000000000000000101
00110111000110000000001011101000
11000111000001000000000000000000
00111100000110000000000000000101
00110111000110000000001011100100
11000111000001010000000000000000
01000110000000000010100101000010
01000110000001010010000100000001
01000110000000000010000100000010
01000110000001000001100011000001
01000110000000000001100000000010
01000110000000000001000000000001
01000110000000000000000000000111
00001000000000010000010001101111
01000110000000000000000000000010
00111100000110000000000000000101
00110111000110000000001100000100
11000111000000100000000000000000
00111100000110000000000000000101
00110111000110000000001100010100
11000111000000110000000000000000
00111100000110000000000000000101
00110111000110000000001011101000
11000111000001000000000000000000
00111100000110000000000000000101
00110111000110000000001011100100
11000111000001010000000000000000
01000110000000000010100101000010
01000110000001010010000100000001
01000110000000000010000100000010
01000110000001000001100011000001
01000110000000000001100000000010
01000110000000000001000000000001
00001000000000010000010001101111
00111100000110000000000000000101
00110111000110000000001011111100
11000111000000100000000000000000
01000110000000000001000000000001
00010100000000100000000000010110
01000110000000000000000010000010
00111100000110000000000000000101
00110111000110000000001100000100
11000111000000110000000000000000
00111100000110000000000000000101
00110111000110000000001011110100
11000111000001000000000000000000
00111100000110000000000000000101
00110111000110000000001011110000
11000111000001010000000000000000
00111100000110000000000000000101
00110111000110000000001011101100
11000111000001100000000000000000
01000110000000100011000110000010
01000110000001100010100101000001
01000110000000100010100101000010
01000110000001010010000100000001
01000110000000100010000010000010
01000110000000100001100010000001
01000110000000000001000000000010
01000110000000000000000000000111
00001000000000010000010001101111
01000110000000000000000010000010
00111100000110000000000000000101
00110111000110000000001100000100
11000111000000110000000000000000
00111100000110000000000000000101
00110111000110000000001011110100
11000111000001000000000000000000
00111100000110000000000000000101
00110111000110000000001011110000
11000111000001010000000000000000
00111100000110000000000000000101
00110111000110000000001011101100
11000111000001100000000000000000
01000110000000100011000110000010
01000110000001100010100101000001
01000110000000100010100101000010
01000110000001010010000100000001
01000110000000100010000010000010
01000110000000100001100010000001
01000110000000000001000000000010
10001111101000101111111111001100
11000100010000100000000000000100
00111100000110000000000000000101
00110111000110000000001100001100
11000111000000110000000000000000
01000110000000100001100000111110
01000101000000000000000000000010
00100000000000110000000000000001
00001000000000010000010001111001
00100000000000110000000000000000
00010100000000110000000000000001
01000110000000000001000010000111
00111100000110000000000000000101
00110111000110000000001100011000
11000111000000110000000000000000
11100111101000001111111110101000
10101111101000111111111110100100
11100111101000101111111110100000
01000110000000000001100001000110
01000110000000000001000000000110
10101111101111111111111110011100
00100111101111010000000001101000
00001100000000010000000000000001
00100011101111010000000001101000
10001111101111111111111110011100
01000110000000000000000001000110
11000111101000001111111110100000
10101111101111111111111110011100
00100111101111010000000001101000
00001100000000010000000000001010
00100011101111010000000001101000
10001111101111111111111110011100
11000111101000011111111111111100
01000110000000000000100000111110
01000101000000000000000000001100
10001111101000101111111110100100
00010100000000100000000000000010
00100000000000100000000000000001
00001000000000010000010010010111
00100000000000100000000000000000
01000110000000010000000000000001
00100011001000110000000000000000
00100011001110010000000000001000
11100100011000000000000000000100
10101100011000100000000000000000
00100000011000100000000000000000
00001000000000010000010010100011
00100011001000100000000000000000
00100011001110010000000000001000
11100100010000000000000000000100
10001111101000111111111110100100
10101100010000110000000000000000
11000100010000000000000000000100
10001100010000100000000000000000
00111100000110000000000000000101
00110111000110000000001011111100
11000111000000100000000000000000
01000110000000000001000000111110
01000101000000000000000000000001
01000110000000000000100000000001
00111100000110000000000000000101
00110111000110000000001011111000
11000111000000100000000000000000
01000110000000100000000000111110
01000101000000000000000000101100
00010100000000100000000000010110
01000110000000000000000010000010
00111100000110000000000000000101
00110111000110000000001100000100
11000111000000110000000000000000
00111100000110000000000000000101
00110111000110000000001011110100
11000111000001000000000000000000
00111100000110000000000000000101
00110111000110000000001011110000
11000111000001010000000000000000
00111100000110000000000000000101
00110111000110000000001011101100
11000111000001100000000000000000
01000110000000100011000110000010
01000110000001100010100101000001
01000110000000100010100101000010
01000110000001010010000100000001
01000110000000100010000010000010
01000110000000100001100010000001
01000110000000000001000000000010
01000110000000000000000000000111
00001000000000010000010100001001
01000110000000000000000010000010
00111100000110000000000000000101
00110111000110000000001100000100
11000111000000110000000000000000
00111100000110000000000000000101
00110111000110000000001011110100
11000111000001000000000000000000
00111100000110000000000000000101
00110111000110000000001011110000
11000111000001010000000000000000
00111100000110000000000000000101
00110111000110000000001011101100
11000111000001100000000000000000
01000110000000100011000110000010
01000110000001100010100101000001
01000110000000100010100101000010
01000110000001010010000100000001
01000110000000100010000010000010
01000110000000100001100010000001
01000110000000000001000000000010
00001000000000010000010100001001
00111100000110000000000000000101
00110111000110000000001011111100
11000111000000100000000000000000
01000110000000000001000000000001
00010100000000100000000000010101
01000110000000000000000000000010
00111100000110000000000000000101
00110111000110000000001100000100
11000111000000100000000000000000
00111100000110000000000000000101
00110111000110000000001100010100
11000111000000110000000000000000
00111100000110000000000000000101
00110111000110000000001011101000
11000111000001000000000000000000
00111100000110000000000000000101
00110111000110000000001011100100
11000111000001010000000000000000
01000110000000000010100101000010
01000110000001010010000100000001
01000110000000000010000100000010
01000110000001000001100011000001
01000110000000000001100000000010
01000110000000000001000000000001
01000110000000000000000000000111
00001000000000010000010100001001
01000110000000000000000000000010
00111100000110000000000000000101
00110111000110000000001100000100
11000111000000100000000000000000
00111100000110000000000000000101
00110111000110000000001100010100
11000111000000110000000000000000
00111100000110000000000000000101
00110111000110000000001011101000
11000111000001000000000000000000
00111100000110000000000000000101
00110111000110000000001011100100
11000111000001010000000000000000
01000110000000000010100101000010
01000110000001010010000100000001
01000110000000000010000100000010
01000110000001000001100011000001
01000110000000000001100000000010
01000110000000000001000000000001
10001111101000101111111111001100
11000100010000100000000000001000
00111100000110000000000000000101
00110111000110000000001100001100
11000111000000110000000000000000
01000110000000100001100000111110
01000101000000000000000000000001
00001000000000010000010100010010
01000110000000000001000010000111
00111100000110000000000000000101
00110111000110000000001100011000
11000111000000110000000000000000
11100111101000001111111110011100
11100111101000101111111110011000
01000110000000000001100001000110
01000110000000000001000000000110
10101111101111111111111110010100
00100111101111010000000001110000
00001100000000010000000000000001
00100011101111010000000001110000
10001111101111111111111110010100
01000110000000000000000001000110
11000111101000001111111110011000
10101111101111111111111110010100
00100111101111010000000001110000
00001100000000010000000000001010
00100011101111010000000001110000
10001111101111111111111110010100
11000111101000011111111111111100
01000110000000000000100000111110
01000101000000000000000000000110
01000110000000010000000000000001
00100011001000100000000000000000
00100011001110010000000000001000
11100100010000000000000000000100
10101100010000000000000000000000
00001000000000010000010100110100
00100000000000100000000000000001
00100011001000110000000000000000
00100011001110010000000000001000
11100100011000000000000000000100
10101100011000100000000000000000
00100000011000100000000000000000
11000100010000000000000000000100
10001100010000100000000000000000
00111100000110000000000000000101
00110111000110000000001011111100
11000111000000100000000000000000
01000110000000000001000000111110
01000101000000000000000000001011
00010100000000100000000000000010
00100000000000100000000000000001
00001000000000010000010100111111
00100000000000100000000000000000
01000110000000000000100000000001
00100011001000110000000000000000
00100011001110010000000000001000
11100100011000000000000000000100
10101100011000100000000000000000
00100000011000100000000000000000
00001000000000010000010101001011
00100011001000110000000000000000
00100011001110010000000000001000
11100100011000000000000000000100
10101100011000100000000000000000
00100000011000100000000000000000
11000100010000000000000000000100
10001100010000100000000000000000
00111100000110000000000000000101
00110111000110000000001011111000
11000111000000100000000000000000
01000110000000100000000000111110
01000101000000000000000000101010
00010100000000100000000000010101
01000110000000000000000000000010
00111100000110000000000000000101
00110111000110000000001100000100
11000111000000100000000000000000
00111100000110000000000000000101
00110111000110000000001100010100
11000111000000110000000000000000
00111100000110000000000000000101
00110111000110000000001011101000
11000111000001000000000000000000
00111100000110000000000000000101
00110111000110000000001011100100
11000111000001010000000000000000
01000110000000000010100101000010
01000110000001010010000100000001
01000110000000000010000100000010
01000110000001000001100011000001
01000110000000000001100000000010
01000110000000000001000000000001
01000110000000000000000000000111
00001000000000010000010110101011
01000110000000000000000000000010
00111100000110000000000000000101
00110111000110000000001100000100
11000111000000100000000000000000
00111100000110000000000000000101
00110111000110000000001100010100
11000111000000110000000000000000
00111100000110000000000000000101
00110111000110000000001011101000
11000111000001000000000000000000
00111100000110000000000000000101
00110111000110000000001011100100
11000111000001010000000000000000
01000110000000000010100101000010
01000110000001010010000100000001
01000110000000000010000100000010
01000110000001000001100011000001
01000110000000000001100000000010
01000110000000000001000000000001
00001000000000010000010110101011
00111100000110000000000000000101
00110111000110000000001011111100
11000111000000100000000000000000
01000110000000000001000000000001
00010100000000100000000000010110
01000110000000000000000010000010
00111100000110000000000000000101
00110111000110000000001100000100
11000111000000110000000000000000
00111100000110000000000000000101
00110111000110000000001011110100
11000111000001000000000000000000
00111100000110000000000000000101
00110111000110000000001011110000
11000111000001010000000000000000
00111100000110000000000000000101
00110111000110000000001011101100
11000111000001100000000000000000
01000110000000100011000110000010
01000110000001100010100101000001
01000110000000100010100101000010
01000110000001010010000100000001
01000110000000100010000010000010
01000110000000100001100010000001
01000110000000000001000000000010
01000110000000000000000000000111
00001000000000010000010110101011
01000110000000000000000010000010
00111100000110000000000000000101
00110111000110000000001100000100
11000111000000110000000000000000
00111100000110000000000000000101
00110111000110000000001011110100
11000111000001000000000000000000
00111100000110000000000000000101
00110111000110000000001011110000
11000111000001010000000000000000
00111100000110000000000000000101
00110111000110000000001011101100
11000111000001100000000000000000
01000110000000100011000110000010
01000110000001100010100101000001
01000110000000100010100101000010
01000110000001010010000100000001
01000110000000100010000010000010
01000110000000100001100010000001
01000110000000000001000000000010
10001111101000101111111111001100
11000100010000100000000000001000
00111100000110000000000000000101
00110111000110000000001100001100
11000111000000110000000000000000
01000110000000100001100000111110
01000101000000000000000000000010
00100000000000110000000000000001
00001000000000010000010110110101
00100000000000110000000000000000
00010100000000110000000000000001
01000110000000000001000010000111
00111100000110000000000000000101
00110111000110000000001100011000
11000111000000110000000000000000
11100111101000001111111110010100
10101111101000111111111110010000
11100111101000101111111110001100
01000110000000000001100001000110
01000110000000000001000000000110
10101111101111111111111110001000
00100111101111010000000001111100
00001100000000010000000000000001
00100011101111010000000001111100
10001111101111111111111110001000
01000110000000000000000001000110
11000111101000001111111110001100
10101111101111111111111110001000
00100111101111010000000001111100
00001100000000010000000000001010
00100011101111010000000001111100
10001111101111111111111110001000
11000111101000011111111111111100
01000110000000000000100000111110
01000101000000000000000000001100
10001111101000101111111110010000
00010100000000100000000000000010
00100000000000100000000000000001
00001000000000010000010111010011
00100000000000100000000000000000
01000110000000010000000000000001
00100011001000110000000000000000
00100011001110010000000000001000
11100100011000000000000000000100
10101100011000100000000000000000
00100000011000100000000000000000
00001000000000010000010111011111
00100011001000100000000000000000
00100011001110010000000000001000
11100100010000000000000000000100
10001111101000111111111110010000
10101100010000110000000000000000
11000100010000000000000000000100
10001100010000100000000000000000
00111100000110000000000000000101
00110111000110000000001011111100
11000111000000100000000000000000
01000110000000000001000000111110
01000101000000000000000000000001
01000110000000000000100000000001
00111100000110000000000000000101
00110111000110000000001011111000
11000111000000010000000000000000
01000110000000010000000000111110
01000101000000000000000000101100
00010100000000100000000000010110
01000110000000000000000001000010
00111100000110000000000000000101
00110111000110000000001100000100
11000111000000100000000000000000
00111100000110000000000000000101
00110111000110000000001011110100
11000111000000110000000000000000
00111100000110000000000000000101
00110111000110000000001011110000
11000111000001000000000000000000
00111100000110000000000000000101
00110111000110000000001011101100
11000111000001010000000000000000
01000110000000010010100101000010
01000110000001010010000100000001
01000110000000010010000100000010
01000110000001000001100011000001
01000110000000010001100001000010
01000110000000010001000001000001
01000110000000000000100000000010
01000110000000000000000000000111
00001000000000010000011001000101
01000110000000000000000001000010
00111100000110000000000000000101
00110111000110000000001100000100
11000111000000100000000000000000
00111100000110000000000000000101
00110111000110000000001011110100
11000111000000110000000000000000
00111100000110000000000000000101
00110111000110000000001011110000
11000111000001000000000000000000
00111100000110000000000000000101
00110111000110000000001011101100
11000111000001010000000000000000
01000110000000010010100101000010
01000110000001010010000100000001
01000110000000010010000100000010
01000110000001000001100011000001
01000110000000010001100001000010
01000110000000010001000001000001
01000110000000000000100000000010
00001000000000010000011001000101
00111100000110000000000000000101
00110111000110000000001011111100
11000111000000010000000000000000
01000110000000000000100000000001
00010100000000100000000000010101
01000110000000000000000000000010
00111100000110000000000000000101
00110111000110000000001100000100
11000111000000010000000000000000
00111100000110000000000000000101
00110111000110000000001100010100
11000111000000100000000000000000
00111100000110000000000000000101
00110111000110000000001011101000
11000111000000110000000000000000
00111100000110000000000000000101
00110111000110000000001011100100
11000111000001000000000000000000
01000110000000000010000100000010
01000110000001000001100011000001
01000110000000000001100011000010
01000110000000110001000010000001
01000110000000000001000000000010
01000110000000000000100000000001
01000110000000000000000000000111
00001000000000010000011001000101
01000110000000000000000000000010
00111100000110000000000000000101
00110111000110000000001100000100
11000111000000010000000000000000
00111100000110000000000000000101
00110111000110000000001100010100
11000111000000100000000000000000
00111100000110000000000000000101
00110111000110000000001011101000
11000111000000110000000000000000
00111100000110000000000000000101
00110111000110000000001011100100
11000111000001000000000000000000
01000110000000000010000100000010
01000110000001000001100011000001
01000110000000000001100011000010
01000110000000110001000010000001
01000110000000000001000000000010
01000110000000000000100000000001
11000111101000011111111110010100
11000111101000101111111110101000
01000110000000010001000011000010
11000111101001001111111110011100
11000111101001011111111110110000
01000110000001000010100110000010
01000110000000010011000111000010
11000111101010001111111110111100
01000110000000000100001001000010
01000110000010010011100111000001
01000110000001000100001001000010
01000110000000010100101010000010
01000110000000000010101011000010
01000110000010110101001010000000
01000110000000000001001011000010
01000110000000000011000110000010
01000110000000010100001100000010
01000110000011000011000110000000
01000110000000000100100000000010
01000110000000010010100001000010
01000110000000010000000000000001
01000110000000000010000001000111
01000110000000100010100100000010
01000110000000100100000010000010
10001111101000101111111111100000
11000100010001010000000000000000
11000100010010000000000000000100
11000100010010010000000000001000
01000110000000110001101100000010
01000110000011000010101100000010
01000110000010110101101101000010
01000110000011010100001101000010
01000110000011010110001100000000
01000110000000010000101101000010
01000110000011010100101101000010
01000110000011010110001100000000
11100100010011000000000000000000
01000110000001110011101100000010
01000110000011000010101100000010
01000110000001100011001101000010
01000110000011010100001101000010
01000110000011010110001100000000
01000110000001000010001101000010
01000110000011010100101101000010
01000110000011010110001100000000
11100100010011000000000000000100
01000110000010100101001100000010
01000110000011000010101100000010
01000110000000000000001101000010
01000110000011010100001101000010
01000110000011010110001100000000
01000110000000100001001101000010
01000110000011010100101101000010
01000110000011010110001100000000
11100100010011000000000000001000
00111100000110000000000000000101
00110111000110000000001100011100
11000111000011000000000000000000
01000110000001110010101101000010
01000110000010100110101101000010
01000110000001100100001110000010
01000110000000000111001110000010
01000110000011100110101101000000
01000110000001000100101110000010
01000110000000100111001110000010
01000110000011100110101101000000
01000110000011010110001100000010
10001111101000101111111111001100
11100100010011000000000000000000
00111100000110000000000000000101
00110111000110000000001100011100
11000111000011000000000000000000
01000110000000110010100011000010
01000110000010100001100101000010
01000110000010110100001000000010
01000110000000000100000000000010
01000110000000000010100000000000
01000110000000010100100001000010
01000110000000100000100010000010
01000110000000100000000000000000
01000110000000000110000000000010
11100100010000000000000000000100
00111100000110000000000000000101
00110111000110000000001100011100
11000111000000000000000000000000
01000110000001110001100010000010
01000110000001100100000011000010
01000110000000110001000010000000
01000110000001000000100001000010
01000110000000010001000001000000
01000110000000010000000000000010
11100100010000000000000000001000
00100000000000100000000000000001
00010100000000100000000000000100
10001111101000100000000000000000
10001111101000111111111111110100
10101100010000110000000000000000
00000011111000000000000000001000
10001111101000101111111111110100
00100000010000100000000000000001
00001000000000010000000011000000
10101111101000100000000000000000
10101111101111111111111111111100
00100111101111010000000000001000
00001100000000010011001110000101
00100011101111010000000000001000
10001111101111111111111111111100
00100000000110001111111111111111
00010111000000100000000000000100
10001111101000100000000000000000
00100000010000100000000000000001
00100000000000111111111111111111
00001000000000010011001101101001
10001111101000110000000000000000
00100000011001000000000000000001
10101111101000101111111111111100
00100000100000100000000000000000
10101111101111111111111111111000
00100111101111010000000000001100
00001100000000010000011010101010
00100011101111010000000000001100
10001111101111111111111111111000
10001111101000110000000000000000
00000000000000110001100010000000
10001111101001001111111111111100
00000000010000111100000000100000
10101111000001000000000000000000
00000011111000000000000000001000
10101111101000100000000000000000
00100000000000100000000000000000
10101111101111111111111111111100
00100111101111010000000000001000
00001100000000010000011010101010
00100011101111010000000000001000
10001111101111111111111111111100
00100000010000110000000000000000
10001100011000100000000000000000
00100000000110001111111111111111
00010111000000100000000000000011
10001111101000100000000000000000
00100000010000100000000000000001
00001000000000010011001101101001
10001111101000100000000000000000
00100000010001000000000000000001
10101111101000111111111111111100
00100000100000100000000000000000
10101111101111111111111111111000
00100111101111010000000000001100
00001100000000010000011011000101
00100011101111010000000000001100
10001111101111111111111111111000
10001111101000110000000000000000
00000000000000110001100010000000
10001111101001001111111111111100
00000000010000111100000000100000
10101111000001000000000000000000
00000011111000000000000000001000
10101111101000100000000000000000
00100000000000100000000000000000
10101111101111111111111111111100
00100111101111010000000000001000
00001100000000010000011010101010
00100011101111010000000000001000
10001111101111111111111111111100
10001100010000110000000000000000
00111100000001000000001000000000
00110100100001000000000101001100
00100000000110001111111111111111
00010111000000110000000000000001
00000011111000000000000000001000
10001111101000110000000000000000
00000000000000110010100010000000
00000000100001011100000000100000
10101111000000100000000000000000
00100000011000100000000000000001
00001000000000010000011011100010
00111100000001000000001000000000
00110100100001000000000000110000
00101000011110000000000000000000
00010111000000000000000101110111
00000000000000110010100010000000
00000000100001011100000000100000
10001111000001000000000000000000
10001100010001010000000000000100
10001100010001100000000000000000
10001100100001110000000000000100
10101111101000100000000000000000
00100000000110000000000000000001
00010111000001110000000010011001
00100000000001110000000000000110
00111100000110000000000000000101
00110111000110000000001100001100
11000111000000000000000000000000
10101111101001011111111111111100
10101111101000111111111111111000
10101111101001001111111111110100
10101111101001101111111111110000
00100000111000100000000000000000
10101111101111111111111111101100
00100111101111010000000000011000
00001100000000010011001101110001
00100011101111010000000000011000
10001111101111111111111111101100
10001111101000111111111111110000
11000100011000000000000000000000
00111100000110000000000000000101
00110111000110000000001100001100
11000111000000010000000000000000
01000110000000010000000000110010
01000101000000000000000000000010
00100000000001000000000000000001
00001000000000010000011100011010
00100000000001000000000000000000
00010100000001000000000000011110
10001111101001001111111111110100
10001100100001010000000000011000
11000100011000000000000000000000
00111100000110000000000000000101
00110111000110000000001100001100
11000111000000010000000000000000
01000110000000000000100000111110
01000101000000000000000000000010
00100000000001100000000000000000
00001000000000010000011100100110
00100000000001100000000000000001
00010100000001010000000000000010
00100000110001010000000000000000
00001000000000010000011100101101
00010100000001100000000000000010
00100000000001010000000000000001
00001000000000010000011100101101
00100000000001010000000000000000
10001100100001100000000000010000
11000100110000000000000000000000
00010100000001010000000000000001
01000110000000000000000000000111
11100100010000000000000000000000
00111100000110000000000000000101
00110111000110000000001100000100
11000111000000000000000000000000
11000100011000010000000000000000
01000110000000010000000000000011
11100100010000000000000000000100
00001000000000010000011100111101
00111100000110000000000000000101
00110111000110000000001100001100
11000111000000000000000000000000
11100100010000000000000000000100
11000100011000000000000000000100
00111100000110000000000000000101
00110111000110000000001100001100
11000111000000010000000000000000
01000110000000010000000000110010
01000101000000000000000000000010
00100000000001000000000000000001
00001000000000010000011101000110
00100000000001000000000000000000
00010100000001000000000000011110
10001111101001001111111111110100
10001100100001010000000000011000
11000100011000000000000000000100
00111100000110000000000000000101
00110111000110000000001100001100
11000111000000010000000000000000
01000110000000000000100000111110
01000101000000000000000000000010
00100000000001100000000000000000
00001000000000010000011101010010
00100000000001100000000000000001
00010100000001010000000000000010
00100000110001010000000000000000
00001000000000010000011101011001
00010100000001100000000000000010
00100000000001010000000000000001
00001000000000010000011101011001
00100000000001010000000000000000
10001100100001100000000000010000
11000100110000000000000000000100
00010100000001010000000000000001
01000110000000000000000000000111
11100100010000000000000000001000
00111100000110000000000000000101
00110111000110000000001100000100
11000111000000000000000000000000
11000100011000010000000000000100
01000110000000010000000000000011
11100100010000000000000000001100
00001000000000010000011101101001
00111100000110000000000000000101
00110111000110000000001100001100
11000111000000000000000000000000
11100100010000000000000000001100
11000100011000000000000000001000
00111100000110000000000000000101
00110111000110000000001100001100
11000111000000010000000000000000
01000110000000010000000000110010
01000101000000000000000000000010
00100000000001000000000000000001
00001000000000010000011101110010
00100000000001000000000000000000
00010100000001000000000000011110
10001111101001001111111111110100
10001100100001010000000000011000
11000100011000000000000000001000
00111100000110000000000000000101
00110111000110000000001100001100
11000111000000010000000000000000
01000110000000000000100000111110
01000101000000000000000000000010
00100000000001100000000000000000
00001000000000010000011101111110
00100000000001100000000000000001
00010100000001010000000000000010
00100000110001010000000000000000
00001000000000010000011110000101
00010100000001100000000000000010
00100000000001010000000000000001
00001000000000010000011110000101
00100000000001010000000000000000
10001100100001000000000000010000
11000100100000000000000000001000
00010100000001010000000000000001
01000110000000000000000000000111
11100100010000000000000000010000
00111100000110000000000000000101
00110111000110000000001100000100
11000111000000000000000000000000
11000100011000010000000000001000
01000110000000010000000000000011
11100100010000000000000000010100
00001000000000010000011110010101
00111100000110000000000000000101
00110111000110000000001100001100
11000111000000000000000000000000
11100100010000000000000000010100
10001111101000111111111111111000
00000000000000110010000010000000
10001111101001011111111111111100
00000000101001001100000000100000
10101111000000100000000000000000
00001000000000010000100001101101
00100000000110000000000000000010
00010111000001110000000001000110
00100000000001110000000000000100
00111100000110000000000000000101
00110111000110000000001100001100
11000111000000000000000000000000
10101111101001011111111111111100
10101111101000111111111111111000
10101111101001001111111111110100
10101111101001101111111111110000
00100000111000100000000000000000
10101111101111111111111111101100
00100111101111010000000000011000
00001100000000010011001101110001
00100011101111010000000000011000
10001111101111111111111111101100
10001111101000111111111111110000
11000100011000000000000000000000
10001111101001001111111111110100
10001100100001010000000000010000
11000100101000010000000000000000
01000110000000010000000000000010
11000100011000010000000000000100
10001100100001010000000000010000
11000100101000100000000000000100
01000110000000100000100001000010
01000110000000010000000000000000
11000100011000010000000000001000
10001100100000110000000000010000
11000100011000100000000000001000
01000110000000100000100001000010
01000110000000010000000000000000
00111100000110000000000000000101
00110111000110000000001100001100
11000111000000010000000000000000
01000110000000010000000000111110
01000101000000000000000000000010
00100000000000110000000000000000
00001000000000010000011111000011
00100000000000110000000000000001
00010100000000110000000000000101
00111100000110000000000000000101
00110111000110000000001100001100
11000111000000000000000000000000
11100100010000000000000000000000
00001000000000010000011111011101
00111100000110000000000000000101
00110111000110000000001100000000
11000111000000010000000000000000
01000110000000000000100001000011
11100100010000010000000000000000
10001100100000110000000000010000
11000100011000010000000000000000
01000110000000000000100001000011
01000110000000000000100001000111
11100100010000010000000000000100
10001100100000110000000000010000
11000100011000010000000000000100
01000110000000000000100001000011
01000110000000000000100001000111
11100100010000010000000000001000
10001100100000110000000000010000
11000100011000010000000000001000
01000110000000000000100000000011
01000110000000000000000000000111
11100100010000000000000000001100
10001111101000111111111111111000
00000000000000110010000010000000
10001111101001011111111111111100
00000000101001001100000000100000
10101111000000100000000000000000
00001000000000010000100001101101
00100000000001110000000000000101
00111100000110000000000000000101
00110111000110000000001100001100
11000111000000000000000000000000
10101111101001011111111111111100
10101111101000111111111111111000
10101111101001001111111111110100
10101111101001101111111111110000
00100000111000100000000000000000
10101111101111111111111111101100
00100111101111010000000000011000
00001100000000010011001101110001
00100011101111010000000000011000
10001111101111111111111111101100
10001111101000111111111111110000
11000100011000000000000000000000
11000100011000010000000000000100
11000100011000100000000000001000
01000110000000000000000011000010
10001111101001001111111111110100
10001100100001010000000000010000
11000100101001000000000000000000
01000110000001000001100011000010
01000110000000010000100100000010
10001100100001010000000000010000
11000100101001010000000000000100
01000110000001010010000100000010
01000110000001000001100011000000
01000110000000100001000100000010
10001100100001010000000000010000
11000100101001010000000000001000
01000110000001010010000100000010
01000110000001000001100011000000
10001100100001010000000000001100
00010100000001010000000000000010
01000110000000000001100000000110
00001000000000010000100000010111
01000110000000100000100100000010
10001100100001010000000000100100
11000100101001010000000000000000
01000110000001010010000100000010
01000110000001000001100011000000
01000110000000000001000010000010
10001100100001010000000000100100
11000100101001000000000000000100
01000110000001000001000010000010
01000110000000100001100010000000
01000110000000010000000000000010
10001100100001010000000000100100
11000100101000010000000000001000
01000110000000010000000000000010
01000110000000000001000000000000
11000100011000010000000000000000
10001100100001010000000000010000
11000100101000100000000000000000
01000110000000100000100001000010
01000110000000000000100001000111
11000100011000100000000000000100
10001100100001010000000000010000
11000100101000110000000000000100
01000110000000110001000010000010
01000110000000000001000010000111
11000100011000110000000000001000
10001100100001010000000000010000
11000100101001000000000000001000
01000110000001000001100011000010
01000110000000000001100011000111
11100100010000000000000000000000
10001100100001010000000000001100
00010100000001010000000000000100
11100100010000010000000000000100
11100100010000100000000000001000
11100100010000110000000000001100
00001000000000010000100001011010
11000100011001000000000000001000
10001100100001010000000000100100
11000100101001010000000000000100
01000110000001010010000100000010
11000100011001010000000000000100
10001100100001010000000000100100
11000100101001100000000000001000
01000110000001100010100101000010
01000110000001010010000100000000
00111100000110000000000000000101
00110111000110000000001100010100
11000111000001010000000000000000
01000110000001010010000100000010
01000110000001000000100001000001
11100100010000010000000000000100
11000100011000010000000000001000
10001100100001010000000000100100
11000100101001000000000000000000
01000110000001000000100001000010
11000100011001000000000000000000
10001100100001010000000000100100
11000100101001010000000000001000
01000110000001010010000100000010
01000110000001000000100001000000
00111100000110000000000000000101
00110111000110000000001100010100
11000111000001000000000000000000
01000110000001000000100001000010
01000110000000010001000001000001
11100100010000010000000000001000
11000100011000010000000000000100
10001100100001010000000000100100
11000100101000100000000000000000
01000110000000100000100001000010
11000100011000100000000000000000
10001100100000110000000000100100
11000100011001000000000000000100
01000110000001000001000010000010
01000110000000100000100001000000
00111100000110000000000000000101
00110111000110000000001100010100
11000111000000100000000000000000
01000110000000100000100001000010
01000110000000010001100001000001
11100100010000010000000000001100
00111100000110000000000000000101
00110111000110000000001100001100
11000111000000010000000000000000
01000110000000010000000000110010
01000101000000000000000000000010
00100000000000110000000000000001
00001000000000010000100001100010
00100000000000110000000000000000
00010100000000110000000000000101
00111100000110000000000000000101
00110111000110000000001100000100
11000111000000010000000000000000
01000110000000000000100000000011
11100100010000000000000000010000
10001111101000111111111111111000
00000000000000110010000010000000
10001111101001011111111111111100
00000000101001001100000000100000
10101111000000100000000000000000
00100100011000110000000000000001
10001111101000100000000000000000
00001000000000010000011011110101
00000011111000000000000000001000
00111100000001000000001000000000
00110100100001000000000000110000
00101000011110000000000000000000
00010111000000000000000001010100
00000000000000110010100010000000
00000000100001011100000000100000
10001111000001000000000000000000
10001100100001010000000000101000
10001100100001100000000000000100
11000100010000000000000000000000
10001100100001110000000000010100
11000100111000010000000000000000
01000110000000010000000000000001
11100100101000000000000000000000
11000100010000000000000000000100
10001100100001110000000000010100
11000100111000010000000000000100
01000110000000010000000000000001
11100100101000000000000000000100
11000100010000000000000000001000
10001100100001110000000000010100
11000100111000010000000000001000
01000110000000010000000000000001
11100100101000000000000000001000
00100000000110000000000000000010
00010111000001100000000000001110
10001100100001000000000000010000
11000100101000000000000000000000
11000100101000010000000000000100
11000100101000100000000000001000
11000100100000110000000000000000
01000110000000000001100000000010
11000100100000110000000000000100
01000110000000010001100001000010
01000110000000010000000000000000
11000100100000010000000000001000
01000110000000100000100001000010
01000110000000010000000000000000
11100100101000000000000000001100
00001000000000010000100011000111
00101100110110000000000000000010
00010111000000000000000000000001
00001000000000010000100011000111
11000100101000000000000000000000
11000100101000010000000000000100
11000100101000100000000000001000
01000110000000000000000011000010
10001100100001110000000000010000
11000100111001000000000000000000
01000110000001000001100011000010
01000110000000010000100100000010
10001100100001110000000000010000
11000100111001010000000000000100
01000110000001010010000100000010
01000110000001000001100011000000
01000110000000100001000100000010
10001100100001110000000000010000
11000100111001010000000000001000
01000110000001010010000100000010
01000110000001000001100011000000
10001100100001110000000000001100
00010100000001110000000000000010
01000110000000000001100000000110
00001000000000010000100011000000
01000110000000100000100100000010
10001100100001110000000000100100
11000100111001010000000000000000
01000110000001010010000100000010
01000110000001000001100011000000
01000110000000000001000010000010
10001100100001110000000000100100
11000100111001000000000000000100
01000110000001000001000010000010
01000110000000100001100010000000
01000110000000010000000000000010
10001100100001000000000000100100
11000100100000010000000000001000
01000110000000010000000000000010
01000110000000000001000000000000
00100000000110000000000000000011
00010111000001100000000000000100
00111100000110000000000000000101
00110111000110000000001100000100
11000111000000010000000000000000
01000110000000010000000000000001
11100100101000000000000000001100
00100100011000110000000000000001
00001000000000010000100001110001
00000011111000000000000000001000
00000000000000100010000010000000
00000000011001001100000000100000
10001111000001000000000000000000
00111100000001010000001000000000
00110100101001010000000000110000
00100000000110001111111111111111
00010111000001000000000000000010
00100000000000100000000000000001
00000011111000000000000000001000
00000000000001000010000010000000
00000000101001001100000000100000
10001111000001000000000000000000
10001100100001010000000000010100
11000100101000110000000000000000
01000110000000110000000011000001
10001100100001010000000000010100
11000100101001000000000000000100
01000110000001000000100100000001
10001100100001010000000000010100
11000100101001010000000000001000
01000110000001010001000101000001
10001100100001010000000000000100
11100111101000100000000000000000
11100111101000011111111111111100
11100111101000001111111111111000
10101111101000111111111111110100
10101111101000101111111111110000
00100000000110000000000000000001
00010111000001010000000000111100
11100111101001011111111111101100
11100111101001001111111111101000
10101111101001001111111111100100
01000110000000000001100000000110
10101111101111111111111111100000
00100111101111010000000000100100
00001100000000010011001101111001
00100011101111010000000000100100
10001111101111111111111111100000
10001111101000101111111111100100
10001100010000110000000000010000
11000100011000010000000000000000
01000110000000000000100000111110
01000101000000000000000000000010
00100000000000110000000000000000
00001000000000010000100011111000
00100000000000110000000000000001
00010100000000110000000000000010
00100000000000110000000000000000
00001000000000010000100100011010
11000111101000001111111111101000
10101111101111111111111111100000
00100111101111010000000000100100
00001100000000010011001101111001
00100011101111010000000000100100
10001111101111111111111111100000
10001111101000101111111111100100
10001100010000110000000000010000
11000100011000010000000000000100
01000110000000000000100000111110
01000101000000000000000000000010
00100000000000110000000000000000
00001000000000010000100100001001
00100000000000110000000000000001
00010100000000110000000000000010
00100000000000110000000000000000
00001000000000010000100100011010
11000111101000001111111111101100
10101111101111111111111111100000
00100111101111010000000000100100
00001100000000010011001101111001
00100011101111010000000000100100
10001111101111111111111111100000
10001111101000101111111111100100
10001100010000110000000000010000
11000100011000010000000000001000
01000110000000000000100000111110
01000101000000000000000000000010
00100000000000110000000000000000
00001000000000010000100100011010
00100000000000110000000000000001
00010100000000110000000000000110
10001100010000100000000000011000
00010100000000100000000000000010
00100000000000100000000000000001
00001000000000010000100101111111
00100000000000100000000000000000
00001000000000010000100101111111
10001100010000100000000000011000
00001000000000010000100101111111
00100000000110000000000000000010
00010111000001010000000000011110
10001100100001010000000000010000
11000100101001100000000000000000
01000110000000110011000011000010
11000100101001100000000000000100
01000110000001000011000100000010
01000110000001000001100011000000
11000100101001000000000000001000
01000110000001010010000100000010
01000110000001000001100011000000
10001100100001000000000000011000
00111100000110000000000000000101
00110111000110000000001100001100
11000111000001000000000000000000
01000110000000110010000000111110
01000101000000000000000000000010
00100000000001010000000000000000
00001000000000010000100100110111
00100000000001010000000000000001
00010100000001000000000000000010
00100000101001000000000000000000
00001000000000010000100100111110
00010100000001010000000000000010
00100000000001000000000000000001
00001000000000010000100100111110
00100000000001000000000000000000
00010100000001000000000000000010
00100000000000100000000000000001
00001000000000010000100101111111
00100000000000100000000000000000
00001000000000010000100101111111
01000110000000110001100110000010
10001100100001010000000000010000
11000100101001110000000000000000
01000110000001110011000110000010
01000110000001000010000111000010
10001100100001010000000000010000
11000100101010000000000000000100
01000110000010000011100111000010
01000110000001110011000110000000
01000110000001010010100111000010
10001100100001010000000000010000
11000100101010000000000000001000
01000110000010000011100111000010
01000110000001110011000110000000
10001100100001010000000000001100
00010100000001010000000000000010
01000110000000000011000011000110
00001000000000010000100101100100
01000110000001010010000111000010
10001100100001010000000000100100
11000100101010000000000000000000
01000110000010000011100111000010
01000110000001110011000110000000
01000110000000110010100101000010
10001100100001010000000000100100
11000100101001110000000000000100
01000110000001110010100101000010
01000110000001010011000101000000
01000110000001000001100011000010
10001100100001010000000000100100
11000100101001000000000000001000
01000110000001000001100011000010
01000110000000110010100011000000
10001100100001010000000000000100
00100000000110000000000000000011
00010111000001010000000000000100
00111100000110000000000000000101
00110111000110000000001100000100
11000111000001000000000000000000
01000110000001000001100011000001
10001100100001000000000000011000
00111100000110000000000000000101
00110111000110000000001100001100
11000111000001000000000000000000
01000110000000110010000000111110
01000101000000000000000000000010
00100000000001010000000000000000
00001000000000010000100101110100
00100000000001010000000000000001
00010100000001000000000000000010
00100000101001000000000000000000
00001000000000010000100101111011
00010100000001010000000000000010
00100000000001000000000000000001
00001000000000010000100101111011
00100000000001000000000000000000
00010100000001000000000000000010
00100000000000100000000000000001
00001000000000010000100101111111
00100000000000100000000000000000
00010100000000100000000000000111
10001111101000101111111111110000
00100000010000100000000000000001
11000111101000001111111111111000
11000111101000011111111111111100
11000111101000100000000000000000
10001111101000111111111111110100
00001000000000010000100011001010
00100000000000100000000000000000
00000011111000000000000000001000
00000000000000100010000010000000
00000000011001001100000000100000
10001111000001000000000000000000
00111100000001010000001000000000
00110100101001010000001000101000
00111100000001100000001000000000
00110100110001100000000100111000
00111100000001110000001000000000
00110100111001110000001111011100
00111100000010000000001000000000
00110101000010000000000000110000
00111100000010010000001000000000
00110101001010010000001000011100
00100000000110001111111111111111
00010111000001000000000000000010
00100000000000100000000000000000
00000011111000000000000000001000
00000000000000100010000010000000
00000000011001001100000000100000
10001111000001000000000000000000
00000000000001000101000010000000
00000001000010101100000000100000
10001111000010100000000000000000
11000100101000000000000000000000
10001101010010110000000000010100
11000101011000010000000000000000
01000110000000010000000000000001
11000100101000010000000000000100
10001101010010110000000000010100
11000101011000100000000000000100
01000110000000100000100001000001
11000100101000100000000000001000
10001101010010110000000000010100
11000101011000110000000000001000
01000110000000110001000010000001
10001100111010110000000000000100
00000000000001000110000010000000
00000001011011001100000000100000
10001111000010110000000000000000
10001101010011000000000000000100
10101111101001010000000000000000
10101111101001101111111111111100
10101111101000111111111111111000
10101111101000101111111111110100
10101111101010001111111111110000
10101111101001001111111111101100
10101111101010011111111111101000
00100000000110000000000000000001
00010111000011000000000011011010
10001100111001110000000000000000
11000101011000110000000000000000
01000110000000000001100011000001
11000101011001000000000000000100
01000110000001000001100011000010
11000100111001000000000000000100
01000110000001000001100100000010
01000110000000010010000100000000
11100111101000001111111111100100
11100111101000011111111111100000
10101111101010111111111111011100
11100111101000101111111111011000
11100111101000111111111111010100
10101111101001111111111111010000
10101111101010101111111111001100
01000110000000000010000000000110
10101111101111111111111111001000
00100111101111010000000000111100
00001100000000010011001101111001
00100011101111010000000000111100
10001111101111111111111111001000
10001111101000101111111111001100
10001100010000110000000000010000
11000100011000010000000000000100
01000110000000000000100000111110
01000101000000000000000000000010
00100000000000110000000000000000
00001000000000010000100111010111
00100000000000110000000000000001
00010100000000110000000000000010
00100000000000110000000000000000
00001000000000010000100111111110
10001111101000111111111111010000
11000100011000000000000000001000
11000111101000011111111111010100
01000110000000000000100000000010
11000111101000101111111111011000
01000110000000100000000000000000
10101111101111111111111111001000
00100111101111010000000000111100
00001100000000010011001101111001
00100011101111010000000000111100
10001111101111111111111111001000
10001111101000101111111111001100
10001100010000110000000000010000
11000100011000010000000000001000
01000110000000000000100000111110
01000101000000000000000000000010
00100000000000110000000000000000
00001000000000010000100111101101
00100000000000110000000000000001
00010100000000110000000000000010
00100000000000110000000000000000
00001000000000010000100111111110
10001111101000111111111111011100
11000100011000000000000000000100
00111100000110000000000000000101
00110111000110000000001100001100
11000111000000010000000000000000
01000110000000010000000000110010
01000101000000000000000000000010
00100000000001000000000000000001
00001000000000010000100111111010
00100000000001000000000000000000
00010100000001000000000000000010
00100000000000110000000000000001
00001000000000010000100111111110
00100000000000110000000000000000
00010100000000110000000010010000
10001111101000111111111111011100
11000100011000000000000000001000
11000111101000011111111111100000
01000110000000010000000000000001
11000100011000100000000000001100
01000110000000100000000000000010
10001111101001001111111111010000
11000100100000100000000000000000
01000110000000100000000010000010
11000111101000111111111111100100
01000110000000110001000010000000
11100111101000001111111111001000
01000110000000000001000000000110
10101111101111111111111111000100
00100111101111010000000001000000
00001100000000010011001101111001
00100011101111010000000001000000
10001111101111111111111111000100
10001111101000101111111111001100
10001100010000110000000000010000
11000100011000010000000000000000
01000110000000000000100000111110
01000101000000000000000000000010
00100000000000110000000000000000
00001000000000010000101000011001
00100000000000110000000000000001
00010100000000110000000000000010
00100000000000110000000000000000
00001000000000010000101001000000
10001111101000111111111111010000
11000100011000000000000000001000
11000111101000011111111111001000
01000110000000000000100000000010
11000111101000101111111111011000
01000110000000100000000000000000
10101111101111111111111111000100
00100111101111010000000001000000
00001100000000010011001101111001
00100011101111010000000001000000
10001111101111111111111111000100
10001111101000101111111111001100
10001100010000110000000000010000
11000100011000010000000000001000
01000110000000000000100000111110
01000101000000000000000000000010
00100000000000110000000000000000
00001000000000010000101000101111
00100000000000110000000000000001
00010100000000110000000000000010
00100000000000110000000000000000
00001000000000010000101001000000
10001111101000111111111111011100
11000100011000000000000000001100
00111100000110000000000000000101
00110111000110000000001100001100
11000111000000010000000000000000
01000110000000010000000000110010
01000101000000000000000000000010
00100000000001000000000000000001
00001000000000010000101000111100
00100000000001000000000000000000
00010100000001000000000000000010
00100000000000110000000000000001
00001000000000010000101001000000
00100000000000110000000000000000
00010100000000110000000001001001
10001111101000111111111111011100
11000100011000000000000000010000
11000111101000011111111111011000
01000110000000010000000000000001
11000100011000010000000000010100
01000110000000010000000000000010
10001111101001001111111111010000
11000100100000010000000000000000
01000110000000010000000001000010
11000111101000101111111111100100
01000110000000100000100001000000
11100111101000001111111111000100
01000110000000000000100000000110
10101111101111111111111111000000
00100111101111010000000001000100
00001100000000010011001101111001
00100011101111010000000001000100
10001111101111111111111111000000
10001111101000101111111111001100
10001100010000110000000000010000
11000100011000010000000000000000
01000110000000000000100000111110
01000101000000000000000000000010
00100000000000110000000000000000
00001000000000010000101001011011
00100000000000110000000000000001
00010100000000110000000000000010
00100000000000100000000000000000
00001000000000010000101010000010
10001111101000111111111111010000
11000100011000000000000000000100
11000111101000011111111111000100
01000110000000000000100000000010
11000111101000101111111111100000
01000110000000100000000000000000
10101111101111111111111111000000
00100111101111010000000001000100
00001100000000010011001101111001
00100011101111010000000001000100
10001111101111111111111111000000
10001111101000101111111111001100
10001100010000100000000000010000
11000100010000010000000000000100
01000110000000000000100000111110
01000101000000000000000000000010
00100000000000100000000000000000
00001000000000010000101001110001
00100000000000100000000000000001
00010100000000100000000000000010
00100000000000100000000000000000
00001000000000010000101010000010
10001111101000101111111111011100
11000100010000000000000000010100
00111100000110000000000000000101
00110111000110000000001100001100
11000111000000010000000000000000
01000110000000010000000000110010
01000101000000000000000000000010
00100000000000100000000000000001
00001000000000010000101001111110
00100000000000100000000000000000
00010100000000100000000000000010
00100000000000100000000000000001
00001000000000010000101010000010
00100000000000100000000000000000
00010100000000100000000000000010
00100000000000100000000000000000
00001000000000010000101100010111
10001111101000101111111111101000
11000111101000001111111111000100
11100100010000000000000000000000
00100000000000100000000000000011
00001000000000010000101100010111
10001111101000101111111111101000
11000111101000001111111111001000
11100100010000000000000000000000
00100000000000100000000000000010
00001000000000010000101100010111
10001111101000101111111111101000
11000111101000001111111111010100
11100100010000000000000000000000
00100000000000100000000000000001
00001000000000010000101100010111
00100000000110000000000000000010
00010111000011000000000000010111
11000101011000110000000000000000
00111100000110000000000000000101
00110111000110000000001100001100
11000111000001000000000000000000
01000110000000110010000000111110
01000101000000000000000000000010
00100000000001110000000000000000
00001000000000010000101010011111
00100000000001110000000000000001
00010100000001110000000000000010
00100000000000100000000000000000
00001000000000010000101100010111
11000101011000110000000000000100
01000110000000000001100000000010
11000101011000110000000000001000
01000110000000010001100001000010
01000110000000010000000000000000
11000101011000010000000000001100
01000110000000100000100001000010
01000110000000010000000000000000
11100101001000000000000000000000
00100000000000100000000000000001
00001000000000010000101100010111
11000101011000110000000000000000
00111100000110000000000000000101
00110111000110000000001100001100
11000111000001000000000000000000
01000110000001000001100000110010
01000101000000000000000000000010
00100000000001110000000000000001
00001000000000010000101010110110
00100000000001110000000000000000
00010100000001110000000001011111
11000101011001000000000000000100
01000110000000000010000100000010
11000101011001010000000000001000
01000110000000010010100101000010
01000110000001010010000100000000
11000101011001010000000000001100
01000110000000100010100101000010
01000110000001010010000100000000
01000110000000000000000101000010
10001101010001110000000000010000
11000100111001100000000000000000
01000110000001100010100101000010
01000110000000010000100110000010
10001101010001110000000000010000
11000100111001110000000000000100
01000110000001110011000110000010
01000110000001100010100101000000
01000110000000100001000110000010
10001101010001110000000000010000
11000100111001110000000000001000
01000110000001110011000110000010
01000110000001100010100101000000
10001101010001110000000000001100
00010100000001110000000000000010
01000110000000000010100000000110
00001000000000010000101011100000
01000110000000100000100110000010
10001101010001110000000000100100
11000100111001110000000000000000
01000110000001110011000110000010
01000110000001100010100101000000
01000110000000000001000010000010
10001101010001110000000000100100
11000100111001100000000000000100
01000110000001100001000010000010
01000110000000100010100010000000
01000110000000010000000000000010
10001101010001110000000000100100
11000100111000010000000000001000
01000110000000010000000000000010
01000110000000000001000000000000
10001101010001110000000000000100
00100000000110000000000000000011
00010111000001110000000000000100
00111100000110000000000000000101
00110111000110000000001100000100
11000111000000010000000000000000
01000110000000010000000000000001
01000110000001000010000001000010
01000110000000000001100000000010
01000110000000000000100000000001
00111100000110000000000000000101
00110111000110000000001100001100
11000111000000010000000000000000
01000110000000010000000000111110
01000101000000000000000000000010
00100000000001110000000000000000
00001000000000010000101011110010
00100000000001110000000000000001
00010100000001110000000000000010
00100000000000100000000000000000
00001000000000010000101100010111
10001101010001110000000000011000
00010100000001110000000000001111
10101111101010111111111111011100
11100111101001001111111111000000
10101111101111111111111110111100
00100111101111010000000001001000
00001100000000010011001101111011
00100011101111010000000001001000
10001111101111111111111110111100
11000111101000011111111111000000
01000110000000000000100000000001
10001111101000101111111111011100
11000100010000010000000000010000
01000110000000010000000000000010
10001111101000101111111111101000
11100100010000000000000000000000
00001000000000010000101100010100
10101111101010111111111111011100
11100111101001001111111111000000
10101111101111111111111110111100
00100111101111010000000001001000
00001100000000010011001101111011
00100011101111010000000001001000
10001111101111111111111110111100
11000111101000011111111111000000
01000110000000000000100000000000
10001111101000101111111111011100
11000100010000010000000000010000
01000110000000010000000000000010
10001111101000101111111111101000
11100100010000000000000000000000
00100000000000100000000000000001
00001000000000010000101100010111
00100000000000100000000000000000
10001111101000111111111111101000
11000100011000000000000000000000
00010100000000100000000000000010
00100000000000100000000000000000
00001000000000010000101100100100
00111100000110000000000000000101
00110111000110000000001011100000
11000111000000010000000000000000
01000110000000000000100000111110
01000101000000000000000000000010
00100000000000100000000000000000
00001000000000010000101100100100
00100000000000100000000000000001
00010100000000100000000000001101
10001111101000101111111111101100
00000000000000100001000010000000
10001111101000111111111111110000
00000000011000101100000000100000
10001111000000100000000000000000
10001100010000100000000000011000
00010100000000100000000000000010
00100000000000100000000000000000
00000011111000000000000000001000
10001111101000101111111111110100
00100000010000100000000000000001
10001111101000111111111111111000
00001000000000010000100110001001
00111100000110000000000000000101
00110111000110000000001011011100
11000111000000010000000000000000
01000110000000010000000000000000
10001111101000101111111111111100
11000100010000010000000000000000
01000110000000000000100001000010
10001111101000110000000000000000
11000100011000100000000000000000
01000110000000100000100001000000
11000100010000100000000000000100
01000110000000000001000010000010
11000100011000110000000000000100
01000110000000110001000010000000
11000100010000110000000000001000
01000110000000000001100000000010
11000100011000110000000000001000
01000110000000110000000000000000
10001111101000111111111111111000
00100000000000100000000000000000
01000110000000000001011111000110
01000110000000000000000010000110
01000110000000000000100000000110
01000110000000001111100001000110
10101111101111111111111110111100
00100111101111010000000001001000
00001100000000010000100011001010
00100011101111010000000001001000
10001111101111111111111110111100
00010100000000100000000000000100
10001111101000101111111111110100
00100000010000100000000000000001
10001111101000111111111111111000
00001000000000010000100110001001
00100000000000100000000000000001
00000011111000000000000000001000
00000000000000100010000010000000
00000000011001001100000000100000
10001111000001000000000000000000
00111100000001010000001000000000
00110100101001010000000101001100
00100000000110001111111111111111
00010111000001000000000000000010
00100000000000100000000000000000
00000011111000000000000000001000
00000000000001000010000010000000
00000000101001001100000000100000
10001111000001000000000000000000
10101111101000110000000000000000
10101111101000101111111111111100
00100000100000110000000000000000
00100000000000100000000000000000
10101111101111111111111111111000
00100111101111010000000000001100
00001100000000010000100110001001
00100011101111010000000000001100
10001111101111111111111111111000
00010100000000100000000000000100
10001111101000101111111111111100
00100000010000100000000000000001
10001111101000110000000000000000
00001000000000010000101101010110
00100000000000100000000000000001
00000011111000000000000000001000
00000000000000100010000010000000
00000000011001001100000000100000
10001111000001000000000000000000
10001100100001010000000000000000
00111100000001100000001000000000
00110100110001100000001000101000
00111100000001110000001000000000
00110100111001110000001111011100
00111100000010000000001000000000
00110101000010000000000000110000
00111100000010010000001000000000
00110101001010010000001000011100
00100000000110001111111111111111
00010111000001010000000000000010
00100000000000100000000000000000
00000011111000000000000000001000
10101111101001000000000000000000
10101111101000111111111111111100
10101111101000101111111111111000
00100000000110000000000001100011
00010111000001010000000000000010
00100000000000100000000000000001
00001000000000010000110100011000
00000000000001010101000010000000
00000001000010101100000000100000
10001111000010000000000000000000
11000100110000000000000000000000
10001101000010100000000000010100
11000101010000010000000000000000
01000110000000010000000000000001
11000100110000010000000000000100
10001101000010100000000000010100
11000101010000100000000000000100
01000110000000100000100001000001
11000100110000100000000000001000
10001101000001100000000000010100
11000100110000110000000000001000
01000110000000110001000010000001
10001100111001100000000000000100
00000000000001010010100010000000
00000000110001011100000000100000
10001111000001010000000000000000
10001101000001100000000000000100
10101111101010011111111111110100
00100000000110000000000000000001
00010111000001100000000011011010
10001100111001100000000000000000
11000100101000110000000000000000
01000110000000000001100011000001
11000100101001000000000000000100
01000110000001000001100011000010
11000100110001000000000000000100
01000110000001000001100100000010
01000110000000010010000100000000
11100111101000001111111111110000
11100111101000011111111111101100
10101111101001011111111111101000
11100111101000101111111111100100
11100111101000111111111111100000
10101111101001101111111111011100
10101111101010001111111111011000
01000110000000000010000000000110
10101111101111111111111111010100
00100111101111010000000000110000
00001100000000010011001101111001
00100011101111010000000000110000
10001111101111111111111111010100
10001111101000101111111111011000
10001100010000110000000000010000
11000100011000010000000000000100
01000110000000000000100000111110
01000101000000000000000000000010
00100000000000110000000000000000
00001000000000010000101110111101
00100000000000110000000000000001
00010100000000110000000000000010
00100000000000110000000000000000
00001000000000010000101111100100
10001111101000111111111111011100
11000100011000000000000000001000
11000111101000011111111111100000
01000110000000000000100000000010
11000111101000101111111111100100
01000110000000100000000000000000
10101111101111111111111111010100
00100111101111010000000000110000
00001100000000010011001101111001
00100011101111010000000000110000
10001111101111111111111111010100
10001111101000101111111111011000
10001100010000110000000000010000
11000100011000010000000000001000
01000110000000000000100000111110
01000101000000000000000000000010
00100000000000110000000000000000
00001000000000010000101111010011
00100000000000110000000000000001
00010100000000110000000000000010
00100000000000110000000000000000
00001000000000010000101111100100
10001111101000111111111111101000
11000100011000000000000000000100
00111100000110000000000000000101
00110111000110000000001100001100
11000111000000010000000000000000
01000110000000010000000000110010
01000101000000000000000000000010
00100000000001000000000000000001
00001000000000010000101111100000
00100000000001000000000000000000
00010100000001000000000000000010
00100000000000110000000000000001
00001000000000010000101111100100
00100000000000110000000000000000
00010100000000110000000010010000
10001111101000111111111111101000
11000100011000000000000000001000
11000111101000011111111111101100
01000110000000010000000000000001
11000100011000100000000000001100
01000110000000100000000000000010
10001111101001001111111111011100
11000100100000100000000000000000
01000110000000100000000010000010
11000111101000111111111111110000
01000110000000110001000010000000
11100111101000001111111111010100
01000110000000000001000000000110
10101111101111111111111111010000
00100111101111010000000000110100
00001100000000010011001101111001
00100011101111010000000000110100
10001111101111111111111111010000
10001111101000101111111111011000
10001100010000110000000000010000
11000100011000010000000000000000
01000110000000000000100000111110
01000101000000000000000000000010
00100000000000110000000000000000
00001000000000010000101111111111
00100000000000110000000000000001
00010100000000110000000000000010
00100000000000110000000000000000
00001000000000010000110000100110
10001111101000111111111111011100
11000100011000000000000000001000
11000111101000011111111111010100
01000110000000000000100000000010
11000111101000101111111111100100
01000110000000100000000000000000
10101111101111111111111111010000
00100111101111010000000000110100
00001100000000010011001101111001
00100011101111010000000000110100
10001111101111111111111111010000
10001111101000101111111111011000
10001100010000110000000000010000
11000100011000010000000000001000
01000110000000000000100000111110
01000101000000000000000000000010
00100000000000110000000000000000
00001000000000010000110000010101
00100000000000110000000000000001
00010100000000110000000000000010
00100000000000110000000000000000
00001000000000010000110000100110
10001111101000111111111111101000
11000100011000000000000000001100
00111100000110000000000000000101
00110111000110000000001100001100
11000111000000010000000000000000
01000110000000010000000000110010
01000101000000000000000000000010
00100000000001000000000000000001
00001000000000010000110000100010
00100000000001000000000000000000
00010100000001000000000000000010
00100000000000110000000000000001
00001000000000010000110000100110
00100000000000110000000000000000
00010100000000110000000001001001
10001111101000111111111111101000
11000100011000000000000000010000
11000111101000011111111111100100
01000110000000010000000000000001
11000100011000010000000000010100
01000110000000010000000000000010
10001111101001001111111111011100
11000100100000010000000000000000
01000110000000010000000001000010
11000111101000101111111111110000
01000110000000100000100001000000
11100111101000001111111111010000
01000110000000000000100000000110
10101111101111111111111111001100
00100111101111010000000000111000
00001100000000010011001101111001
00100011101111010000000000111000
10001111101111111111111111001100
10001111101000101111111111011000
10001100010000110000000000010000
11000100011000010000000000000000
01000110000000000000100000111110
01000101000000000000000000000010
00100000000000110000000000000000
00001000000000010000110001000001
00100000000000110000000000000001
00010100000000110000000000000010
00100000000000100000000000000000
00001000000000010000110001101000
10001111101000111111111111011100
11000100011000000000000000000100
11000111101000011111111111010000
01000110000000000000100000000010
11000111101000101111111111101100
01000110000000100000000000000000
10101111101111111111111111001100
00100111101111010000000000111000
00001100000000010011001101111001
00100011101111010000000000111000
10001111101111111111111111001100
10001111101000101111111111011000
10001100010000100000000000010000
11000100010000010000000000000100
01000110000000000000100000111110
01000101000000000000000000000010
00100000000000100000000000000000
00001000000000010000110001010111
00100000000000100000000000000001
00010100000000100000000000000010
00100000000000100000000000000000
00001000000000010000110001101000
10001111101000101111111111101000
11000100010000000000000000010100
00111100000110000000000000000101
00110111000110000000001100001100
11000111000000010000000000000000
01000110000000010000000000110010
01000101000000000000000000000010
00100000000000100000000000000001
00001000000000010000110001100100
00100000000000100000000000000000
00010100000000100000000000000010
00100000000000100000000000000001
00001000000000010000110001101000
00100000000000100000000000000000
00010100000000100000000000000010
00100000000000100000000000000000
00001000000000010000110011111101
10001111101000101111111111110100
11000111101000001111111111010000
11100100010000000000000000000000
00100000000000100000000000000011
00001000000000010000110011111101
10001111101000101111111111110100
11000111101000001111111111010100
11100100010000000000000000000000
00100000000000100000000000000010
00001000000000010000110011111101
10001111101000101111111111110100
11000111101000001111111111100000
11100100010000000000000000000000
00100000000000100000000000000001
00001000000000010000110011111101
00100000000110000000000000000010
00010111000001100000000000010111
11000100101000110000000000000000
00111100000110000000000000000101
00110111000110000000001100001100
11000111000001000000000000000000
01000110000000110010000000111110
01000101000000000000000000000010
00100000000001100000000000000000
00001000000000010000110010000101
00100000000001100000000000000001
00010100000001100000000000000010
00100000000000100000000000000000
00001000000000010000110011111101
11000100101000110000000000000100
01000110000000000001100000000010
11000100101000110000000000001000
01000110000000010001100001000010
01000110000000010000000000000000
11000100101000010000000000001100
01000110000000100000100001000010
01000110000000010000000000000000
11100101001000000000000000000000
00100000000000100000000000000001
00001000000000010000110011111101
11000100101000110000000000000000
00111100000110000000000000000101
00110111000110000000001100001100
11000111000001000000000000000000
01000110000001000001100000110010
01000101000000000000000000000010
00100000000001100000000000000001
00001000000000010000110010011100
00100000000001100000000000000000
00010100000001100000000001011111
11000100101001000000000000000100
01000110000000000010000100000010
11000100101001010000000000001000
01000110000000010010100101000010
01000110000001010010000100000000
11000100101001010000000000001100
01000110000000100010100101000010
01000110000001010010000100000000
01000110000000000000000101000010
10001101000001100000000000010000
11000100110001100000000000000000
01000110000001100010100101000010
01000110000000010000100110000010
10001101000001100000000000010000
11000100110001110000000000000100
01000110000001110011000110000010
01000110000001100010100101000000
01000110000000100001000110000010
10001101000001100000000000010000
11000100110001110000000000001000
01000110000001110011000110000010
01000110000001100010100101000000
10001101000001100000000000001100
00010100000001100000000000000010
01000110000000000010100000000110
00001000000000010000110011000110
01000110000000100000100110000010
10001101000001100000000000100100
11000100110001110000000000000000
01000110000001110011000110000010
01000110000001100010100101000000
01000110000000000001000010000010
10001101000001100000000000100100
11000100110001100000000000000100
01000110000001100001000010000010
01000110000000100010100010000000
01000110000000010000000000000010
10001101000001100000000000100100
11000100110000010000000000001000
01000110000000010000000000000010
01000110000000000001000000000000
10001101000001100000000000000100
00100000000110000000000000000011
00010111000001100000000000000100
00111100000110000000000000000101
00110111000110000000001100000100
11000111000000010000000000000000
01000110000000010000000000000001
01000110000001000010000001000010
01000110000000000001100000000010
01000110000000000000100000000001
00111100000110000000000000000101
00110111000110000000001100001100
11000111000000010000000000000000
01000110000000010000000000111110
01000101000000000000000000000010
00100000000001100000000000000000
00001000000000010000110011011000
00100000000001100000000000000001
00010100000001100000000000000010
00100000000000100000000000000000
00001000000000010000110011111101
10001101000001100000000000011000
00010100000001100000000000001111
10101111101001011111111111101000
11100111101001001111111111001100
10101111101111111111111111001000
00100111101111010000000000111100
00001100000000010011001101111011
00100011101111010000000000111100
10001111101111111111111111001000
11000111101000011111111111001100
01000110000000000000100000000001
10001111101000101111111111101000
11000100010000010000000000010000
01000110000000010000000000000010
10001111101000101111111111110100
11100100010000000000000000000000
00001000000000010000110011111010
10101111101001011111111111101000
11100111101001001111111111001100
10101111101111111111111111001000
00100111101111010000000000111100
00001100000000010011001101111011
00100011101111010000000000111100
10001111101111111111111111001000
11000111101000011111111111001100
01000110000000000000100000000000
10001111101000101111111111101000
11000100010000010000000000010000
01000110000000010000000000000010
10001111101000101111111111110100
11100100010000000000000000000000
00100000000000100000000000000001
00001000000000010000110011111101
00100000000000100000000000000000
00010100000000100000000000000010
00100000000000100000000000000000
00001000000000010000110100011000
10001111101000101111111111110100
11000100010000000000000000000000
00111100000110000000000000000101
00110111000110000000001011011000
11000111000000010000000000000000
01000110000000000000100000111110
01000101000000000000000000000010
00100000000000100000000000000000
00001000000000010000110100001010
00100000000000100000000000000001
00010100000000100000000000000010
00100000000000100000000000000000
00001000000000010000110100011000
00100000000000100000000000000001
10001111101000110000000000000000
10101111101111111111111111001000
00100111101111010000000000111100
00001100000000010000101101010110
00100011101111010000000000111100
10001111101111111111111111001000
00010100000000100000000000000010
00100000000000100000000000000000
00001000000000010000110100011000
00100000000000100000000000000001
00010100000000100000000000000100
10001111101000101111111111111000
00100000010000100000000000000001
10001111101000111111111111111100
00001000000000010000101101110010
00100000000000100000000000000001
10001111101000110000000000000000
10101111101111111111111111001000
00100111101111010000000000111100
00001100000000010000101101010110
00100011101111010000000000111100
10001111101111111111111111001000
00010100000000100000000000000100
10001111101000101111111111111000
00100000010000100000000000000001
10001111101000111111111111111100
00001000000000010000101101110010
00100000000000100000000000000001
00000011111000000000000000001000
00000000000000100010100010000000
00000000011001011100000000100000
10001111000001010000000000000000
00111100000001100000001000000000
00110100110001100000001000110100
00111100000001110000001000000000
00110100111001110000001000101000
00111100000010000000001000000000
00110101000010000000001000100000
00111100000010010000001000000000
00110101001010010000000000110000
00111100000010100000001000000000
00110101010010100000001000011100
00111100000010110000001000000000
00110101011010110000001001111100
00111100000011000000001000000000
00110101100011000000001000100100
00100000000110001111111111111111
00010111000001010000000000000001
00000011111000000000000000001000
00000000000001010110100010000000
00000001001011011100000000100000
10001111000011010000000000000000
11000101011000000000000000000000
10001101101011100000000000010100
11000101110000010000000000000000
01000110000000010000000000000001
11000101011000010000000000000100
10001101101011100000000000010100
11000101110000100000000000000100
01000110000000100000100001000001
11000101011000100000000000001000
10001101101011100000000000010100
11000101110000110000000000001000
01000110000000110001000010000001
10001101101011100000000000000100
10101111101010000000000000000000
10101111101001101111111111111100
10101111101001111111111111111000
10101111101010111111111111110100
10101111101011001111111111110000
10101111101010101111111111101100
10101111101001001111111111101000
10101111101000111111111111100100
10101111101000101111111111100000
10101111101010011111111111011100
10101111101001011111111111011000
00100000000110000000000000000001
00010111000011100000000100001101
11000100100000110000000000000000
00111100000110000000000000000101
00110111000110000000001100001100
11000111000001000000000000000000
01000110000001000001100000110010
01000101000000000000000000000010
00100000000011100000000000000001
00001000000000010000110101100101
00100000000011100000000000000000
11100111101000001111111111010100
11100111101000101111111111010000
11100111101000011111111111001100
10101111101011011111111111001000
00010100000011100000000001000111
10001101101011100000000000010000
10001101101100000000000000011000
11000100100000110000000000000000
00111100000110000000000000000101
00110111000110000000001100001100
11000111000001000000000000000000
01000110000000110010000000111110
01000101000000000000000000000010
00100000000100010000000000000000
00001000000000010000110101110101
00100000000100010000000000000001
00010100000100000000000000000010
00100010001100000000000000000000
00001000000000010000110101111100
00010100000100010000000000000010
00100000000100000000000000000001
00001000000000010000110101111100
00100000000100000000000000000000
11000101110000110000000000000000
00010100000100000000000000000001
01000110000000000001100011000111
01000110000000000001100011000001
11000100100001000000000000000000
01000110000001000001100011000011
11000100100001000000000000000100
01000110000001000001100100000010
01000110000000010010000100000000
11100111101000111111111111000100
10101111101011101111111111000000
01000110000000000010000000000110
10101111101111111111111110111100
00100111101111010000000001001000
00001100000000010011001101111001
00100011101111010000000001001000
10001111101111111111111110111100
10001111101000101111111111000000
11000100010000010000000000000100
01000110000000000000100000111110
01000101000000000000000000000010
00100000000000110000000000000000
00001000000000010000110110010100
00100000000000110000000000000001
00010100000000110000000000000010
00100000000000100000000000000000
00001000000000010000110110110010
10001111101000111111111111101000
11000100011000000000000000001000
11000111101000011111111111000100
01000110000000000000100000000010
11000111101000101111111111010000
01000110000000100000000000000000
10101111101111111111111110111100
00100111101111010000000001001000
00001100000000010011001101111001
00100011101111010000000001001000
10001111101111111111111110111100
10001111101000101111111111000000
11000100010000010000000000001000
01000110000000000000100000111110
01000101000000000000000000000010
00100000000000100000000000000000
00001000000000010000110110101001
00100000000000100000000000000001
00010100000000100000000000000010
00100000000000100000000000000000
00001000000000010000110110110010
10001111101000101111111111101100
11000111101000001111111111000100
11100100010000000000000000000000
00100000000000100000000000000001
00001000000000010000110110110010
00100000000000100000000000000000
00010100000000100000000010110100
10001111101001001111111111101000
11000100100000000000000000000100
00111100000110000000000000000101
00110111000110000000001100001100
11000111000000010000000000000000
01000110000000010000000000110010
01000101000000000000000000000010
00100000000000100000000000000001
00001000000000010000110110111101
00100000000000100000000000000000
00010100000000100000000001001010
10001111101000101111111111001000
10001100010000110000000000010000
10001100010001010000000000011000
11000100100000000000000000000100
00111100000110000000000000000101
00110111000110000000001100001100
11000111000000010000000000000000
01000110000000000000100000111110
01000101000000000000000000000010
00100000000001100000000000000000
00001000000000010000110111001010
00100000000001100000000000000001
00010100000001010000000000000010
00100000110001010000000000000000
00001000000000010000110111010001
00010100000001100000000000000010
00100000000001010000000000000001
00001000000000010000110111010001
00100000000001010000000000000000
11000100011000000000000000000100
00010100000001010000000000000001
01000110000000000000000000000111
11000111101000011111111111001100
01000110000000010000000000000001
11000100100000100000000000000100
01000110000000100000000000000011
11000100100000100000000000001000
01000110000000100000000010000010
11000111101000111111111111010000
01000110000000110001000010000000
11100111101000001111111110111100
10101111101000111111111110111000
01000110000000000001000000000110
10101111101111111111111110110100
00100111101111010000000001010000
00001100000000010011001101111001
00100011101111010000000001010000
10001111101111111111111110110100
10001111101000101111111110111000
11000100010000010000000000001000
01000110000000000000100000111110
01000101000000000000000000000010
00100000000000110000000000000000
00001000000000010000110111101011
00100000000000110000000000000001
00010100000000110000000000000010
00100000000000100000000000000000
00001000000000010000111000001001
10001111101000111111111111101000
11000100011000000000000000000000
11000111101000011111111110111100
01000110000000000000100000000010
11000111101000101111111111010100
01000110000000100000000000000000
10101111101111111111111110110100
00100111101111010000000001010000
00001100000000010011001101111001
00100011101111010000000001010000
10001111101111111111111110110100
10001111101000101111111110111000
11000100010000010000000000000000
01000110000000000000100000111110
01000101000000000000000000000010
00100000000000100000000000000000
00001000000000010000111000000000
00100000000000100000000000000001
00010100000000100000000000000010
00100000000000100000000000000000
00001000000000010000111000001001
10001111101000101111111111101100
11000111101000001111111110111100
11100100010000000000000000000000
00100000000000100000000000000001
00001000000000010000111000001001
00100000000000100000000000000000
00010100000000100000000001011011
10001111101001001111111111101000
11000100100000000000000000001000
00111100000110000000000000000101
00110111000110000000001100001100
11000111000000010000000000000000
01000110000000010000000000110010
01000101000000000000000000000010
00100000000000100000000000000001
00001000000000010000111000010100
00100000000000100000000000000000
00010100000000100000000001001010
10001111101000101111111111001000
10001100010000110000000000010000
10001100010000100000000000011000
11000100100000000000000000001000
00111100000110000000000000000101
00110111000110000000001100001100
11000111000000010000000000000000
01000110000000000000100000111110
01000101000000000000000000000010
00100000000001010000000000000000
00001000000000010000111000100001
00100000000001010000000000000001
00010100000000100000000000000010
00100000101000100000000000000000
00001000000000010000111000101000
00010100000001010000000000000010
00100000000000100000000000000001
00001000000000010000111000101000
00100000000000100000000000000000
11000100011000000000000000001000
00010100000000100000000000000001
01000110000000000000000000000111
11000111101000011111111111010000
01000110000000010000000000000001
11000100100000010000000000001000
01000110000000010000000000000011
11000100100000010000000000000000
01000110000000010000000001000010
11000111101000101111111111010100
01000110000000100000100001000000
11100111101000001111111110110100
10101111101000111111111110110000
01000110000000000000100000000110
10101111101111111111111110101100
00100111101111010000000001011000
00001100000000010011001101111001
00100011101111010000000001011000
10001111101111111111111110101100
10001111101000101111111110110000
11000100010000010000000000000000
01000110000000000000100000111110
01000101000000000000000000000010
00100000000000110000000000000000
00001000000000010000111001000010
00100000000000110000000000000001
00010100000000110000000000000010
00100000000000100000000000000000
00001000000000010000111001100000
10001111101000111111111111101000
11000100011000000000000000000100
11000111101000011111111110110100
01000110000000000000100000000010
11000111101000101111111111001100
01000110000000100000000000000000
10101111101111111111111110101100
00100111101111010000000001011000
00001100000000010011001101111001
00100011101111010000000001011000
10001111101111111111111110101100
10001111101000101111111110110000
11000100010000010000000000000100
01000110000000000000100000111110
01000101000000000000000000000010
00100000000000100000000000000000
00001000000000010000111001010111
00100000000000100000000000000001
00010100000000100000000000000010
00100000000000100000000000000000
00001000000000010000111001100000
10001111101000101111111111101100
11000111101000001111111110110100
11100100010000000000000000000000
00100000000000100000000000000001
00001000000000010000111001100000
00100000000000100000000000000000
00010100000000100000000000000010
00100000000000100000000000000000
00001000000000010000111100110101
00100000000000100000000000000011
00001000000000010000111100110101
00100000000000100000000000000010
00001000000000010000111100110101
00100000000000100000000000000001
00001000000000010000111100110101
00100000000110000000000000000010
00010111000011100000000000100100
10001101101011010000000000010000
11000100100000110000000000000000
11000101101001000000000000000000
01000110000001000001100011000010
11000100100001000000000000000100
11000101101001010000000000000100
01000110000001010010000100000010
01000110000001000001100011000000
11000100100001000000000000001000
11000101101001010000000000001000
01000110000001010010000100000010
01000110000001000001100011000000
00111100000110000000000000000101
00110111000110000000001100001100
11000111000001000000000000000000
01000110000001000001100000111110
01000101000000000000000000000010
00100000000011100000000000000000
00001000000000010000111001111111
00100000000011100000000000000001
00010100000011100000000000000010
00100000000000100000000000000000
00001000000000010000111100110101
11000101101001000000000000000000
01000110000000000010000000000010
11000101101001000000000000000100
01000110000000010010000001000010
01000110000000010000000000000000
11000101101000010000000000001000
01000110000000100000100001000010
01000110000000010000000000000000
01000110000000000000000000000111
01000110000000110000000000000011
11100101010000000000000000000000
00100000000000100000000000000001
00001000000000010000111100110101
11000100100000110000000000000000
11000100100001000000000000000100
11000100100001010000000000001000
01000110000000110001100110000010
10001101101011100000000000010000
11000101110001110000000000000000
01000110000001110011000110000010
01000110000001000010000111000010
10001101101011100000000000010000
11000101110010000000000000000100
01000110000010000011100111000010
01000110000001110011000110000000
01000110000001010010100111000010
10001101101011100000000000010000
11000101110010000000000000001000
01000110000010000011100111000010
01000110000001110011000110000000
10001101101011100000000000001100
00010100000011100000000000000010
01000110000000000011000011000110
00001000000000010000111010110011
01000110000001010010000111000010
10001101101011100000000000100100
11000101110010000000000000000000
01000110000010000011100111000010
01000110000001110011000110000000
01000110000000110010100101000010
10001101101011100000000000100100
11000101110001110000000000000100
01000110000001110010100101000010
01000110000001010011000101000000
01000110000001000001100011000010
10001101101011100000000000100100
11000101110001000000000000001000
01000110000001000001100011000010
01000110000000110010100011000000
00111100000110000000000000000101
00110111000110000000001100001100
11000111000001000000000000000000
01000110000001000001100000110010
01000101000000000000000000000010
00100000000011100000000000000001
00001000000000010000111010111011
00100000000011100000000000000000
00010100000011100000000001111000
11000100100001000000000000000000
11000100100001010000000000000100
11000100100001100000000000001000
01000110000000000010000111000010
10001101101011100000000000010000
11000101110010000000000000000000
01000110000010000011100111000010
01000110000000010010101000000010
10001101101011100000000000010000
11000101110010010000000000000100
01000110000010010100001000000010
01000110000010000011100111000000
01000110000000100011001000000010
10001101101011100000000000010000
11000101110010010000000000001000
01000110000010010100001000000010
01000110000010000011100111000000
10001101101011100000000000001100
00010100000011100000000000000010
01000110000000000011100100000110
00001000000000010000111011101010
01000110000000010011001000000010
01000110000000100010101001000010
01000110000010010100001000000000
10001101101011100000000000100100
11000101110010010000000000000000
01000110000010010100001000000010
01000110000000100010001001000010
01000110000000000011000110000010
01000110000001100100100110000000
10001101101011100000000000100100
11000101110010010000000000000100
01000110000010010011000110000010
01000110000001100100000110000000
01000110000000010010000100000010
01000110000000000010100101000010
01000110000001010010000100000000
10001101101011100000000000100100
11000101110001010000000000001000
01000110000001010010000100000010
01000110000001000011000100000000
00111100000110000000000000000101
00110111000110000000001100010100
11000111000001010000000000000000
01000110000001010010000100000010
01000110000001000011100100000000
01000110000000000000000101000010
10001101101011100000000000010000
11000101110001100000000000000000
01000110000001100010100101000010
01000110000000010000100110000010
10001101101011100000000000010000
11000101110001110000000000000100
01000110000001110011000110000010
01000110000001100010100101000000
01000110000000100001000110000010
10001101101011100000000000010000
11000101110001110000000000001000
01000110000001110011000110000010
01000110000001100010100101000000
10001101101011100000000000001100
00010100000011100000000000000010
01000110000000000010100000000110
00001000000000010000111100001011
01000110000000100000100110000010
10001101101011100000000000100100
11000101110001110000000000000000
01000110000001110011000110000010
01000110000001100010100101000000
01000110000000000001000010000010
10001101101011100000000000100100
11000101110001100000000000000100
01000110000001100001000010000010
01000110000000100010100010000000
01000110000000010000000000000010
10001101101011100000000000100100
11000101110000010000000000001000
01000110000000010000000000000010
01000110000000000001000000000000
10001101101011100000000000000100
00100000000110000000000000000011
00010111000011100000000000000100
00111100000110000000000000000101
00110111000110000000001100000100
11000111000000010000000000000000
01000110000000010000000000000001
01000110000001000010000001000010
01000110000000000001100000000010
01000110000000000000100000000001
00111100000110000000000000000101
00110111000110000000001100001100
11000111000000010000000000000000
01000110000000010000000000111110
01000101000000000000000000000010
00100000000011100000000000000000
00001000000000010000111100011101
00100000000011100000000000000001
00010100000011100000000000000010
00100000000000100000000000000000
00001000000000010000111100110101
11100111101000111111111110101100
11100111101001001111111110101000
10101111101011011111111111001000
10101111101111111111111110100100
00100111101111010000000001100000
00001100000000010011001101111011
00100011101111010000000001100000
10001111101111111111111110100100
10001111101000101111111111001000
10001100010000100000000000011000
00010100000000100000000000000001
01000110000000000000000000000111
11000111101000011111111110101000
01000110000000010000000000000001
11000111101000011111111110101100
01000110000000010000000000000011
10001111101000101111111111101100
11100100010000000000000000000000
00100000000000100000000000000001
00001000000000010000111100110101
00100000000000100000000000000000
00010100000000100000000000001101
10001111101000101111111111011000
00000000000000100001000010000000
10001111101000111111111111011100
00000000011000101100000000100000
10001111000000100000000000000000
10001100010000100000000000011000
00010100000000100000000000000001
00000011111000000000000000001000
10001111101000101111111111100000
00100000010000100000000000000001
10001111101000111111111111100100
10001111101001001111111111101000
00001000000000010000110100101011
10001111101000111111111111101100
11000100011000000000000000000000
00111100000110000000000000000101
00110111000110000000001100001100
11000111000000010000000000000000
01000110000000010000000000111110
01000101000000000000000000000010
00100000000000110000000000000000
00001000000000010000111101001101
00100000000000110000000000000001
00010100000000110000000000000001
00001000000000010000111110001100
10001111101000111111111111110000
11000100011000010000000000000000
01000110000000000000100000111110
01000101000000000000000000000010
00100000000001000000000000000000
00001000000000010000111101010110
00100000000001000000000000000001
00010100000001000000000000000001
00001000000000010000111110001100
00111100000110000000000000000101
00110111000110000000001011011100
11000111000000010000000000000000
01000110000000010000000000000000
10001111101001001111111111101000
11000100100000010000000000000000
01000110000000000000100001000010
10001111101001011111111111110100
11000100101000100000000000000000
01000110000000100000100001000000
11000100100000100000000000000100
01000110000000000001000010000010
11000100101000110000000000000100
01000110000000110001000010000000
11000100100000110000000000001000
01000110000000000001100011000010
11000100101001000000000000001000
01000110000001000001100011000000
10001111101001011111111111100100
10101111101000101111111110100100
11100111101000111111111110100000
11100111101000101111111110011100
11100111101000011111111110011000
11100111101000001111111110010100
00100000101000110000000000000000
00100000000000100000000000000000
01000110000000000000100000000110
01000110000000000001000001000110
01000110000000000001100010000110
10101111101111111111111110010000
00100111101111010000000001110100
00001100000000010000100011001010
00100011101111010000000001110100
10001111101111111111111110010000
00010100000000100000000000000001
00001000000000010000111110001100
10001111101000101111111111110000
11000111101000001111111110010100
11100100010000000000000000000000
10001111101000101111111111111000
11000111101000001111111110011000
11100100010000000000000000000000
11000111101000001111111110011100
11100100010000000000000000000100
11000111101000001111111110100000
11100100010000000000000000001000
10001111101000101111111111111100
10001111101000111111111111011000
10101100010000110000000000000000
10001111101000100000000000000000
10001111101000111111111110100100
10101100010000110000000000000000
10001111101000101111111111100000
00100000010000100000000000000001
10001111101000111111111111100100
10001111101001001111111111101000
00001000000000010000110100101011
00000000000000100010100010000000
00000000011001011100000000100000
10001111000001010000000000000000
00111100000001100000001000000000
00110100110001100000000101001100
00100000000110001111111111111111
00010111000001010000000000000001
00000011111000000000000000001000
00000000000001010010100010000000
00000000110001011100000000100000
10001111000001010000000000000000
10101111101001000000000000000000
10101111101000111111111111111100
10101111101000101111111111111000
00100000101000110000000000000000
00100000000000100000000000000000
10101111101111111111111111110100
00100111101111010000000000010000
00001100000000010000110100101011
00100011101111010000000000010000
10001111101111111111111111110100
10001111101000101111111111111000
00100000010000100000000000000001
10001111101000111111111111111100
10001111101001000000000000000000
00001000000000010000111110010001
00000000000000100010100010000000
00000000011001011100000000100000
10001111000001010000000000000000
10001100101001100000000000000000
00111100000001110000001000000000
00110100111001110000000000110000
00111100000010000000001000000000
00110101000010000000001000011100
00111100000010010000001000000000
00110101001010010000001001111100
00111100000010100000001000000000
00110101010010100000001000100100
00100000000110001111111111111111
00010111000001100000000000000001
00000011111000000000000000001000
10101111101001000000000000000000
10101111101000111111111111111100
10101111101000101111111111111000
00100000000110000000000001100011
00010111000001100000000000001001
00100000000001100000000000000001
00100000101000110000000000000000
00100000110000100000000000000000
10101111101111111111111111110100
00100111101111010000000000010000
00001100000000010000111110010001
00100011101111010000000000010000
10001111101111111111111111110100
00001000000000010001000111001011
00000000000001100011000010000000
00000000111001101100000000100000
10001111000001100000000000000000
11000101001000000000000000000000
10001100110001110000000000010100
11000100111000010000000000000000
01000110000000010000000000000001
11000101001000010000000000000100
10001100110001110000000000010100
11000100111000100000000000000100
01000110000000100000100001000001
11000101001000100000000000001000
10001100110001110000000000010100
11000100111000110000000000001000
01000110000000110001000010000001
10001100110001110000000000000100
10101111101001011111111111110100
10101111101010101111111111110000
10101111101010001111111111101100
00100000000110000000000000000001
00010111000001110000000100001101
11000100100000110000000000000000
00111100000110000000000000000101
00110111000110000000001100001100
11000111000001000000000000000000
01000110000001000001100000110010
01000101000000000000000000000010
00100000000001110000000000000001
00001000000000010000111111100110
00100000000001110000000000000000
11100111101000001111111111101000
11100111101000101111111111100100
11100111101000011111111111100000
10101111101001101111111111011100
00010100000001110000000001000111
10001100110001110000000000010000
10001100110010010000000000011000
11000100100000110000000000000000
00111100000110000000000000000101
00110111000110000000001100001100
11000111000001000000000000000000
01000110000000110010000000111110
01000101000000000000000000000010
00100000000010110000000000000000
00001000000000010000111111110110
00100000000010110000000000000001
00010100000010010000000000000010
00100001011010010000000000000000
00001000000000010000111111111101
00010100000010110000000000000010
00100000000010010000000000000001
00001000000000010000111111111101
00100000000010010000000000000000
11000100111000110000000000000000
00010100000010010000000000000001
01000110000000000001100011000111
01000110000000000001100011000001
11000100100001000000000000000000
01000110000001000001100011000011
11000100100001000000000000000100
01000110000001000001100100000010
01000110000000010010000100000000
11100111101000111111111111011000
10101111101001111111111111010100
01000110000000000010000000000110
10101111101111111111111111010000
00100111101111010000000000110100
00001100000000010011001101111001
00100011101111010000000000110100
10001111101111111111111111010000
10001111101000101111111111010100
11000100010000010000000000000100
01000110000000000000100000111110
01000101000000000000000000000010
00100000000000110000000000000000
00001000000000010001000000010101
00100000000000110000000000000001
00010100000000110000000000000010
00100000000000100000000000000000
00001000000000010001000000110011
10001111101000110000000000000000
11000100011000000000000000001000
11000111101000011111111111011000
01000110000000000000100000000010
11000111101000101111111111100100
01000110000000100000000000000000
10101111101111111111111111010000
00100111101111010000000000110100
00001100000000010011001101111001
00100011101111010000000000110100
10001111101111111111111111010000
10001111101000101111111111010100
11000100010000010000000000001000
01000110000000000000100000111110
01000101000000000000000000000010
00100000000000100000000000000000
00001000000000010001000000101010
00100000000000100000000000000001
00010100000000100000000000000010
00100000000000100000000000000000
00001000000000010001000000110011
10001111101000101111111111101100
11000111101000001111111111011000
11100100010000000000000000000000
00100000000000100000000000000001
00001000000000010001000000110011
00100000000000100000000000000000
00010100000000100000000010110100
10001111101001000000000000000000
11000100100000000000000000000100
00111100000110000000000000000101
00110111000110000000001100001100
11000111000000010000000000000000
01000110000000010000000000110010
01000101000000000000000000000010
00100000000000100000000000000001
00001000000000010001000000111110
00100000000000100000000000000000
00010100000000100000000001001010
10001111101000101111111111011100
10001100010000110000000000010000
10001100010001010000000000011000
11000100100000000000000000000100
00111100000110000000000000000101
00110111000110000000001100001100
11000111000000010000000000000000
01000110000000000000100000111110
01000101000000000000000000000010
00100000000001100000000000000000
00001000000000010001000001001011
00100000000001100000000000000001
00010100000001010000000000000010
00100000110001010000000000000000
00001000000000010001000001010010
00010100000001100000000000000010
00100000000001010000000000000001
00001000000000010001000001010010
00100000000001010000000000000000
11000100011000000000000000000100
00010100000001010000000000000001
01000110000000000000000000000111
11000111101000011111111111100000
01000110000000010000000000000001
11000100100000100000000000000100
01000110000000100000000000000011
11000100100000100000000000001000
01000110000000100000000010000010
11000111101000111111111111100100
01000110000000110001000010000000
11100111101000001111111111010000
10101111101000111111111111001100
01000110000000000001000000000110
10101111101111111111111111001000
00100111101111010000000000111100
00001100000000010011001101111001
00100011101111010000000000111100
10001111101111111111111111001000
10001111101000101111111111001100
11000100010000010000000000001000
01000110000000000000100000111110
01000101000000000000000000000010
00100000000000110000000000000000
00001000000000010001000001101100
00100000000000110000000000000001
00010100000000110000000000000010
00100000000000100000000000000000
00001000000000010001000010001010
10001111101000110000000000000000
11000100011000000000000000000000
11000111101000011111111111010000
01000110000000000000100000000010
11000111101000101111111111101000
01000110000000100000000000000000
10101111101111111111111111001000
00100111101111010000000000111100
00001100000000010011001101111001
00100011101111010000000000111100
10001111101111111111111111001000
10001111101000101111111111001100
11000100010000010000000000000000
01000110000000000000100000111110
01000101000000000000000000000010
00100000000000100000000000000000
00001000000000010001000010000001
00100000000000100000000000000001
00010100000000100000000000000010
00100000000000100000000000000000
00001000000000010001000010001010
10001111101000101111111111101100
11000111101000001111111111010000
11100100010000000000000000000000
00100000000000100000000000000001
00001000000000010001000010001010
00100000000000100000000000000000
00010100000000100000000001011011
10001111101001000000000000000000
11000100100000000000000000001000
00111100000110000000000000000101
00110111000110000000001100001100
11000111000000010000000000000000
01000110000000010000000000110010
01000101000000000000000000000010
00100000000000100000000000000001
00001000000000010001000010010101
00100000000000100000000000000000
00010100000000100000000001001010
10001111101000101111111111011100
10001100010000110000000000010000
10001100010000100000000000011000
11000100100000000000000000001000
00111100000110000000000000000101
00110111000110000000001100001100
11000111000000010000000000000000
01000110000000000000100000111110
01000101000000000000000000000010
00100000000001010000000000000000
00001000000000010001000010100010
00100000000001010000000000000001
00010100000000100000000000000010
00100000101000100000000000000000
00001000000000010001000010101001
00010100000001010000000000000010
00100000000000100000000000000001
00001000000000010001000010101001
00100000000000100000000000000000
11000100011000000000000000001000
00010100000000100000000000000001
01000110000000000000000000000111
11000111101000011111111111100100
01000110000000010000000000000001
11000100100000010000000000001000
01000110000000010000000000000011
11000100100000010000000000000000
01000110000000010000000001000010
11000111101000101111111111101000
01000110000000100000100001000000
11100111101000001111111111001000
10101111101000111111111111000100
01000110000000000000100000000110
10101111101111111111111111000000
00100111101111010000000001000100
00001100000000010011001101111001
00100011101111010000000001000100
10001111101111111111111111000000
10001111101000101111111111000100
11000100010000010000000000000000
01000110000000000000100000111110
01000101000000000000000000000010
00100000000000110000000000000000
00001000000000010001000011000011
00100000000000110000000000000001
00010100000000110000000000000010
00100000000000100000000000000000
00001000000000010001000011100001
10001111101000110000000000000000
11000100011000000000000000000100
11000111101000011111111111001000
01000110000000000000100000000010
11000111101000101111111111100000
01000110000000100000000000000000
10101111101111111111111111000000
00100111101111010000000001000100
00001100000000010011001101111001
00100011101111010000000001000100
10001111101111111111111111000000
10001111101000101111111111000100
11000100010000010000000000000100
01000110000000000000100000111110
01000101000000000000000000000010
00100000000000100000000000000000
00001000000000010001000011011000
00100000000000100000000000000001
00010100000000100000000000000010
00100000000000100000000000000000
00001000000000010001000011100001
10001111101000101111111111101100
11000111101000001111111111001000
11100100010000000000000000000000
00100000000000100000000000000001
00001000000000010001000011100001
00100000000000100000000000000000
00010100000000100000000000000010
00100000000000100000000000000000
00001000000000010001000110110110
00100000000000100000000000000011
00001000000000010001000110110110
00100000000000100000000000000010
00001000000000010001000110110110
00100000000000100000000000000001
00001000000000010001000110110110
00100000000110000000000000000010
00010111000001110000000000100100
10001100110001100000000000010000
11000100100000110000000000000000
11000100110001000000000000000000
01000110000001000001100011000010
11000100100001000000000000000100
11000100110001010000000000000100
01000110000001010010000100000010
01000110000001000001100011000000
11000100100001000000000000001000
11000100110001010000000000001000
01000110000001010010000100000010
01000110000001000001100011000000
00111100000110000000000000000101
00110111000110000000001100001100
11000111000001000000000000000000
01000110000001000001100000111110
01000101000000000000000000000010
00100000000001110000000000000000
00001000000000010001000100000000
00100000000001110000000000000001
00010100000001110000000000000010
00100000000000100000000000000000
00001000000000010001000110110110
11000100110001000000000000000000
01000110000000000010000000000010
11000100110001000000000000000100
01000110000000010010000001000010
01000110000000010000000000000000
11000100110000010000000000001000
01000110000000100000100001000010
01000110000000010000000000000000
01000110000000000000000000000111
01000110000000110000000000000011
11100101000000000000000000000000
00100000000000100000000000000001
00001000000000010001000110110110
11000100100000110000000000000000
11000100100001000000000000000100
11000100100001010000000000001000
01000110000000110001100110000010
10001100110001110000000000010000
11000100111001110000000000000000
01000110000001110011000110000010
01000110000001000010000111000010
10001100110001110000000000010000
11000100111010000000000000000100
01000110000010000011100111000010
01000110000001110011000110000000
01000110000001010010100111000010
10001100110001110000000000010000
11000100111010000000000000001000
01000110000010000011100111000010
01000110000001110011000110000000
10001100110001110000000000001100
00010100000001110000000000000010
01000110000000000011000011000110
00001000000000010001000100110100
01000110000001010010000111000010
10001100110001110000000000100100
11000100111010000000000000000000
01000110000010000011100111000010
01000110000001110011000110000000
01000110000000110010100101000010
10001100110001110000000000100100
11000100111001110000000000000100
01000110000001110010100101000010
01000110000001010011000101000000
01000110000001000001100011000010
10001100110001110000000000100100
11000100111001000000000000001000
01000110000001000001100011000010
01000110000000110010100011000000
00111100000110000000000000000101
00110111000110000000001100001100
11000111000001000000000000000000
01000110000001000001100000110010
01000101000000000000000000000010
00100000000001110000000000000001
00001000000000010001000100111100
00100000000001110000000000000000
00010100000001110000000001111000
11000100100001000000000000000000
11000100100001010000000000000100
11000100100001100000000000001000
01000110000000000010000111000010
10001100110001110000000000010000
11000100111010000000000000000000
01000110000010000011100111000010
01000110000000010010101000000010
10001100110001110000000000010000
11000100111010010000000000000100
01000110000010010100001000000010
01000110000010000011100111000000
01000110000000100011001000000010
10001100110001110000000000010000
11000100111010010000000000001000
01000110000010010100001000000010
01000110000010000011100111000000
10001100110001110000000000001100
00010100000001110000000000000010
01000110000000000011100100000110
00001000000000010001000101101011
01000110000000010011001000000010
01000110000000100010101001000010
01000110000010010100001000000000
10001100110001110000000000100100
11000100111010010000000000000000
01000110000010010100001000000010
01000110000000100010001001000010
01000110000000000011000110000010
01000110000001100100100110000000
10001100110001110000000000100100
11000100111010010000000000000100
01000110000010010011000110000010
01000110000001100100000110000000
01000110000000010010000100000010
01000110000000000010100101000010
01000110000001010010000100000000
10001100110001110000000000100100
11000100111001010000000000001000
01000110000001010010000100000010
01000110000001000011000100000000
00111100000110000000000000000101
00110111000110000000001100010100
11000111000001010000000000000000
01000110000001010010000100000010
01000110000001000011100100000000
01000110000000000000000101000010
10001100110001110000000000010000
11000100111001100000000000000000
01000110000001100010100101000010
01000110000000010000100110000010
10001100110001110000000000010000
11000100111001110000000000000100
01000110000001110011000110000010
01000110000001100010100101000000
01000110000000100001000110000010
10001100110001110000000000010000
11000100111001110000000000001000
01000110000001110011000110000010
01000110000001100010100101000000
10001100110001110000000000001100
00010100000001110000000000000010
01000110000000000010100000000110
00001000000000010001000110001100
01000110000000100000100110000010
10001100110001110000000000100100
11000100111001110000000000000000
01000110000001110011000110000010
01000110000001100010100101000000
01000110000000000001000010000010
10001100110001110000000000100100
11000100111001100000000000000100
01000110000001100001000010000010
01000110000000100010100010000000
01000110000000010000000000000010
10001100110001110000000000100100
11000100111000010000000000001000
01000110000000010000000000000010
01000110000000000001000000000000
10001100110001110000000000000100
00100000000110000000000000000011
00010111000001110000000000000100
00111100000110000000000000000101
00110111000110000000001100000100
11000111000000010000000000000000
01000110000000010000000000000001
01000110000001000010000001000010
01000110000000000001100000000010
01000110000000000000100000000001
00111100000110000000000000000101
00110111000110000000001100001100
11000111000000010000000000000000
01000110000000010000000000111110
01000101000000000000000000000010
00100000000001110000000000000000
00001000000000010001000110011110
00100000000001110000000000000001
00010100000001110000000000000010
00100000000000100000000000000000
00001000000000010001000110110110
11100111101000111111111111000000
11100111101001001111111110111100
10101111101001101111111111011100
10101111101111111111111110111000
00100111101111010000000001001100
00001100000000010011001101111011
00100011101111010000000001001100
10001111101111111111111110111000
10001111101000101111111111011100
10001100010000100000000000011000
00010100000000100000000000000001
01000110000000000000000000000111
11000111101000011111111110111100
01000110000000010000000000000001
11000111101000011111111111000000
01000110000000010000000000000011
10001111101000101111111111101100
11100100010000000000000000000000
00100000000000100000000000000001
00001000000000010001000110110110
00100000000000100000000000000000
00010100000000100000000000000001
00001000000000010001000111001011
10001111101000101111111111101100
11000100010000000000000000000000
10001111101000101111111111110000
11000100010000010000000000000000
01000110000000000000100000111110
01000101000000000000000000000010
00100000000000100000000000000000
00001000000000010001000111000001
00100000000000100000000000000001
00010100000000100000000000000001
00001000000000010001000111001011
00100000000000100000000000000001
10001111101000111111111111110100
10001111101001000000000000000000
10101111101111111111111110111000
00100111101111010000000001001100
00001100000000010000111110010001
00100011101111010000000001001100
10001111101111111111111110111000
10001111101000101111111111111000
00100000010000100000000000000001
10001111101000111111111111111100
10001111101001000000000000000000
00001000000000010000111110101011
10001100100001010000000000000000
00000000000000100011000010000000
00000000011001101100000000100000
10001111000001100000000000000000
00111100000001110000001000000000
00110100111001110000001000110100
00111100000010000000001000000000
00110101000010000000001000101000
00111100000010010000001000000000
00110101001010010000001000100000
00111100000010100000001000000000
00110101010010100000000000110000
00111100000010110000001000000000
00110101011010110000001000011100
00111100000011000000001000000000
00110101100011000000001010001000
00111100000011010000001000000000
00110101101011010000001000100100
00100000000110001111111111111111
00010111000001100000000000000001
00000011111000000000000000001000
00000000000001100111000010000000
00000001010011101100000000100000
10001111000011100000000000000000
10001101110100000000000000101000
11000110000000000000000000000000
11000110000000010000000000000100
11000110000000100000000000001000
10001100100100010000000000000100
00000000000001101001000010000000
00000010001100101100000000100000
10001111000100010000000000000000
10001101110100100000000000000100
10101111101010010000000000000000
10101111101001111111111111111100
10101111101010001111111111111000
10101111101011001111111111110100
10101111101001011111111111110000
10101111101011011111111111101100
10101111101010111111111111101000
10101111101001001111111111100100
10101111101000111111111111100000
10101111101000101111111111011100
10101111101010101111111111011000
10101111101001101111111111010100
00100000000110000000000000000001
00010111000100100000000011011010
10001100100100000000000000000000
11000110001000110000000000000000
01000110000000000001100011000001
11000110001001000000000000000100
01000110000001000001100011000010
11000110000001000000000000000100
01000110000001000001100100000010
01000110000000010010000100000000
11100111101000001111111111010000
11100111101000011111111111001100
10101111101100011111111111001000
11100111101000101111111111000100
11100111101000111111111111000000
10101111101100001111111110111100
10101111101011101111111110111000
01000110000000000010000000000110
10101111101111111111111110110100
00100111101111010000000001010000
00001100000000010011001101111001
00100011101111010000000001010000
10001111101111111111111110110100
10001111101000101111111110111000
10001100010000110000000000010000
11000100011000010000000000000100
01000110000000000000100000111110
01000101000000000000000000000010
00100000000000110000000000000000
00001000000000010001001000011100
00100000000000110000000000000001
00010100000000110000000000000010
00100000000000110000000000000000
00001000000000010001001001000011
10001111101000111111111110111100
11000100011000000000000000001000
11000111101000011111111111000000
01000110000000000000100000000010
11000111101000101111111111000100
01000110000000100000000000000000
10101111101111111111111110110100
00100111101111010000000001010000
00001100000000010011001101111001
00100011101111010000000001010000
10001111101111111111111110110100
10001111101000101111111110111000
10001100010000110000000000010000
11000100011000010000000000001000
01000110000000000000100000111110
01000101000000000000000000000010
00100000000000110000000000000000
00001000000000010001001000110010
00100000000000110000000000000001
00010100000000110000000000000010
00100000000000110000000000000000
00001000000000010001001001000011
10001111101000111111111111001000
11000100011000000000000000000100
00111100000110000000000000000101
00110111000110000000001100001100
11000111000000010000000000000000
01000110000000010000000000110010
01000101000000000000000000000010
00100000000001000000000000000001
00001000000000010001001000111111
00100000000001000000000000000000
00010100000001000000000000000010
00100000000000110000000000000001
00001000000000010001001001000011
00100000000000110000000000000000
00010100000000110000000010010000
10001111101000111111111111001000
11000100011000000000000000001000
11000111101000011111111111001100
01000110000000010000000000000001
11000100011000100000000000001100
01000110000000100000000000000010
10001111101001001111111110111100
11000100100000100000000000000000
01000110000000100000000010000010
11000111101000111111111111010000
01000110000000110001000010000000
11100111101000001111111110110100
01000110000000000001000000000110
10101111101111111111111110110000
00100111101111010000000001010100
00001100000000010011001101111001
00100011101111010000000001010100
10001111101111111111111110110000
10001111101000101111111110111000
10001100010000110000000000010000
11000100011000010000000000000000
01000110000000000000100000111110
01000101000000000000000000000010
00100000000000110000000000000000
00001000000000010001001001011110
00100000000000110000000000000001
00010100000000110000000000000010
00100000000000110000000000000000
00001000000000010001001010000101
10001111101000111111111110111100
11000100011000000000000000001000
11000111101000011111111110110100
01000110000000000000100000000010
11000111101000101111111111000100
01000110000000100000000000000000
10101111101111111111111110110000
00100111101111010000000001010100
00001100000000010011001101111001
00100011101111010000000001010100
10001111101111111111111110110000
10001111101000101111111110111000
10001100010000110000000000010000
11000100011000010000000000001000
01000110000000000000100000111110
01000101000000000000000000000010
00100000000000110000000000000000
00001000000000010001001001110100
00100000000000110000000000000001
00010100000000110000000000000010
00100000000000110000000000000000
00001000000000010001001010000101
10001111101000111111111111001000
11000100011000000000000000001100
00111100000110000000000000000101
00110111000110000000001100001100
11000111000000010000000000000000
01000110000000010000000000110010
01000101000000000000000000000010
00100000000001000000000000000001
00001000000000010001001010000001
00100000000001000000000000000000
00010100000001000000000000000010
00100000000000110000000000000001
00001000000000010001001010000101
00100000000000110000000000000000
00010100000000110000000001001001
10001111101000111111111111001000
11000100011000000000000000010000
11000111101000011111111111000100
01000110000000010000000000000001
11000100011000010000000000010100
01000110000000010000000000000010
10001111101001001111111110111100
11000100100000010000000000000000
01000110000000010000000001000010
11000111101000101111111111010000
01000110000000100000100001000000
11100111101000001111111110110000
01000110000000000000100000000110
10101111101111111111111110101100
00100111101111010000000001011000
00001100000000010011001101111001
00100011101111010000000001011000
10001111101111111111111110101100
10001111101000101111111110111000
10001100010000110000000000010000
11000100011000010000000000000000
01000110000000000000100000111110
01000101000000000000000000000010
00100000000000110000000000000000
00001000000000010001001010100000
00100000000000110000000000000001
00010100000000110000000000000010
00100000000000100000000000000000
00001000000000010001001011000111
10001111101000111111111110111100
11000100011000000000000000000100
11000111101000011111111110110000
01000110000000000000100000000010
11000111101000101111111111001100
01000110000000100000000000000000
10101111101111111111111110101100
00100111101111010000000001011000
00001100000000010011001101111001
00100011101111010000000001011000
10001111101111111111111110101100
10001111101000101111111110111000
10001100010000100000000000010000
11000100010000010000000000000100
01000110000000000000100000111110
01000101000000000000000000000010
00100000000000100000000000000000
00001000000000010001001010110110
00100000000000100000000000000001
00010100000000100000000000000010
00100000000000100000000000000000
00001000000000010001001011000111
10001111101000101111111111001000
11000100010000000000000000010100
00111100000110000000000000000101
00110111000110000000001100001100
11000111000000010000000000000000
01000110000000010000000000110010
01000101000000000000000000000010
00100000000000100000000000000001
00001000000000010001001011000011
00100000000000100000000000000000
00010100000000100000000000000010
00100000000000100000000000000001
00001000000000010001001011000111
00100000000000100000000000000000
00010100000000100000000000000010
00100000000000100000000000000000
00001000000000010001001100110010
10001111101000101111111111101000
11000111101000001111111110110000
11100100010000000000000000000000
00100000000000100000000000000011
00001000000000010001001100110010
10001111101000101111111111101000
11000111101000001111111110110100
11100100010000000000000000000000
00100000000000100000000000000010
00001000000000010001001100110010
10001111101000101111111111101000
11000111101000001111111111000000
11100100010000000000000000000000
00100000000000100000000000000001
00001000000000010001001100110010
00100000000110000000000000000010
00010111000100100000000000010010
11000110001000000000000000000000
00111100000110000000000000000101
00110111000110000000001100001100
11000111000000010000000000000000
01000110000000000000100000111110
01000101000000000000000000000010
00100000000011100000000000000000
00001000000000010001001011100100
00100000000011100000000000000001
00010100000011100000000000000010
00100000000000100000000000000000
00001000000000010001001100110010
11000110001000000000000000000000
11000110000000010000000000001100
01000110000000010000000000000010
11100101011000000000000000000000
00100000000000100000000000000001
00001000000000010001001100110010
11000110001000110000000000000000
00111100000110000000000000000101
00110111000110000000001100001100
11000111000001000000000000000000
01000110000001000001100000110010
01000101000000000000000000000010
00100000000100100000000000000001
00001000000000010001001011110110
00100000000100100000000000000000
00010100000100100000000000111010
11000110001001000000000000000100
01000110000000000010000000000010
11000110001001000000000000001000
01000110000000010010000001000010
01000110000000010000000000000000
11000110001000010000000000001100
01000110000000100000100001000010
01000110000000010000000000000000
11000110000000010000000000001100
01000110000000000000000010000010
01000110000000010001100001000010
01000110000000010001000001000001
00111100000110000000000000000101
00110111000110000000001100001100
11000111000000100000000000000000
01000110000000100000100000111110
01000101000000000000000000000010
00100000000100000000000000000000
00001000000000010001001100001011
00100000000100000000000000000001
00010100000100000000000000000010
00100000000000100000000000000000
00001000000000010001001100110010
10001101110011100000000000011000
00010100000011100000000000010000
10101111101100011111111111001000
11100111101000001111111110101100
01000110000000000000100000000110
10101111101111111111111110101000
00100111101111010000000001011100
00001100000000010011001101111011
00100011101111010000000001011100
10001111101111111111111110101000
11000111101000011111111110101100
01000110000000000000100000000001
10001111101000101111111111001000
11000100010000010000000000010000
01000110000000010000000000000010
10001111101000101111111111101000
11100100010000000000000000000000
00001000000000010001001100101111
10101111101100011111111111001000
11100111101000001111111110101100
01000110000000000000100000000110
10101111101111111111111110101000
00100111101111010000000001011100
00001100000000010011001101111011
00100011101111010000000001011100
10001111101111111111111110101000
11000111101000011111111110101100
01000110000000000000100000000000
10001111101000101111111111001000
11000100010000010000000000010000
01000110000000010000000000000010
10001111101000101111111111101000
11100100010000000000000000000000
00100000000000100000000000000001
00001000000000010001001100110010
00100000000000100000000000000000
00010100000000100000000000001101
10001111101000101111111111010100
00000000000000100001000010000000
10001111101000111111111111011000
00000000011000101100000000100000
10001111000000100000000000000000
10001100010000100000000000011000
00010100000000100000000000000001
00000011111000000000000000001000
10001111101000101111111111011100
00100000010000100000000000000001
10001111101000111111111111100000
10001111101001001111111111100100
00001000000000010001000111010000
10001111101000111111111111101000
11000100011000000000000000000000
00111100000110000000000000000101
00110111000110000000001100001100
11000111000000010000000000000000
01000110000000010000000000111110
01000101000000000000000000000010
00100000000000110000000000000000
00001000000000010001001101001010
00100000000000110000000000000001
00010100000000110000000000000001
00001000000000010001001110001001
10001111101000111111111111101100
11000100011000010000000000000000
01000110000000000000100000111110
01000101000000000000000000000010
00100000000001000000000000000000
00001000000000010001001101010011
00100000000001000000000000000001
00010100000001000000000000000001
00001000000000010001001110001001
00111100000110000000000000000101
00110111000110000000001011011100
11000111000000010000000000000000
01000110000000010000000000000000
10001111101001001111111111110000
11000100100000010000000000000000
01000110000000000000100001000010
10001111101001011111111111110100
11000100101000100000000000000000
01000110000000100000100001000000
11000100100000100000000000000100
01000110000000000001000010000010
11000100101000110000000000000100
01000110000000110001000010000000
11000100100000110000000000001000
01000110000000000001100011000010
11000100101001000000000000001000
01000110000001000001100011000000
10001111101001001111111111100000
10101111101000101111111110101000
11100111101000111111111110100100
11100111101000101111111110100000
11100111101000011111111110011100
11100111101000001111111110011000
00100000100000110000000000000000
00100000000000100000000000000000
01000110000000000000100000000110
01000110000000000001000001000110
01000110000000000001100010000110
10101111101111111111111110010100
00100111101111010000000001110000
00001100000000010000100011001010
00100011101111010000000001110000
10001111101111111111111110010100
00010100000000100000000000000001
00001000000000010001001110001001
10001111101000101111111111101100
11000111101000001111111110011000
11100100010000000000000000000000
10001111101000101111111111111000
11000111101000001111111110011100
11100100010000000000000000000000
11000111101000001111111110100000
11100100010000000000000000000100
11000111101000001111111110100100
11100100010000000000000000001000
10001111101000101111111111111100
10001111101000111111111111010100
10101100010000110000000000000000
10001111101000100000000000000000
10001111101000111111111110101000
10101100010000110000000000000000
10001111101000101111111111011100
00100000010000100000000000000001
10001111101000111111111111100000
10001111101001001111111111100100
00001000000000010001000111010000
00000000000000100010100010000000
00000000011001011100000000100000
10001111000001010000000000000000
00111100000001100000001000000000
00110100110001100000000101001100
00100000000110001111111111111111
00010111000001010000000000000001
00000011111000000000000000001000
00000000000001010010100010000000
00000000110001011100000000100000
10001111000001010000000000000000
10101111101001000000000000000000
10101111101000111111111111111100
10101111101000101111111111111000
00100000101000110000000000000000
00100000000000100000000000000000
10101111101111111111111111110100
00100111101111010000000000010000
00001100000000010001000111010000
00100011101111010000000000010000
10001111101111111111111111110100
10001111101000101111111111111000
00100000010000100000000000000001
10001111101000111111111111111100
10001111101001000000000000000000
00001000000000010001001110001110
00000000000000100010100010000000
00000000011001011100000000100000
10001111000001010000000000000000
10001100101001100000000000000000
00111100000001110000001000000000
00110100111001110000000000110000
00111100000010000000001000000000
00110101000010000000001000011100
00111100000010010000001000000000
00110101001010010000001000100100
00100000000110001111111111111111
00010111000001100000000000000001
00000011111000000000000000001000
10101111101001000000000000000000
10101111101000111111111111111100
10101111101000101111111111111000
00100000000110000000000001100011
00010111000001100000000000001001
00100000000001100000000000000001
00100000101000110000000000000000
00100000110000100000000000000000
10101111101111111111111111110100
00100111101111010000000000010000
00001100000000010001001110001110
00100011101111010000000000010000
10001111101111111111111111110100
00001000000000010001010100011100
00000000000001100101000010000000
00000000111010101100000000100000
10001111000001110000000000000000
10001100111010100000000000101000
11000101010000000000000000000000
11000101010000010000000000000100
11000101010000100000000000001000
10001100100010110000000000000100
00000000000001100011000010000000
00000001011001101100000000100000
10001111000001100000000000000000
10001100111010110000000000000100
10101111101001011111111111110100
10101111101010011111111111110000
10101111101010001111111111101100
00100000000110000000000000000001
00010111000010110000000011011010
10001100100010100000000000000000
11000100110000110000000000000000
01000110000000000001100011000001
11000100110001000000000000000100
01000110000001000001100011000010
11000101010001000000000000000100
01000110000001000001100100000010
01000110000000010010000100000000
11100111101000001111111111101000
11100111101000011111111111100100
10101111101001101111111111100000
11100111101000101111111111011100
11100111101000111111111111011000
10101111101010101111111111010100
10101111101001111111111111010000
01000110000000000010000000000110
10101111101111111111111111001100
00100111101111010000000000111000
00001100000000010011001101111001
00100011101111010000000000111000
10001111101111111111111111001100
10001111101000101111111111010000
10001100010000110000000000010000
11000100011000010000000000000100
01000110000000000000100000111110
01000101000000000000000000000010
00100000000000110000000000000000
00001000000000010001001111110001
00100000000000110000000000000001
00010100000000110000000000000010
00100000000000110000000000000000
00001000000000010001010000011000
10001111101000111111111111010100
11000100011000000000000000001000
11000111101000011111111111011000
01000110000000000000100000000010
11000111101000101111111111011100
01000110000000100000000000000000
10101111101111111111111111001100
00100111101111010000000000111000
00001100000000010011001101111001
00100011101111010000000000111000
10001111101111111111111111001100
10001111101000101111111111010000
10001100010000110000000000010000
11000100011000010000000000001000
01000110000000000000100000111110
01000101000000000000000000000010
00100000000000110000000000000000
00001000000000010001010000000111
00100000000000110000000000000001
00010100000000110000000000000010
00100000000000110000000000000000
00001000000000010001010000011000
10001111101000111111111111100000
11000100011000000000000000000100
00111100000110000000000000000101
00110111000110000000001100001100
11000111000000010000000000000000
01000110000000010000000000110010
01000101000000000000000000000010
00100000000001000000000000000001
00001000000000010001010000010100
00100000000001000000000000000000
00010100000001000000000000000010
00100000000000110000000000000001
00001000000000010001010000011000
00100000000000110000000000000000
00010100000000110000000010010000
10001111101000111111111111100000
11000100011000000000000000001000
11000111101000011111111111100100
01000110000000010000000000000001
11000100011000100000000000001100
01000110000000100000000000000010
10001111101001001111111111010100
11000100100000100000000000000000
01000110000000100000000010000010
11000111101000111111111111101000
01000110000000110001000010000000
11100111101000001111111111001100
01000110000000000001000000000110
10101111101111111111111111001000
00100111101111010000000000111100
00001100000000010011001101111001
00100011101111010000000000111100
10001111101111111111111111001000
10001111101000101111111111010000
10001100010000110000000000010000
11000100011000010000000000000000
01000110000000000000100000111110
01000101000000000000000000000010
00100000000000110000000000000000
00001000000000010001010000110011
00100000000000110000000000000001
00010100000000110000000000000010
00100000000000110000000000000000
00001000000000010001010001011010
10001111101000111111111111010100
11000100011000000000000000001000
11000111101000011111111111001100
01000110000000000000100000000010
11000111101000101111111111011100
01000110000000100000000000000000
10101111101111111111111111001000
00100111101111010000000000111100
00001100000000010011001101111001
00100011101111010000000000111100
10001111101111111111111111001000
10001111101000101111111111010000
10001100010000110000000000010000
11000100011000010000000000001000
01000110000000000000100000111110
01000101000000000000000000000010
00100000000000110000000000000000
00001000000000010001010001001001
00100000000000110000000000000001
00010100000000110000000000000010
00100000000000110000000000000000
00001000000000010001010001011010
10001111101000111111111111100000
11000100011000000000000000001100
00111100000110000000000000000101
00110111000110000000001100001100
11000111000000010000000000000000
01000110000000010000000000110010
01000101000000000000000000000010
00100000000001000000000000000001
00001000000000010001010001010110
00100000000001000000000000000000
00010100000001000000000000000010
00100000000000110000000000000001
00001000000000010001010001011010
00100000000000110000000000000000
00010100000000110000000001001001
10001111101000111111111111100000
11000100011000000000000000010000
11000111101000011111111111011100
01000110000000010000000000000001
11000100011000010000000000010100
01000110000000010000000000000010
10001111101001001111111111010100
11000100100000010000000000000000
01000110000000010000000001000010
11000111101000101111111111101000
01000110000000100000100001000000
11100111101000001111111111001000
01000110000000000000100000000110
10101111101111111111111111000100
00100111101111010000000001000000
00001100000000010011001101111001
00100011101111010000000001000000
10001111101111111111111111000100
10001111101000101111111111010000
10001100010000110000000000010000
11000100011000010000000000000000
01000110000000000000100000111110
01000101000000000000000000000010
00100000000000110000000000000000
00001000000000010001010001110101
00100000000000110000000000000001
00010100000000110000000000000010
00100000000000100000000000000000
00001000000000010001010010011100
10001111101000111111111111010100
11000100011000000000000000000100
11000111101000011111111111001000
01000110000000000000100000000010
11000111101000101111111111100100
01000110000000100000000000000000
10101111101111111111111111000100
00100111101111010000000001000000
00001100000000010011001101111001
00100011101111010000000001000000
10001111101111111111111111000100
10001111101000101111111111010000
10001100010000100000000000010000
11000100010000010000000000000100
01000110000000000000100000111110
01000101000000000000000000000010
00100000000000100000000000000000
00001000000000010001010010001011
00100000000000100000000000000001
00010100000000100000000000000010
00100000000000100000000000000000
00001000000000010001010010011100
10001111101000101111111111100000
11000100010000000000000000010100
00111100000110000000000000000101
00110111000110000000001100001100
11000111000000010000000000000000
01000110000000010000000000110010
01000101000000000000000000000010
00100000000000100000000000000001
00001000000000010001010010011000
00100000000000100000000000000000
00010100000000100000000000000010
00100000000000100000000000000001
00001000000000010001010010011100
00100000000000100000000000000000
00010100000000100000000000000010
00100000000000100000000000000000
00001000000000010001010100000111
10001111101000101111111111101100
11000111101000001111111111001000
11100100010000000000000000000000
00100000000000100000000000000011
00001000000000010001010100000111
10001111101000101111111111101100
11000111101000001111111111001100
11100100010000000000000000000000
00100000000000100000000000000010
00001000000000010001010100000111
10001111101000101111111111101100
11000111101000001111111111011000
11100100010000000000000000000000
00100000000000100000000000000001
00001000000000010001010100000111
00100000000110000000000000000010
00010111000010110000000000010010
11000100110000000000000000000000
00111100000110000000000000000101
00110111000110000000001100001100
11000111000000010000000000000000
01000110000000000000100000111110
01000101000000000000000000000010
00100000000001110000000000000000
00001000000000010001010010111001
00100000000001110000000000000001
00010100000001110000000000000010
00100000000000100000000000000000
00001000000000010001010100000111
11000100110000000000000000000000
11000101010000010000000000001100
01000110000000010000000000000010
11100101000000000000000000000000
00100000000000100000000000000001
00001000000000010001010100000111
11000100110000110000000000000000
00111100000110000000000000000101
00110111000110000000001100001100
11000111000001000000000000000000
01000110000001000001100000110010
01000101000000000000000000000010
00100000000010110000000000000001
00001000000000010001010011001011
00100000000010110000000000000000
00010100000010110000000000111010
11000100110001000000000000000100
01000110000000000010000000000010
11000100110001000000000000001000
01000110000000010010000001000010
01000110000000010000000000000000
11000100110000010000000000001100
01000110000000100000100001000010
01000110000000010000000000000000
11000101010000010000000000001100
01000110000000000000000010000010
01000110000000010001100001000010
01000110000000010001000001000001
00111100000110000000000000000101
00110111000110000000001100001100
11000111000000100000000000000000
01000110000000100000100000111110
01000101000000000000000000000010
00100000000010100000000000000000
00001000000000010001010011100000
00100000000010100000000000000001
00010100000010100000000000000010
00100000000000100000000000000000
00001000000000010001010100000111
10001100111001110000000000011000
00010100000001110000000000010000
10101111101001101111111111100000
11100111101000001111111111000100
01000110000000000000100000000110
10101111101111111111111111000000
00100111101111010000000001000100
00001100000000010011001101111011
00100011101111010000000001000100
10001111101111111111111111000000
11000111101000011111111111000100
01000110000000000000100000000001
10001111101000101111111111100000
11000100010000010000000000010000
01000110000000010000000000000010
10001111101000101111111111101100
11100100010000000000000000000000
00001000000000010001010100000100
10101111101001101111111111100000
11100111101000001111111111000100
01000110000000000000100000000110
10101111101111111111111111000000
00100111101111010000000001000100
00001100000000010011001101111011
00100011101111010000000001000100
10001111101111111111111111000000
11000111101000011111111111000100
01000110000000000000100000000000
10001111101000101111111111100000
11000100010000010000000000010000
01000110000000010000000000000010
10001111101000101111111111101100
11100100010000000000000000000000
00100000000000100000000000000001
00001000000000010001010100000111
00100000000000100000000000000000
00010100000000100000000000000001
00001000000000010001010100011100
10001111101000101111111111101100
11000100010000000000000000000000
10001111101000101111111111110000
11000100010000010000000000000000
01000110000000000000100000111110
01000101000000000000000000000010
00100000000000100000000000000000
00001000000000010001010100010010
00100000000000100000000000000001
00010100000000100000000000000001
00001000000000010001010100011100
00100000000000100000000000000001
10001111101000111111111111110100
10001111101001000000000000000000
10101111101111111111111111000000
00100111101111010000000001000100
00001100000000010001001110001110
00100011101111010000000001000100
10001111101111111111111111000000
10001111101000101111111111111000
00100000010000100000000000000001
10001111101000111111111111111100
10001111101001000000000000000000
00001000000000010001001110101000
00111100000001000000001000000000
00110100100001000000001000110100
00111100000001010000001000000000
00110100101001010000001000100000
00111100000001100000001000000000
00110100110001100000001000111000
00111100000001110000001000000000
00110100111001110000001000011000
00111100000010000000001000000000
00110101000010000000001111111000
00111100000010010000001000000000
00110101001010010000001001011100
00111100000010100000001000000000
00110101010010100000001001000100
00111100000010110000001000000000
00110101011010110000001000100100
00101000010110000000000000000000
00010111000000000000000010100010
00000000000000100110000010000000
00000001000011001100000000100000
10001111000010000000000000000000
10001101000011000000000000000100
00111100000110000000000000000101
00110111000110000000001011010100
11000111000000100000000000000000
11100101011000100000000000000000
10001100111011010000000000000000
10101111101000100000000000000000
11100111101000011111111111111100
10101111101010101111111111111000
10101111101010011111111111110100
10101111101000111111111111110000
11100111101000001111111111101100
10101111101001101111111111101000
10101111101011001111111111100100
10101111101001111111111111100000
10101111101010001111111111011100
10101111101001011111111111011000
10101111101001001111111111010100
10101111101010111111111111010000
00100001100001000000000000000000
00100001101000110000000000000000
00100000000000100000000000000000
10101111101111111111111111001100
00100111101111010000000000111000
00001100000000010001001110101000
00100011101111010000000000111000
10001111101111111111111111001100
10001111101000101111111111010000
11000100010000000000000000000000
00111100000110000000000000000101
00110111000110000000001011011000
11000111000000010000000000000000
01000110000000010000000000111110
01000101000000000000000000000010
00100000000000100000000000000000
00001000000000010001010101011011
00100000000000100000000000000001
00010100000000100000000000000010
00100000000000100000000000000000
00001000000000010001010101100110
00111100000110000000000000000101
00110111000110000000001011010000
11000111000000010000000000000000
01000110000000000000100000111110
01000101000000000000000000000010
00100000000000100000000000000000
00001000000000010001010101100110
00100000000000100000000000000001
00010100000000100000000000000001
00001000000000010001010111001111
10001111101000101111111111010100
10001100010000100000000000000000
00000000000000100001000010000000
10001111101000111111111111011000
10001100011000110000000000000000
00000000010000110001000000100000
10001111101000111111111111011100
10001100011001000000000000000000
00010100010001000000000001011110
10001111101000101111111111100000
10001100010000100000000000000000
00100000010000110000000000000000
00100000000000100000000000000000
10101111101111111111111111001100
00100111101111010000000000111000
00001100000000010000101101110010
00100011101111010000000000111000
10001111101111111111111111001100
00010100000000100000000001010100
10001111101000101111111111100100
10001100010000110000000000000000
10001111101001001111111111101000
11000100100000000000000000000000
11000100011000010000000000000000
01000110000000010000000000000010
11000100100000010000000000000100
11000100011000100000000000000100
01000110000000100000100001000010
01000110000000010000000000000000
11000100100000010000000000001000
11000100011000100000000000001000
01000110000000100000100001000010
01000110000000010000000000000000
10001111101000111111111111011100
11000100011000010000000000001000
11000111101000101111111111101100
01000110000000100000100011000010
01000110000000000001100000000010
10001100010000100000000000000000
10001111101000111111111111110000
11000100011000110000000000000000
11000100010001000000000000000000
01000110000001000001100011000010
11000100011001000000000000000100
11000100010001010000000000000100
01000110000001010010000100000010
01000110000001000001100011000000
11000100011001000000000000001000
11000100010001010000000000001000
01000110000001010010000100000010
01000110000001000001100011000000
01000110000000110000100001000010
00111100000110000000000000000101
00110111000110000000001100001100
11000111000000110000000000000000
01000110000000110000000000111110
01000101000000000000000000000010
00100000000000100000000000000000
00001000000000010001010110100100
00100000000000100000000000000001
00010100000000100000000000000001
00001000000000010001010110110111
10001111101000101111111111110100
11000100010000110000000000000000
10001111101001001111111111111000
11000100100001000000000000000000
01000110000001000000000100000010
01000110000001000001100011000000
11100100010000110000000000000000
11000100010000110000000000000100
11000100100001000000000000000100
01000110000001000000000100000010
01000110000001000001100011000000
11100100010000110000000000000100
11000100010000110000000000001000
11000100100001000000000000001000
01000110000001000000000000000010
01000110000000000001100000000000
11100100010000000000000000001000
00111100000110000000000000000101
00110111000110000000001100001100
11000111000000000000000000000000
01000110000000000000100000111110
01000101000000000000000000000010
00100000000000100000000000000000
00001000000000010001010110111111
00100000000000100000000000000001
00010100000000100000000000000001
00001000000000010001010111001111
01000110000000010000100000000010
01000110000000000000000000000010
11000111101000011111111111111100
01000110000000010000000000000010
10001111101000101111111111110100
11000100010000110000000000000000
01000110000000000001100011000000
11100100010000110000000000000000
11000100010000110000000000000100
01000110000000000001100011000000
11100100010000110000000000000100
11000100010000110000000000001000
01000110000000000001100000000000
11100100010000000000000000001000
10001111101000100000000000000000
00100100010000100000000000000001
11000111101000001111111111101100
11000111101000011111111111111100
10001111101000111111111111110000
00001000000000010001010100100001
00000011111000000000000000001000
00111100000001010000001000000000
00110100101001010000000101000100
00111100000001100000001000000000
00110100110001100000001000110100
00111100000001110000001000000000
00110100111001110000001000101000
00111100000010000000001000000000
00110101000010000000001000100000
00111100000010010000001000000000
00110101001010010000000100111000
00111100000010100000001000000000
00111100000010110000001000000000
00110101011010110000011011001000
00111100000011000000001000000000
00110101100011000000001000111000
00111100000011010000001000000000
00110101101011010000000000110000
00111100000011100000001000000000
00110101110011100000001000011000
00111100000110000000000000000101
00110111000110000000001100010000
11000111000000100000000000000000
00111100000100000000001000000000
00110110000100000000001001011100
00111100000100010000001000000000
00110110001100010000001001111100
00111100000100100000001000000000
00110110010100100000001010001000
00111100000100110000001000000000
00110110011100110000001001000100
00111100000101000000001000000000
00110110100101000000001000100100
00101100010110000000000000000100
00010111000000000000011011000101
10001100100101010000000000001000
00111100000110000000000000000101
00110111000110000000001011010100
11000111000000110000000000000000
11100110100000110000000000000000
10001101110101100000000000000000
11100111101000010000000000000000
10101111101010111111111111111100
10101111101010101111111111111000
10101111101100101111111111110100
10101111101011101111111111110000
10101111101001001111111111101100
11100111101000101111111111101000
10101111101100111111111111100100
10101111101100011111111111100000
10101111101001111111111111011100
10101111101011001111111111011000
10101111101010001111111111010100
10101111101011011111111111010000
10101111101001101111111111001100
10101111101100001111111111001000
10101111101001011111111111000100
11100111101000001111111111000000
10101111101010011111111110111100
10101111101000111111111110111000
10101111101101011111111110110100
10101111101000101111111110110000
10101111101101001111111110101100
00100000011001000000000000000000
00100000000000100000000000000000
00100010110000110000000000000000
10101111101111111111111110101000
00100111101111010000000001011100
00001100000000010000111110101011
00100011101111010000000001011100
10001111101111111111111110101000
10001111101000101111111110101100
11000100010000000000000000000000
00111100000110000000000000000101
00110111000110000000001011011000
11000111000000010000000000000000
01000110000000010000000000111110
01000101000000000000000000000010
00100000000000110000000000000000
00001000000000010001011000100110
00100000000000110000000000000001
00010100000000110000000000000010
00100000000000110000000000000000
00001000000000010001011000110001
00111100000110000000000000000101
00110111000110000000001011010000
11000111000000010000000000000000
01000110000000000000100000111110
01000101000000000000000000000010
00100000000000110000000000000000
00001000000000010001011000110001
00100000000000110000000000000001
00010100000000110000000000110010
00100000000000101111111111111111
10001111101000111111111110110000
00000000000000110010000010000000
10001111101001011111111110110100
00000000101001001100000000100000
10101111000000100000000000000000
00010100000000110000000000000001
00000011111000000000000000001000
10001111101000101111111110111000
11000100010000000000000000000000
10001111101000111111111110111100
11000100011000010000000000000000
01000110000000010000000000000010
11000100010000010000000000000100
11000100011000100000000000000100
01000110000000100000100001000010
01000110000000010000000000000000
11000100010000010000000000001000
11000100011000100000000000001000
01000110000000100000100001000010
01000110000000010000000000000000
01000110000000000000000000000111
00111100000110000000000000000101
00110111000110000000001100001100
11000111000000010000000000000000
01000110000000010000000000111110
01000101000000000000000000000010
00100000000000100000000000000000
00001000000000010001011001010000
00100000000000100000000000000001
00010100000000100000000000000001
00000011111000000000000000001000
01000110000000000000000001000010
01000110000000000000100000000010
11000111101000011111111111000000
01000110000000010000000000000010
10001111101000101111111111000100
11000100010000010000000000000000
01000110000000010000000000000010
10001111101000101111111111001000
11000100010000010000000000000000
01000110000000000000100001000000
11100100010000010000000000000000
11000100010000010000000000000100
01000110000000000000100001000000
11100100010000010000000000000100
11000100010000010000000000001000
01000110000000000000100000000000
11100100010000000000000000001000
00000011111000000000000000001000
10001111101000111111111111001100
10001100011000110000000000000000
00000000000000110010000010000000
10001111101001011111111111010000
00000000101001001100000000100000
10001111000001000000000000000000
10001100100001010000000000001000
10001100100001100000000000011100
11000100110000000000000000000000
11000111101000011111111111000000
01000110000000010000000000000010
10001100100001100000000000000100
10101111101001011111111110101000
11100111101000001111111110100100
10101111101000111111111110100000
10101111101001001111111110011100
00100000000110000000000000000001
00010111000001100000000000110001
10001111101001101111111111010100
10001100110001110000000000000000
00111100000110000000000000000101
00110111000110000000001100001100
11000111000000100000000000000000
10001111101010001111111111011000
11100101000000100000000000000000
11100101000000100000000000000100
11100101000000100000000000001000
00100100111010010000000000000001
00100100111001110000000000000001
00000000000001110011100010000000
10001111101010101111111110111000
00000001010001111100000000100000
11000111000000100000000000000000
00111100000110000000000000000101
00110111000110000000001100001100
11000111000000110000000000000000
01000110000000110001000000110010
01000101000000000000000000000010
00100000000001110000000000000001
00001000000000010001011010001101
00100000000001110000000000000000
00010100000001110000000000010001
00111100000110000000000000000101
00110111000110000000001100001100
11000111000000110000000000000000
01000110000000110001000000111110
01000101000000000000000000000010
00100000000001110000000000000000
00001000000000010001011010010110
00100000000001110000000000000001
00010100000001110000000000000100
00111100000110000000000000000101
00110111000110000000001100000000
11000111000000100000000000000000
00001000000000010001011010100010
00111100000110000000000000000101
00110111000110000000001100000100
11000111000000100000000000000000
00001000000000010001011010100010
00111100000110000000000000000101
00110111000110000000001100001100
11000111000000100000000000000000
01000110000000000001000010000111
00000000000010010011100010000000
00000001000001111100000000100000
11100111000000100000000000000000
00001000000000010001011100101110
00100000000110000000000000000010
00010111000001100000000000001110
10001100100001100000000000010000
11000100110000100000000000000000
01000110000000000001000010000111
10001111101001101111111111011000
11100100110000100000000000000000
10001100100001110000000000010000
11000100111000100000000000000100
01000110000000000001000010000111
11100100110000100000000000000100
10001100100001110000000000010000
11000100111000100000000000001000
01000110000000000001000010000111
11100100110000100000000000001000
00001000000000010001011100101110
10001111101001101111111111011100
11000100110000100000000000000000
10001100100001110000000000010100
11000100111000110000000000000000
01000110000000110001000010000001
11000100110000110000000000000100
10001100100001110000000000010100
11000100111001000000000000000100
01000110000001000001100011000001
11000100110001000000000000001000
10001100100001110000000000010100
11000100111001010000000000001000
01000110000001010010000100000001
10001100100001110000000000010000
11000100111001010000000000000000
01000110000001010001000101000010
10001100100001110000000000010000
11000100111001100000000000000100
01000110000001100001100110000010
10001100100001110000000000010000
11000100111001110000000000001000
01000110000001110010000111000010
10001100100001110000000000001100
00010100000001110000000000000101
10001111101001111111111111011000
11100100111001010000000000000000
11100100111001100000000000000100
11100100111001110000000000001000
00001000000000010001011011111100
10001100100001110000000000100100
11000100111010000000000000001000
01000110000010000001101000000010
10001100100001110000000000100100
11000100111010010000000000000100
01000110000010010010001001000010
01000110000010010100001000000000
00111100000110000000000000000101
00110111000110000000001100010100
11000111000010010000000000000000
01000110000010010100001000000010
01000110000010000010100101000000
10001111101001111111111111011000
11100100111001010000000000000000
10001100100010000000000000100100
11000101000001010000000000001000
01000110000001010001000101000010
10001100100010000000000000100100
11000101000010000000000000000000
01000110000010000010000100000010
01000110000001000010100100000000
00111100000110000000000000000101
00110111000110000000001100010100
11000111000001010000000000000000
01000110000001010010000100000010
01000110000001000011000100000000
11100100111001000000000000000100
10001100100010000000000000100100
11000101000001000000000000000100
01000110000001000001000010000010
10001100100010000000000000100100
11000101000001000000000000000000
01000110000001000001100011000010
01000110000000110001000010000000
00111100000110000000000000000101
00110111000110000000001100010100
11000111000000110000000000000000
01000110000000110001000010000010
01000110000000100011100010000000
11100100111000100000000000001000
10001100100010000000000000011000
11000100111000100000000000000000
01000110000000100001000010000010
11000100111000110000000000000100
01000110000000110001100011000010
01000110000000110001000010000000
11000100111000110000000000001000
01000110000000110001100011000010
01000110000000110001000010000000
10101111101010001111111110011000
01000110000000000001000000000110
10101111101111111111111110010100
00100111101111010000000001110000
00001100000000010011001101111011
00100011101111010000000001110000
10001111101111111111111110010100
00111100000110000000000000000101
00110111000110000000001100001100
11000111000000010000000000000000
01000110000000010000000000110010
01000101000000000000000000000010
00100000000000100000000000000001
00001000000000010001011100010100
00100000000000100000000000000000
00010100000000100000000000001100
10001111101000101111111110011000
00010100000000100000000000000101
00111100000110000000000000000101
00110111000110000000001100000100
11000111000000010000000000000000
01000110000000000000100000000011
00001000000000010001011100100100
00111100000110000000000000000101
00110111000110000000001100000000
11000111000000010000000000000000
01000110000000000000100000000011
00001000000000010001011100100100
00111100000110000000000000000101
00110111000110000000001100000100
11000111000000000000000000000000
10001111101000101111111111011000
11000100010000010000000000000000
01000110000000000000100001000010
11100100010000010000000000000000
11000100010000010000000000000100
01000110000000000000100001000010
11100100010000010000000000000100
11000100010000010000000000001000
01000110000000000000100000000010
11100100010000000000000000001000
10001111101000101111111111011100
11000100010000000000000000000000
10001111101000111111111111100000
11100100011000000000000000000000
11000100010000000000000000000100
11100100011000000000000000000100
11000100010000000000000000001000
11100100011000000000000000001000
10001111101000111111111110011100
10001100011001000000000000000000
10001100011001010000000000100000
11000100101000000000000000000000
10001111101001011111111111100100
11100100101000000000000000000000
10001100011001100000000000100000
11000100110000000000000000000100
11100100101000000000000000000100
10001100011001100000000000100000
11000100110000000000000000001000
11100100101000000000000000001000
00100000000110000000000000000001
00010111000001000000000001010011
11000100010000000000000000000000
10001100011001000000000000010100
11000100100000010000000000000000
01000110000000010000000000000001
00111100000110000000000000000101
00110111000110000000001010000100
11000111000000010000000000000000
01000110000000010000000001000010
11100111101000001111111110010100
01000110000000000000100000000110
10101111101111111111111110010000
00100111101111010000000001110100
00001100000000010011001101111101
00100011101111010000000001110100
10001111101111111111111110010000
00111100000110000000000000000101
00110111000110000000001010000000
11000111000000010000000000000000
01000110000000010000000000000010
11000111101000011111111110010100
01000110000000000000100000000001
00111100000110000000000000000101
00110111000110000000001010001100
11000111000000010000000000000000
01000110000000000000100000111110
01000101000000000000000000000010
00100000000000100000000000000000
00001000000000010001011101100001
00100000000000100000000000000001
10001111101000111111111111011100
11000100011000000000000000001000
10001111101001001111111110011100
10001100100001010000000000010100
11000100101000010000000000001000
01000110000000010000000000000001
00111100000110000000000000000101
00110111000110000000001010000100
11000111000000010000000000000000
01000110000000010000000001000010
10101111101000101111111110010000
11100111101000001111111110001100
01000110000000000000100000000110
10101111101111111111111110001000
00100111101111010000000001111100
00001100000000010011001101111101
00100011101111010000000001111100
10001111101111111111111110001000
00111100000110000000000000000101
00110111000110000000001010000000
11000111000000010000000000000000
01000110000000010000000000000010
11000111101000011111111110001100
01000110000000000000100000000001
00111100000110000000000000000101
00110111000110000000001010001100
11000111000000010000000000000000
01000110000000000000100000111110
01000101000000000000000000000010
00100000000000100000000000000000
00001000000000010001011110000001
00100000000000100000000000000001
10001111101000111111111110010000
00010100000000110000000000001001
00010100000000100000000000000100
00111100000110000000000000000101
00110111000110000000001010010100
11000111000000000000000000000000
00001000000000010001011110010100
00111100000110000000000000000101
00110111000110000000001100001100
11000111000000000000000000000000
00001000000000010001011110010100
00010100000000100000000000000100
00111100000110000000000000000101
00110111000110000000001100001100
11000111000000000000000000000000
00001000000000010001011110010100
00111100000110000000000000000101
00110111000110000000001010010100
11000111000000000000000000000000
10001111101000101111111111100100
11100100010000000000000000000100
00001000000000010001101110101000
00100000000110000000000000000010
00010111000001000000000010101011
11000100010000000000000000000100
00111100000110000000000000000101
00110111000110000000001010001000
11000111000000010000000000000000
01000110000000010000000000000010
00111100000110000000000000000101
00110111000110000000001100001100
11000111000000010000000000000000
01000110000000000000100000111110
01000101000000000000000000000010
00100000000001000000000000000001
00001000000000010001011110100110
00100000000001000000000000000000
00010100000001000000000000000001
01000110000000000000000000000111
00111100000110000000000000000101
00110111000110000000001100011000
11000111000000010000000000000000
10101111101001001111111110001000
11100111101000001111111110000100
10101111101111111111111110000000
00100111101111010000000010000100
00001100000000010000000000000001
00100011101111010000000010000100
10001111101111111111111110000000
01000110000000000000000001000110
11000111101000001111111110000100
10101111101111111111111110000000
00100111101111010000000010000100
00001100000000010000000000001010
00100011101111010000000010000100
10001111101111111111111110000000
11000111101000011111111111101000
01000110000000000000100000111110
01000101000000000000000000001100
10001111101000101111111110001000
00010100000000100000000000000010
00100000000000100000000000000001
00001000000000010001011111000001
00100000000000100000000000000000
01000110000000010000000000000001
00100011001000110000000000000000
00100011001110010000000000001000
11100100011000000000000000000100
10101100011000100000000000000000
00100000011000100000000000000000
00001000000000010001011111001101
00100011001000100000000000000000
00100011001110010000000000001000
11100100010000000000000000000100
10001111101000111111111110001000
10101100010000110000000000000000
11000100010000000000000000000100
10001100010000100000000000000000
00111100000110000000000000000101
00110111000110000000001011111100
11000111000000100000000000000000
01000110000000000001000000111110
01000101000000000000000000000001
01000110000000000000100000000001
00111100000110000000000000000101
00110111000110000000001011111000
11000111000000010000000000000000
01000110000000010000000000111110
01000101000000000000000000101100
00010100000000100000000000010110
01000110000000000000000001000010
00111100000110000000000000000101
00110111000110000000001100000100
11000111000000100000000000000000
00111100000110000000000000000101
00110111000110000000001011110100
11000111000000110000000000000000
00111100000110000000000000000101
00110111000110000000001011110000
11000111000001000000000000000000
00111100000110000000000000000101
00110111000110000000001011101100
11000111000001010000000000000000
01000110000000010010100101000010
01000110000001010010000100000001
01000110000000010010000100000010
01000110000001000001100011000001
01000110000000010001100001000010
01000110000000010001000001000001
01000110000000000000100000000010
01000110000000000000000000000111
00001000000000010001100000110011
01000110000000000000000001000010
00111100000110000000000000000101
00110111000110000000001100000100
11000111000000100000000000000000
00111100000110000000000000000101
00110111000110000000001011110100
11000111000000110000000000000000
00111100000110000000000000000101
00110111000110000000001011110000
11000111000001000000000000000000
00111100000110000000000000000101
00110111000110000000001011101100
11000111000001010000000000000000
01000110000000010010100101000010
01000110000001010010000100000001
01000110000000010010000100000010
01000110000001000001100011000001
01000110000000010001100001000010
01000110000000010001000001000001
01000110000000000000100000000010
00001000000000010001100000110011
00111100000110000000000000000101
00110111000110000000001011111100
11000111000000010000000000000000
01000110000000000000100000000001
00010100000000100000000000010101
01000110000000000000000000000010
00111100000110000000000000000101
00110111000110000000001100000100
11000111000000010000000000000000
00111100000110000000000000000101
00110111000110000000001100010100
11000111000000100000000000000000
00111100000110000000000000000101
00110111000110000000001011101000
11000111000000110000000000000000
00111100000110000000000000000101
00110111000110000000001011100100
11000111000001000000000000000000
01000110000000000010000100000010
01000110000001000001100011000001
01000110000000000001100011000010
01000110000000110001000010000001
01000110000000000001000000000010
01000110000000000000100000000001
01000110000000000000000000000111
00001000000000010001100000110011
01000110000000000000000000000010
00111100000110000000000000000101
00110111000110000000001100000100
11000111000000010000000000000000
00111100000110000000000000000101
00110111000110000000001100010100
11000111000000100000000000000000
00111100000110000000000000000101
00110111000110000000001011101000
11000111000000110000000000000000
00111100000110000000000000000101
00110111000110000000001011100100
11000111000001000000000000000000
01000110000000000010000100000010
01000110000001000001100011000001
01000110000000000001100011000010
01000110000000110001000010000001
01000110000000000001000000000010
01000110000000000000100000000001
01000110000000000000000000000010
00111100000110000000000000000101
00110111000110000000001010010100
11000111000000010000000000000000
01000110000000000000100001000010
10001111101000101111111111100100
11100100010000010000000000000000
00111100000110000000000000000101
00110111000110000000001010010100
11000111000000010000000000000000
00111100000110000000000000000101
00110111000110000000001100000100
11000111000000100000000000000000
01000110000000000001000000000001
01000110000000000000100000000010
11100100010000000000000000000100
00001000000000010001101110101000
00100000000110000000000000000011
00010111000001000000000011001110
11000100010000000000000000000000
10001100011001000000000000010100
11000100100000010000000000000000
01000110000000010000000000000001
11000100010000010000000000001000
10001100011001000000000000010100
11000100100000100000000000001000
01000110000000100000100001000001
01000110000000000000000000000010
01000110000000010000100001000010
01000110000000010000000000000000
10101111101111111111111110000000
00100111101111010000000010000100
00001100000000010011001101111011
00100011101111010000000010000100
10001111101111111111111110000000
00111100000110000000000000000101
00110111000110000000001010001100
11000111000000010000000000000000
01000110000000010000000000000011
11100111101000001111111110000000
10101111101111111111111101111100
00100111101111010000000010001000
00001100000000010011001101111101
00100011101111010000000010001000
10001111101111111111111101111100
11000111101000011111111110000000
01000110000000000000100000000001
00111100000110000000000000000101
00110111000110000000001010011100
11000111000000010000000000000000
01000110000000010000000000000010
00111100000110000000000000000101
00110111000110000000001100001100
11000111000000010000000000000000
01000110000000000000100000111110
01000101000000000000000000000001
00001000000000010001100001101101
01000110000000000000000000000111
00111100000110000000000000000101
00110111000110000000001100011000
11000111000000010000000000000000
11100111101000001111111101111100
10101111101111111111111101111000
00100111101111010000000010001100
00001100000000010000000000000001
00100011101111010000000010001100
10001111101111111111111101111000
01000110000000000000000001000110
11000111101000001111111101111100
10101111101111111111111101111000
00100111101111010000000010001100
00001100000000010000000000001010
00100011101111010000000010001100
10001111101111111111111101111000
11000111101000011111111111101000
01000110000000000000100000111110
01000101000000000000000000000110
01000110000000010000000000000001
00100011001000100000000000000000
00100011001110010000000000001000
11100100010000000000000000000100
10101100010000000000000000000000
00001000000000010001100010001100
00100000000000100000000000000001
00100011001000110000000000000000
00100011001110010000000000001000
11100100011000000000000000000100
10101100011000100000000000000000
00100000011000100000000000000000
11000100010000000000000000000100
10001100010000100000000000000000
00111100000110000000000000000101
00110111000110000000001011111100
11000111000000100000000000000000
01000110000000000001000000111110
01000101000000000000000000001011
00010100000000100000000000000010
00100000000000100000000000000001
00001000000000010001100010010111
00100000000000100000000000000000
01000110000000000000100000000001
00100011001000110000000000000000
00100011001110010000000000001000
11100100011000000000000000000100
10101100011000100000000000000000
00100000011000100000000000000000
00001000000000010001100010100011
00100011001000110000000000000000
00100011001110010000000000001000
11100100011000000000000000000100
10101100011000100000000000000000
00100000011000100000000000000000
11000100010000000000000000000100
10001100010000100000000000000000
00111100000110000000000000000101
00110111000110000000001011111000
11000111000000010000000000000000
01000110000000010000000000111110
01000101000000000000000000101010
00010100000000100000000000010101
01000110000000000000000000000010
00111100000110000000000000000101
00110111000110000000001100000100
11000111000000010000000000000000
00111100000110000000000000000101
00110111000110000000001100010100
11000111000000100000000000000000
00111100000110000000000000000101
00110111000110000000001011101000
11000111000000110000000000000000
00111100000110000000000000000101
00110111000110000000001011100100
11000111000001000000000000000000
01000110000000000010000100000010
01000110000001000001100011000001
01000110000000000001100011000010
01000110000000110001000010000001
01000110000000000001000000000010
01000110000000000000100000000001
01000110000000000000000000000111
00001000000000010001100100000011
01000110000000000000000000000010
00111100000110000000000000000101
00110111000110000000001100000100
11000111000000010000000000000000
00111100000110000000000000000101
00110111000110000000001100010100
11000111000000100000000000000000
00111100000110000000000000000101
00110111000110000000001011101000
11000111000000110000000000000000
00111100000110000000000000000101
00110111000110000000001011100100
11000111000001000000000000000000
01000110000000000010000100000010
01000110000001000001100011000001
01000110000000000001100011000010
01000110000000110001000010000001
01000110000000000001000000000010
01000110000000000000100000000001
00001000000000010001100100000011
00111100000110000000000000000101
00110111000110000000001011111100
11000111000000010000000000000000
01000110000000000000100000000001
00010100000000100000000000010110
01000110000000000000000001000010
00111100000110000000000000000101
00110111000110000000001100000100
11000111000000100000000000000000
00111100000110000000000000000101
00110111000110000000001011110100
11000111000000110000000000000000
00111100000110000000000000000101
00110111000110000000001011110000
11000111000001000000000000000000
00111100000110000000000000000101
00110111000110000000001011101100
11000111000001010000000000000000
01000110000000010010100101000010
01000110000001010010000100000001
01000110000000010010000100000010
01000110000001000001100011000001
01000110000000010001100001000010
01000110000000010001000001000001
01000110000000000000100000000010
01000110000000000000000000000111
00001000000000010001100100000011
01000110000000000000000001000010
00111100000110000000000000000101
00110111000110000000001100000100
11000111000000100000000000000000
00111100000110000000000000000101
00110111000110000000001011110100
11000111000000110000000000000000
00111100000110000000000000000101
00110111000110000000001011110000
11000111000001000000000000000000
00111100000110000000000000000101
00110111000110000000001011101100
11000111000001010000000000000000
01000110000000010010100101000010
01000110000001010010000100000001
01000110000000010010000100000010
01000110000001000001100011000001
01000110000000010001100001000010
01000110000000010001000001000001
01000110000000000000100000000010
01000110000000000000000000000010
00111100000110000000000000000101
00110111000110000000001010010100
11000111000000010000000000000000
01000110000000010000000001000010
10001111101000101111111111100100
11100100010000010000000000000100
00111100000110000000000000000101
00110111000110000000001100000100
11000111000000010000000000000000
01000110000000000000100000000001
00111100000110000000000000000101
00110111000110000000001010010100
11000111000000010000000000000000
01000110000000010000000000000010
11100100010000000000000000001000
00001000000000010001101110101000
00100000000110000000000000000100
00010111000001000000001010010010
11000100010000000000000000000000
10001100011001000000000000010100
11000100100000010000000000000000
01000110000000010000000000000001
10001100011001000000000000010000
11000100100000010000000000000000
11100111101000001111111101111000
01000110000000000000100000000110
10101111101111111111111101110100
00100111101111010000000010010000
00001100000000010011001101111011
00100011101111010000000010010000
10001111101111111111111101110100
11000111101000011111111101111000
01000110000000000000100000000010
10001111101000101111111111011100
11000100010000010000000000001000
10001111101000111111111110011100
10001100011001000000000000010100
11000100100000100000000000001000
01000110000000100000100001000001
10001100011001000000000000010000
11000100100000100000000000001000
11100111101000001111111101110100
11100111101000011111111101110000
01000110000000000001000000000110
10101111101111111111111101101100
00100111101111010000000010011000
00001100000000010011001101111011
00100011101111010000000010011000
10001111101111111111111101101100
11000111101000011111111101110000
01000110000000000000100000000010
11000111101000011111111101110100
01000110000000010000100010000010
01000110000000000000000011000010
01000110000000110001000010000000
11100111101000101111111101101100
11100111101000001111111101101000
01000110000000000000100000000110
10101111101111111111111101100100
00100111101111010000000010100000
00001100000000010011001101111001
00100011101111010000000010100000
10001111101111111111111101100100
00111100000110000000000000000101
00110111000110000000001011001100
11000111000000010000000000000000
01000110000000000000100000111110
01000101000000000000000000000010
00100000000000100000000000000000
00001000000000010001100101001011
00100000000000100000000000000001
00010100000000100000000011111110
11000111101000001111111101110100
11000111101000011111111101101000
01000110000000000000100000000011
10101111101111111111111101100100
00100111101111010000000010100000
00001100000000010011001101111001
00100011101111010000000010100000
10001111101111111111111101100100
00111100000110000000000000000101
00110111000110000000001100001100
11000111000000010000000000000000
01000110000000000000100000111110
01000101000000000000000000000010
00100000000000100000000000000001
00001000000000010001100101011100
00100000000000100000000000000000
00010100000000100000000000000001
01000110000000000000000000000111
00111100000110000000000000000101
00110111000110000000001011000100
11000111000000010000000000000000
01000110000000000000100000111110
01000101000000000000000010010101
00111100000110000000000000000101
00110111000110000000001010101000
11000111000000010000000000000000
01000110000000000000100000111110
01000101000000000000000001011001
00010100000000100000000000101100
00111100000110000000000000000101
00110111000110000000001100000100
11000111000000010000000000000000
01000110000000000000100000000011
01000110000000000000000001000010
00111100000110000000000000000101
00110111000110000000001100000100
11000111000000100000000000000000
00111100000110000000000000000101
00110111000110000000001011000000
11000111000000110000000000000000
00111100000110000000000000000101
00110111000110000000001010111100
11000111000001000000000000000000
00111100000110000000000000000101
00110111000110000000001010111000
11000111000001010000000000000000
00111100000110000000000000000101
00110111000110000000001010110100
11000111000001100000000000000000
00111100000110000000000000000101
00110111000110000000001010110000
11000111000001110000000000000000
00111100000110000000000000000101
00110111000110000000001010101100
11000111000010000000000000000000
01000110000000010100001000000010
01000110000010000011100111000001
01000110000000010011100111000010
01000110000001110011000110000001
01000110000000010011000110000010
01000110000001100010100101000001
01000110000000010010100101000010
01000110000001010010000100000001
01000110000000010010000100000010
01000110000001000001100011000001
01000110000000010001100001000010
01000110000000010001000001000001
01000110000000000000100000000010
00111100000110000000000000000101
00110111000110000000001011111100
11000111000000010000000000000000
01000110000000010000000000000001
00001000000000010001101001000001
00111100000110000000000000000101
00110111000110000000001011111100
11000111000000010000000000000000
00111100000110000000000000000101
00110111000110000000001100000100
11000111000000100000000000000000
01000110000000000001000000000011
01000110000000000000000010000010
00111100000110000000000000000101
00110111000110000000001100000100
11000111000000110000000000000000
00111100000110000000000000000101
00110111000110000000001011000000
11000111000001000000000000000000
00111100000110000000000000000101
00110111000110000000001010111100
11000111000001010000000000000000
00111100000110000000000000000101
00110111000110000000001010111000
11000111000001100000000000000000
00111100000110000000000000000101
00110111000110000000001010110100
11000111000001110000000000000000
00111100000110000000000000000101
00110111000110000000001010110000
11000111000010000000000000000000
00111100000110000000000000000101
00110111000110000000001010101100
11000111000010010000000000000000
01000110000000100100101001000010
01000110000010010100001000000001
01000110000000100100001000000010
01000110000010000011100111000001
01000110000000100011100111000010
01000110000001110011000110000001
01000110000000100011000110000010
01000110000001100010100101000001
01000110000000100010100101000010
01000110000001010010000100000001
01000110000000100010000010000010
01000110000000100001100010000001
01000110000000000001000000000010
01000110000000000000100000000001
00001000000000010001101001000001
00111100000110000000000000000101
00110111000110000000001100000100
11000111000000010000000000000000
01000110000000010000000001000001
00111100000110000000000000000101
00110111000110000000001100000100
11000111000000100000000000000000
01000110000000100000000000000000
01000110000000000000100000000011
01000110000000000000000001000010
00111100000110000000000000000101
00110111000110000000001100000100
11000111000000100000000000000000
00111100000110000000000000000101
00110111000110000000001011000000
11000111000000110000000000000000
00111100000110000000000000000101
00110111000110000000001010111100
11000111000001000000000000000000
00111100000110000000000000000101
00110111000110000000001010111000
11000111000001010000000000000000
00111100000110000000000000000101
00110111000110000000001010110100
11000111000001100000000000000000
00111100000110000000000000000101
00110111000110000000001010110000
11000111000001110000000000000000
00111100000110000000000000000101
00110111000110000000001010101100
11000111000010000000000000000000
01000110000000010100001000000010
01000110000010000011100111000001
01000110000000010011100111000010
01000110000001110011000110000001
01000110000000010011000110000010
01000110000001100010100101000001
01000110000000010010100101000010
01000110000001010010000100000001
01000110000000010010000100000010
01000110000001000001100011000001
01000110000000010001100001000010
01000110000000010001000001000001
01000110000000000000100000000010
00010100000000100000000000000101
00111100000110000000000000000101
00110111000110000000001010100100
11000111000000010000000000000000
01000110000000000000100000000001
00001000000000010001101001000001
00111100000110000000000000000101
00110111000110000000001011111000
11000111000000010000000000000000
01000110000000000000100000000000
00001000000000010001101001000001
00010100000000100000000000100101
01000110000000000000000001000010
00111100000110000000000000000101
00110111000110000000001100000100
11000111000000100000000000000000
00111100000110000000000000000101
00110111000110000000001011000000
11000111000000110000000000000000
00111100000110000000000000000101
00110111000110000000001010111100
11000111000001000000000000000000
00111100000110000000000000000101
00110111000110000000001010111000
11000111000001010000000000000000
00111100000110000000000000000101
00110111000110000000001010110100
11000111000001100000000000000000
00111100000110000000000000000101
00110111000110000000001010110000
11000111000001110000000000000000
00111100000110000000000000000101
00110111000110000000001010101100
11000111000010000000000000000000
01000110000000010100001000000010
01000110000010000011100111000001
01000110000000010011100111000010
01000110000001110011000110000001
01000110000000010011000110000010
01000110000001100010100101000001
01000110000000010010100101000010
01000110000001010010000100000001
01000110000000010010000100000010
01000110000001000001100011000001
01000110000000010001100001000010
01000110000000010001000001000001
01000110000000000000100000000010
01000110000000000000000000000111
00001000000000010001101001000001
01000110000000000000000001000010
00111100000110000000000000000101
00110111000110000000001100000100
11000111000000100000000000000000
00111100000110000000000000000101
00110111000110000000001011000000
11000111000000110000000000000000
00111100000110000000000000000101
00110111000110000000001010111100
11000111000001000000000000000000
00111100000110000000000000000101
00110111000110000000001010111000
11000111000001010000000000000000
00111100000110000000000000000101
00110111000110000000001010110100
11000111000001100000000000000000
00111100000110000000000000000101
00110111000110000000001010110000
11000111000001110000000000000000
00111100000110000000000000000101
00110111000110000000001010101100
11000111000010000000000000000000
01000110000000010100001000000010
01000110000010000011100111000001
01000110000000010011100111000010
01000110000001110011000110000001
01000110000000010011000110000010
01000110000001100010100101000001
01000110000000010010100101000010
01000110000001010010000100000001
01000110000000010010000100000010
01000110000001000001100011000001
01000110000000010001100001000010
01000110000000010001000001000001
01000110000000000000100000000010
00111100000110000000000000000101
00110111000110000000001010100000
11000111000000010000000000000000
01000110000000010000000000000010
00111100000110000000000000000101
00110111000110000000001010011100
11000111000000010000000000000000
01000110000000010000000000000011
00001000000000010001101001001101
00111100000110000000000000000101
00110111000110000000001011001000
11000111000000000000000000000000
11100111101000001111111101100100
10101111101111111111111101100000
00100111101111010000000010100100
00001100000000010011001101111101
00100011101111010000000010100100
10001111101111111111111101100000
11000111101000011111111101100100
01000110000000000000100000000001
10001111101000101111111111011100
11000100010000010000000000000100
10001111101000111111111110011100
10001100011001000000000000010100
11000100100000100000000000000100
01000110000000100000100001000001
10001100011001000000000000010000
11000100100000100000000000000100
11100111101000001111111101100000
11100111101000011111111101011100
01000110000000000001000000000110
10101111101111111111111101011000
00100111101111010000000010101100
00001100000000010011001101111011
00100011101111010000000010101100
10001111101111111111111101011000
11000111101000011111111101011100
01000110000000000000100000000010
11000111101000011111111101101100
11100111101000001111111101011000
01000110000000000000100000000110
10101111101111111111111101010100
00100111101111010000000010110000
00001100000000010011001101111001
00100011101111010000000010110000
10001111101111111111111101010100
00111100000110000000000000000101
00110111000110000000001011001100
11000111000000010000000000000000
01000110000000000000100000111110
01000101000000000000000000000010
00100000000000100000000000000000
00001000000000010001101001110111
00100000000000100000000000000001
00010100000000100000000011111110
11000111101000001111111101101100
11000111101000011111111101011000
01000110000000000000100000000011
10101111101111111111111101010100
00100111101111010000000010110000
00001100000000010011001101111001
00100011101111010000000010110000
10001111101111111111111101010100
00111100000110000000000000000101
00110111000110000000001100001100
11000111000000010000000000000000
01000110000000000000100000111110
01000101000000000000000000000010
00100000000000100000000000000001
00001000000000010001101010001000
00100000000000100000000000000000
00010100000000100000000000000001
01000110000000000000000000000111
00111100000110000000000000000101
00110111000110000000001011000100
11000111000000010000000000000000
01000110000000000000100000111110
01000101000000000000000010010101
00111100000110000000000000000101
00110111000110000000001010101000
11000111000000010000000000000000
01000110000000000000100000111110
01000101000000000000000001011001
00010100000000100000000000101100
00111100000110000000000000000101
00110111000110000000001100000100
11000111000000010000000000000000
01000110000000000000100000000011
01000110000000000000000001000010
00111100000110000000000000000101
00110111000110000000001100000100
11000111000000100000000000000000
00111100000110000000000000000101
00110111000110000000001011000000
11000111000000110000000000000000
00111100000110000000000000000101
00110111000110000000001010111100
11000111000001000000000000000000
00111100000110000000000000000101
00110111000110000000001010111000
11000111000001010000000000000000
00111100000110000000000000000101
00110111000110000000001010110100
11000111000001100000000000000000
00111100000110000000000000000101
00110111000110000000001010110000
11000111000001110000000000000000
00111100000110000000000000000101
00110111000110000000001010101100
11000111000010000000000000000000
01000110000000010100001000000010
01000110000010000011100111000001
01000110000000010011100111000010
01000110000001110011000110000001
01000110000000010011000110000010
01000110000001100010100101000001
01000110000000010010100101000010
01000110000001010010000100000001
01000110000000010010000100000010
01000110000001000001100011000001
01000110000000010001100001000010
01000110000000010001000001000001
01000110000000000000100000000010
00111100000110000000000000000101
00110111000110000000001011111100
11000111000000010000000000000000
01000110000000010000000000000001
00001000000000010001101101101101
00111100000110000000000000000101
00110111000110000000001011111100
11000111000000010000000000000000
00111100000110000000000000000101
00110111000110000000001100000100
11000111000000100000000000000000
01000110000000000001000000000011
01000110000000000000000010000010
00111100000110000000000000000101
00110111000110000000001100000100
11000111000000110000000000000000
00111100000110000000000000000101
00110111000110000000001011000000
11000111000001000000000000000000
00111100000110000000000000000101
00110111000110000000001010111100
11000111000001010000000000000000
00111100000110000000000000000101
00110111000110000000001010111000
11000111000001100000000000000000
00111100000110000000000000000101
00110111000110000000001010110100
11000111000001110000000000000000
00111100000110000000000000000101
00110111000110000000001010110000
11000111000010000000000000000000
00111100000110000000000000000101
00110111000110000000001010101100
11000111000010010000000000000000
01000110000000100100101001000010
01000110000010010100001000000001
01000110000000100100001000000010
01000110000010000011100111000001
01000110000000100011100111000010
01000110000001110011000110000001
01000110000000100011000110000010
01000110000001100010100101000001
01000110000000100010100101000010
01000110000001010010000100000001
01000110000000100010000010000010
01000110000000100001100010000001
01000110000000000001000000000010
01000110000000000000100000000001
00001000000000010001101101101101
00111100000110000000000000000101
00110111000110000000001100000100
11000111000000010000000000000000
01000110000000010000000001000001
00111100000110000000000000000101
00110111000110000000001100000100
11000111000000100000000000000000
01000110000000100000000000000000
01000110000000000000100000000011
01000110000000000000000001000010
00111100000110000000000000000101
00110111000110000000001100000100
11000111000000100000000000000000
00111100000110000000000000000101
00110111000110000000001011000000
11000111000000110000000000000000
00111100000110000000000000000101
00110111000110000000001010111100
11000111000001000000000000000000
00111100000110000000000000000101
00110111000110000000001010111000
11000111000001010000000000000000
00111100000110000000000000000101
00110111000110000000001010110100
11000111000001100000000000000000
00111100000110000000000000000101
00110111000110000000001010110000
11000111000001110000000000000000
00111100000110000000000000000101
00110111000110000000001010101100
11000111000010000000000000000000
01000110000000010100001000000010
01000110000010000011100111000001
01000110000000010011100111000010
01000110000001110011000110000001
01000110000000010011000110000010
01000110000001100010100101000001
01000110000000010010100101000010
01000110000001010010000100000001
01000110000000010010000100000010
01000110000001000001100011000001
01000110000000010001100001000010
01000110000000010001000001000001
01000110000000000000100000000010
00010100000000100000000000000101
00111100000110000000000000000101
00110111000110000000001010100100
11000111000000010000000000000000
01000110000000000000100000000001
00001000000000010001101101101101
00111100000110000000000000000101
00110111000110000000001011111000
11000111000000010000000000000000
01000110000000000000100000000000
00001000000000010001101101101101
00010100000000100000000000100101
01000110000000000000000001000010
00111100000110000000000000000101
00110111000110000000001100000100
11000111000000100000000000000000
00111100000110000000000000000101
00110111000110000000001011000000
11000111000000110000000000000000
00111100000110000000000000000101
00110111000110000000001010111100
11000111000001000000000000000000
00111100000110000000000000000101
00110111000110000000001010111000
11000111000001010000000000000000
00111100000110000000000000000101
00110111000110000000001010110100
11000111000001100000000000000000
00111100000110000000000000000101
00110111000110000000001010110000
11000111000001110000000000000000
00111100000110000000000000000101
00110111000110000000001010101100
11000111000010000000000000000000
01000110000000010100001000000010
01000110000010000011100111000001
01000110000000010011100111000010
01000110000001110011000110000001
01000110000000010011000110000010
01000110000001100010100101000001
01000110000000010010100101000010
01000110000001010010000100000001
01000110000000010010000100000010
01000110000001000001100011000001
01000110000000010001100001000010
01000110000000010001000001000001
01000110000000000000100000000010
01000110000000000000000000000111
00001000000000010001101101101101
01000110000000000000000001000010
00111100000110000000000000000101
00110111000110000000001100000100
11000111000000100000000000000000
00111100000110000000000000000101
00110111000110000000001011000000
11000111000000110000000000000000
00111100000110000000000000000101
00110111000110000000001010111100
11000111000001000000000000000000
00111100000110000000000000000101
00110111000110000000001010111000
11000111000001010000000000000000
00111100000110000000000000000101
00110111000110000000001010110100
11000111000001100000000000000000
00111100000110000000000000000101
00110111000110000000001010110000
11000111000001110000000000000000
00111100000110000000000000000101
00110111000110000000001010101100
11000111000010000000000000000000
01000110000000010100001000000010
01000110000010000011100111000001
01000110000000010011100111000010
01000110000001110011000110000001
01000110000000010011000110000010
01000110000001100010100101000001
01000110000000010010100101000010
01000110000001010010000100000001
01000110000000010010000100000010
01000110000001000001100011000001
01000110000000010001100001000010
01000110000000010001000001000001
01000110000000000000100000000010
00111100000110000000000000000101
00110111000110000000001010100000
11000111000000010000000000000000
01000110000000010000000000000010
00111100000110000000000000000101
00110111000110000000001010011100
11000111000000010000000000000000
01000110000000010000000000000011
00001000000000010001101101111001
00111100000110000000000000000101
00110111000110000000001011001000
11000111000000000000000000000000
11100111101000001111111101010100
10101111101111111111111101010000
00100111101111010000000010110100
00001100000000010011001101111101
00100011101111010000000010110100
10001111101111111111111101010000
11000111101000011111111101010100
01000110000000000000100000000001
00111100000110000000000000000101
00110111000110000000001010011000
11000111000000010000000000000000
00111100000110000000000000000101
00110111000110000000001100010100
11000111000000100000000000000000
11000111101000111111111101100000
01000110000000110001000010000001
01000110000000100001000010000010
01000110000000100000100001000001
00111100000110000000000000000101
00110111000110000000001100010100
11000111000000100000000000000000
01000110000000000001000000000001
01000110000000000000000000000010
01000110000000000000100000000001
00111100000110000000000000000101
00110111000110000000001100001100
11000111000000010000000000000000
01000110000000000000100000111110
01000101000000000000000000000010
00100000000000100000000000000000
00001000000000010001101110011001
00100000000000100000000000000001
00010100000000100000000000000001
00001000000000010001101110011110
00111100000110000000000000000101
00110111000110000000001100001100
11000111000000000000000000000000
00111100000110000000000000000101
00110111000110000000001010010100
11000111000000010000000000000000
01000110000000000000100000000010
00111100000110000000000000000101
00110111000110000000001010010000
11000111000000010000000000000000
01000110000000010000000000000011
10001111101000101111111111100100
11100100010000000000000000001000
10001111101000101111111110100000
00000000000000100001000010000000
10001111101000111111111111010100
10001100011000110000000000000000
00000000010000110001000000100000
10001111101000111111111110110000
00000000000000110010000010000000
10001111101001011111111110110100
00000000101001001100000000100000
10101111000000100000000000000000
10001111101000101111111111101100
10001100010001000000000000000100
00000000000000110011000010000000
00000000100001101100000000100000
10001111000001000000000000000000
10001111101001101111111111011100
11000100110000000000000000000000
11100100100000000000000000000000
11000100110000000000000000000100
11100100100000000000000000000100
11000100110000000000000000001000
11100100100000000000000000001000
10001100010001000000000000001100
10001111101001111111111110011100
10001100111010000000000000011100
11000101000000000000000000000000
00111100000110000000000000000101
00110111000110000000001100010100
11000111000000010000000000000000
01000110000000000000100000111110
01000101000000000000000000000010
00100000000010000000000000000000
00001000000000010001101111001010
00100000000010000000000000000001
00010100000010000000000000101100
00100000000010000000000000000001
00000000000000110100100010000000
00000000100010011100000000100000
10101111000010000000000000000000
10001100010001000000000000010000
00000000000000110100000010000000
00000000100010001100000000100000
10001111000010000000000000000000
10001111101010011111111111100100
11000101001000000000000000000000
11100101000000000000000000000000
11000101001000000000000000000100
11100101000000000000000000000100
11000101001000000000000000001000
11100101000000000000000000001000
00000000000000110100000010000000
00000000100010001100000000100000
10001111000001000000000000000000
00111100000110000000000000000101
00110111000110000000001001111100
11000111000000000000000000000000
11000111101000011111111110100100
01000110000000010000000000000010
11000100100000100000000000000000
01000110000000000001000010000010
11100100100000100000000000000000
11000100100000100000000000000100
01000110000000000001000010000010
11100100100000100000000000000100
11000100100000100000000000001000
01000110000000000001000000000010
11100100100000000000000000001000
10001100010001000000000000011100
00000000000000110100000010000000
00000000100010001100000000100000
10001111000001000000000000000000
10001111101010001111111111011000
11000101000000000000000000000000
11100100100000000000000000000000
11000101000000000000000000000100
11100100100000000000000000000100
11000101000000000000000000001000
11100100100000000000000000001000
00001000000000010001101111111010
00000000000000110100000010000000
00000000100010001100000000100000
10101111000000000000000000000000
00111100000110000000000000000101
00110111000110000000001001111000
11000111000000000000000000000000
10001111101001001111111110111000
11000100100000010000000000000000
10001111101010001111111111011000
11000101000000100000000000000000
01000110000000100000100001000010
11000100100000100000000000000100
11000101000000110000000000000100
01000110000000110001000010000010
01000110000000100000100001000000
11000100100000100000000000001000
11000101000000110000000000001000
01000110000000110001000010000010
01000110000000100000100001000000
01000110000000010000000000000010
11000100100000010000000000000000
11000101000000100000000000000000
01000110000000100000000010000010
01000110000000100000100001000000
11100100100000010000000000000000
11000100100000010000000000000100
11000101000000100000000000000100
01000110000000100000000010000010
01000110000000100000100001000000
11100100100000010000000000000100
11000100100000010000000000001000
11000101000000100000000000001000
01000110000000100000000000000010
01000110000000000000100000000000
11100100100000000000000000001000
10001100111010010000000000011100
11000101001000000000000000000100
11000111101000011111111111000000
01000110000000000000100000000010
10001111101010011111111111110000
10001101001010010000000000000000
11100111101000001111111101010000
00100001001000110000000000000000
00100000000000100000000000000000
10101111101111111111111101001100
00100111101111010000000010111000
00001100000000010000101101110010
00100011101111010000000010111000
10001111101111111111111101001100
00010100000000100000000001010000
10001111101000101111111111011000
11000100010000000000000000000000
10001111101000111111111110111100
11000100011000010000000000000000
01000110000000010000000000000010
11000100010000010000000000000100
11000100011000100000000000000100
01000110000000100000100001000010
01000110000000010000000000000000
11000100010000010000000000001000
11000100011000100000000000001000
01000110000000100000100001000010
01000110000000010000000000000000
01000110000000000000000000000111
11000111101000011111111110100100
01000110000000010000000000000010
10001111101000101111111110111000
11000100010000100000000000000000
11000100011000110000000000000000
01000110000000110001000010000010
11000100010000110000000000000100
11000100011001000000000000000100
01000110000001000001100011000010
01000110000000110001000010000000
11000100010000110000000000001000
11000100011001000000000000001000
01000110000001000001100011000010
01000110000000110001000010000000
01000110000000000001000010000111
00111100000110000000000000000101
00110111000110000000001100001100
11000111000000110000000000000000
01000110000000110000000000111110
01000101000000000000000000000010
00100000000000110000000000000000
00001000000000010001110001001110
00100000000000110000000000000001
00010100000000110000000000000001
00001000000000010001110001100001
10001111101000111111111111001000
11000100011000110000000000000000
10001111101001001111111111100100
11000100100001000000000000000000
01000110000001000000000100000010
01000110000001000001100011000000
11100100011000110000000000000000
11000100011000110000000000000100
11000100100001000000000000000100
01000110000001000000000100000010
01000110000001000001100011000000
11100100011000110000000000000100
11000100011000110000000000001000
11000100100001000000000000001000
01000110000001000000000000000010
01000110000000000001100000000000
11100100011000000000000000001000
00111100000110000000000000000101
00110111000110000000001100001100
11000111000000000000000000000000
01000110000000000001000000111110
01000101000000000000000000000010
00100000000000110000000000000000
00001000000000010001110001101001
00100000000000110000000000000001
00010100000000110000000000000001
00001000000000010001110001111001
01000110000000100001000000000010
01000110000000000000000000000010
11000111101000101111111101010000
01000110000000100000000000000010
10001111101000111111111111001000
11000100011000110000000000000000
01000110000000000001100011000000
11100100011000110000000000000000
11000100011000110000000000000100
01000110000000000001100011000000
11100100011000110000000000000100
11000100011000110000000000001000
01000110000000000001100000000000
11100100011000000000000000001000
10001111101000101111111111011100
11000100010000000000000000000000
10001111101000111111111111110100
11100100011000000000000000000000
11000100010000000000000000000100
11100100011000000000000000000100
11000100010000000000000000001000
11100100011000000000000000001000
10001111101000111111111111111000
10001100011000110000000000000000
00100100011000110000000000000001
10101111101111111111111101001100
00100111101111010000000010111000
00001100000000010000100001110001
00100011101111010000000010111000
10001111101111111111111101001100
10001111101000101111111111111100
10001100010000100000000000000000
00100100010000100000000000000001
11000111101000001111111110100100
11000111101000011111111101010000
10001111101000111111111110111000
10101111101111111111111101001100
00100111101111010000000010111000
00001100000000010001010100100001
00100011101111010000000010111000
10001111101111111111111101001100
00111100000110000000000000000101
00110111000110000000001001110100
11000111000000000000000000000000
11000111101000011111111111000000
01000110000000000000100000111110
01000101000000000000000000000010
00100000000000100000000000000000
00001000000000010001110010011101
00100000000000100000000000000001
00010100000000100000000000000001
00000011111000000000000000001000
10001111101000101111111110110000
00101000010110000000000000000100
00010111000000000000000000000001
00001000000000010001110010101001
00100000010000110000000000000001
00100000000001001111111111111111
00000000000000110001100010000000
10001111101001011111111110110100
00000000101000111100000000100000
10101111000001000000000000000000
10001111101000111111111110101000
00100000000110000000000000000010
00010111000000110000000000010000
00111100000110000000000000000101
00110111000110000000001100000100
11000111000000000000000000000000
10001111101000111111111110011100
10001100011000110000000000011100
11000100011000100000000000000000
01000110000000100000000000000001
01000110000000000000100000000010
00100000010000100000000000000001
10001111101000111111111110101100
11000100011000010000000000000000
11000111101000100000000000000000
01000110000000010001000001000000
10001111101000111111111110111000
10001111101001001111111111101100
00001000000000010001010111010110
00000011111000000000000000001000
00000011111000000000000000001000
00111100000001100000001000000000
00110100110001100000001001010000
00111100000001110000001000000000
00110100111001110000001000110100
00111100000010000000001000000000
00110101000010000000001000101000
00111100000010010000001000000000
00110101001010010000001000100000
00111100000010100000001000000000
00110101010010100000000100111000
00111100000010110000001000000000
00110101011010110000001000111000
00111100000011000000001000000000
00110101100011000000000000110000
00111100000011010000001000000000
00110101101011010000001000011000
00111100000110000000000000000101
00110111000110000000001100010000
11000111000000000000000000000000
00111100000011100000001000000000
00110101110011100000001001000100
00111100000100000000001000000000
00110110000100000000001000100100
00101000101110000000000000000000
00010111000000000000101101111000
00000000000001011000100010000000
00000000010100011100000000100000
10001111000100010000000000000000
10001110001100010000000000000000
11000110001000010000000000000000
11000100011000100000000000000000
01000110000000100000100001000010
11000110001000100000000000000100
11000100011000110000000000000100
01000110000000110001000010000010
01000110000000100000100001000000
11000110001000100000000000001000
11000100011000110000000000001000
01000110000000110001000010000010
01000110000000100000100001000000
00111100000110000000000000000101
00110111000110000000001100001100
11000111000000100000000000000000
01000110000000010001000000111110
01000101000000000000000000000010
00100000000100010000000000000000
00001000000000010001110011101110
00100000000100010000000000000001
10101111101001000000000000000000
10101111101000111111111111111100
10101111101000101111111111111000
10101111101001011111111111110100
00010100000100010000010110101011
00000000000001011000100010000000
00000000010100011100000000100000
10001111000100010000000000000000
00111100000110000000000000000101
00110111000110000000001001101100
11000111000000100000000000000000
01000110000000100000100001000011
00111100000110000000000000000101
00110111000110000000001011010100
11000111000000100000000000000000
11100110000000100000000000000000
10001101101100100000000000000000
10101111101001101111111111110000
11100111101000011111111111101100
10101111101010101111111111101000
10101111101011011111111111100100
11100111101000001111111111100000
10101111101011101111111111011100
10101111101010001111111111011000
10101111101010111111111111010100
10101111101010011111111111010000
10101111101100011111111111001100
10101111101011001111111111001000
10101111101001111111111111000100
10101111101100001111111111000000
00100010001001000000000000000000
00100010010000110000000000000000
00100000000000100000000000000000
10101111101111111111111110111100
00100111101111010000000001001000
00001100000000010001001110101000
00100011101111010000000001001000
10001111101111111111111110111100
10001111101000101111111111000000
11000100010000000000000000000000
00111100000110000000000000000101
00110111000110000000001011011000
11000111000000010000000000000000
01000110000000010000000000111110
01000101000000000000000000000010
00100000000000100000000000000000
00001000000000010001110100011110
00100000000000100000000000000001
00010100000000100000000000000010
00100000000000100000000000000000
00001000000000010001110100101001
00111100000110000000000000000101
00110111000110000000001011010000
11000111000000010000000000000000
01000110000000000000100000111110
01000101000000000000000000000010
00100000000000100000000000000000
00001000000000010001110100101001
00100000000000100000000000000001
00010100000000100000000000000001
00001000000000010010100001001001
10001111101000101111111111000100
10001100010000100000000000000000
00000000000000100001000010000000
10001111101000111111111111001000
00000000011000101100000000100000
10001111000000100000000000000000
10001111101000111111111111001100
10001100011000110000000000000000
10001100010001000000000000000100
10101111101000101111111110111100
00100000000110000000000000000001
00010111000001000000000000110000
10001111101001001111111111010000
10001100100001000000000000000000
00111100000110000000000000000101
00110111000110000000001100001100
11000111000000000000000000000000
10001111101001011111111111010100
11100100101000000000000000000000
11100100101000000000000000000100
11100100101000000000000000001000
00100100100001100000000000000001
00100100100001000000000000000001
00000000000001000010000010000000
00000000011001001100000000100000
11000111000000000000000000000000
00111100000110000000000000000101
00110111000110000000001100001100
11000111000000010000000000000000
01000110000000010000000000110010
01000101000000000000000000000010
00100000000000110000000000000001
00001000000000010001110101001101
00100000000000110000000000000000
00010100000000110000000000010001
00111100000110000000000000000101
00110111000110000000001100001100
11000111000000010000000000000000
01000110000000010000000000111110
01000101000000000000000000000010
00100000000000110000000000000000
00001000000000010001110101010110
00100000000000110000000000000001
00010100000000110000000000000100
00111100000110000000000000000101
00110111000110000000001100000000
11000111000000000000000000000000
00001000000000010001110101100010
00111100000110000000000000000101
00110111000110000000001100000100
11000111000000000000000000000000
00001000000000010001110101100010
00111100000110000000000000000101
00110111000110000000001100001100
11000111000000000000000000000000
01000110000000000000000000000111
00000000000001100001100010000000
00000000101000111100000000100000
11100111000000000000000000000000
00001000000000010001110111101101
00100000000110000000000000000010
00010111000001000000000000001110
10001100010000110000000000010000
11000100011000000000000000000000
01000110000000000000000000000111
10001111101000111111111111010100
11100100011000000000000000000000
10001100010001000000000000010000
11000100100000000000000000000100
01000110000000000000000000000111
11100100011000000000000000000100
10001100010001000000000000010000
11000100100000000000000000001000
01000110000000000000000000000111
11100100011000000000000000001000
00001000000000010001110111101101
10001111101000111111111111011000
11000100011000000000000000000000
10001100010001000000000000010100
11000100100000010000000000000000
01000110000000010000000000000001
11000100011000010000000000000100
10001100010001000000000000010100
11000100100000100000000000000100
01000110000000100000100001000001
11000100011000100000000000001000
10001100010001000000000000010100
11000100100000110000000000001000
01000110000000110001000010000001
10001100010001000000000000010000
11000100100000110000000000000000
01000110000000110000000011000010
10001100010001000000000000010000
11000100100001000000000000000100
01000110000001000000100100000010
10001100010001000000000000010000
11000100100001010000000000001000
01000110000001010001000101000010
10001100010001000000000000001100
00010100000001000000000000000101
10001111101001001111111111010100
11100100100000110000000000000000
11100100100001000000000000000100
11100100100001010000000000001000
00001000000000010001110110111100
10001100010001000000000000100100
11000100100001100000000000001000
01000110000001100000100110000010
10001100010001000000000000100100
11000100100001110000000000000100
01000110000001110001000111000010
01000110000001110011000110000000
00111100000110000000000000000101
00110111000110000000001100010100
11000111000001110000000000000000
01000110000001110011000110000010
01000110000001100001100011000000
10001111101001001111111111010100
11100100100000110000000000000000
10001100010001010000000000100100
11000100101000110000000000001000
01000110000000110000000011000010
10001100010001010000000000100100
11000100101001100000000000000000
01000110000001100001000010000010
01000110000000100001100010000000
00111100000110000000000000000101
00110111000110000000001100010100
11000111000000110000000000000000
01000110000000110001000010000010
01000110000000100010000010000000
11100100100000100000000000000100
10001100010001010000000000100100
11000100101000100000000000000100
01000110000000100000000000000010
10001100010001010000000000100100
11000100101000100000000000000000
01000110000000100000100001000010
01000110000000010000000000000000
00111100000110000000000000000101
00110111000110000000001100010100
11000111000000010000000000000000
01000110000000010000000000000010
01000110000000000010100000000000
11100100100000000000000000001000
10001100010001010000000000011000
11000100100000000000000000000000
01000110000000000000000000000010
11000100100000010000000000000100
01000110000000010000100001000010
01000110000000010000000000000000
11000100100000010000000000001000
01000110000000010000100001000010
01000110000000010000000000000000
10101111101001011111111110111000
10101111101111111111111110110100
00100111101111010000000001010000
00001100000000010011001101111011
00100011101111010000000001010000
10001111101111111111111110110100
00111100000110000000000000000101
00110111000110000000001100001100
11000111000000010000000000000000
01000110000000010000000000110010
01000101000000000000000000000010
00100000000000100000000000000001
00001000000000010001110111010011
00100000000000100000000000000000
00010100000000100000000000001100
10001111101000101111111110111000
00010100000000100000000000000101
00111100000110000000000000000101
00110111000110000000001100000100
11000111000000010000000000000000
01000110000000000000100000000011
00001000000000010001110111100011
00111100000110000000000000000101
00110111000110000000001100000000
11000111000000010000000000000000
01000110000000000000100000000011
00001000000000010001110111100011
00111100000110000000000000000101
00110111000110000000001100000100
11000111000000000000000000000000
10001111101000101111111111010100
11000100010000010000000000000000
01000110000000000000100001000010
11100100010000010000000000000000
11000100010000010000000000000100
01000110000000000000100001000010
11100100010000010000000000000100
11000100010000010000000000001000
01000110000000000000100000000010
11100100010000000000000000001000
10001111101000101111111110111100
10001100010000110000000000000000
10001100010001000000000000100000
11000100100000000000000000000000
10001111101001001111111111011100
11100100100000000000000000000000
10001100010001010000000000100000
11000100101000000000000000000100
11100100100000000000000000000100
10001100010001010000000000100000
11000100101000000000000000001000
11100100100000000000000000001000
00100000000110000000000000000001
00010111000000110000000001010100
10001111101000111111111111011000
11000100011000000000000000000000
10001100010001010000000000010100
11000100101000010000000000000000
01000110000000010000000000000001
00111100000110000000000000000101
00110111000110000000001010000100
11000111000000010000000000000000
01000110000000010000000001000010
11100111101000001111111110110100
01000110000000000000100000000110
10101111101111111111111110110000
00100111101111010000000001010100
00001100000000010011001101111101
00100011101111010000000001010100
10001111101111111111111110110000
00111100000110000000000000000101
00110111000110000000001010000000
11000111000000010000000000000000
01000110000000010000000000000010
11000111101000011111111110110100
01000110000000000000100000000001
00111100000110000000000000000101
00110111000110000000001010001100
11000111000000010000000000000000
01000110000000000000100000111110
01000101000000000000000000000010
00100000000000100000000000000000
00001000000000010001111000011001
00100000000000100000000000000001
10001111101000111111111111011000
11000100011000000000000000001000
10001111101000111111111110111100
10001100011001000000000000010100
11000100100000010000000000001000
01000110000000010000000000000001
00111100000110000000000000000101
00110111000110000000001010000100
11000111000000010000000000000000
01000110000000010000000001000010
10101111101000101111111110110000
11100111101000001111111110101100
01000110000000000000100000000110
10101111101111111111111110101000
00100111101111010000000001011100
00001100000000010011001101111101
00100011101111010000000001011100
10001111101111111111111110101000
00111100000110000000000000000101
00110111000110000000001010000000
11000111000000010000000000000000
01000110000000010000000000000010
11000111101000011111111110101100
01000110000000000000100000000001
00111100000110000000000000000101
00110111000110000000001010001100
11000111000000010000000000000000
01000110000000000000100000111110
01000101000000000000000000000010
00100000000000100000000000000000
00001000000000010001111000111001
00100000000000100000000000000001
10001111101000111111111110110000
00010100000000110000000000001001
00010100000000100000000000000100
00111100000110000000000000000101
00110111000110000000001010010100
11000111000000000000000000000000
00001000000000010001111001001100
00111100000110000000000000000101
00110111000110000000001100001100
11000111000000000000000000000000
00001000000000010001111001001100
00010100000000100000000000000100
00111100000110000000000000000101
00110111000110000000001100001100
11000111000000000000000000000000
00001000000000010001111001001100
00111100000110000000000000000101
00110111000110000000001010010100
11000111000000000000000000000000
10001111101000101111111111011100
11100100010000000000000000000100
00001000000000010010001001100011
00100000000110000000000000000010
00010111000000110000000010101100
10001111101000111111111111011000
11000100011000000000000000000100
00111100000110000000000000000101
00110111000110000000001010001000
11000111000000010000000000000000
01000110000000010000000000000010
00111100000110000000000000000101
00110111000110000000001100001100
11000111000000010000000000000000
01000110000000000000100000111110
01000101000000000000000000000010
00100000000000110000000000000001
00001000000000010001111001011111
00100000000000110000000000000000
00010100000000110000000000000001
01000110000000000000000000000111
00111100000110000000000000000101
00110111000110000000001100011000
11000111000000010000000000000000
10101111101000111111111110101000
11100111101000001111111110100100
10101111101111111111111110100000
00100111101111010000000001100100
00001100000000010000000000000001
00100011101111010000000001100100
10001111101111111111111110100000
01000110000000000000000001000110
11000111101000001111111110100100
10101111101111111111111110100000
00100111101111010000000001100100
00001100000000010000000000001010
00100011101111010000000001100100
10001111101111111111111110100000
11000111101000011111111111100000
01000110000000000000100000111110
01000101000000000000000000001100
10001111101000101111111110101000
00010100000000100000000000000010
00100000000000100000000000000001
00001000000000010001111001111010
00100000000000100000000000000000
01000110000000010000000000000001
00100011001000110000000000000000
00100011001110010000000000001000
11100100011000000000000000000100
10101100011000100000000000000000
00100000011000100000000000000000
00001000000000010001111010000110
00100011001000100000000000000000
00100011001110010000000000001000
11100100010000000000000000000100
10001111101000111111111110101000
10101100010000110000000000000000
11000100010000000000000000000100
10001100010000100000000000000000
00111100000110000000000000000101
00110111000110000000001011111100
11000111000000100000000000000000
01000110000000000001000000111110
01000101000000000000000000000001
01000110000000000000100000000001
00111100000110000000000000000101
00110111000110000000001011111000
11000111000000010000000000000000
01000110000000010000000000111110
01000101000000000000000000101100
00010100000000100000000000010110
01000110000000000000000001000010
00111100000110000000000000000101
00110111000110000000001100000100
11000111000000100000000000000000
00111100000110000000000000000101
00110111000110000000001011110100
11000111000000110000000000000000
00111100000110000000000000000101
00110111000110000000001011110000
11000111000001000000000000000000
00111100000110000000000000000101
00110111000110000000001011101100
11000111000001010000000000000000
01000110000000010010100101000010
01000110000001010010000100000001
01000110000000010010000100000010
01000110000001000001100011000001
01000110000000010001100001000010
01000110000000010001000001000001
01000110000000000000100000000010
01000110000000000000000000000111
00001000000000010001111011101100
01000110000000000000000001000010
00111100000110000000000000000101
00110111000110000000001100000100
11000111000000100000000000000000
00111100000110000000000000000101
00110111000110000000001011110100
11000111000000110000000000000000
00111100000110000000000000000101
00110111000110000000001011110000
11000111000001000000000000000000
00111100000110000000000000000101
00110111000110000000001011101100
11000111000001010000000000000000
01000110000000010010100101000010
01000110000001010010000100000001
01000110000000010010000100000010
01000110000001000001100011000001
01000110000000010001100001000010
01000110000000010001000001000001
01000110000000000000100000000010
00001000000000010001111011101100
00111100000110000000000000000101
00110111000110000000001011111100
11000111000000010000000000000000
01000110000000000000100000000001
00010100000000100000000000010101
01000110000000000000000000000010
00111100000110000000000000000101
00110111000110000000001100000100
11000111000000010000000000000000
00111100000110000000000000000101
00110111000110000000001100010100
11000111000000100000000000000000
00111100000110000000000000000101
00110111000110000000001011101000
11000111000000110000000000000000
00111100000110000000000000000101
00110111000110000000001011100100
11000111000001000000000000000000
01000110000000000010000100000010
01000110000001000001100011000001
01000110000000000001100011000010
01000110000000110001000010000001
01000110000000000001000000000010
01000110000000000000100000000001
01000110000000000000000000000111
00001000000000010001111011101100
01000110000000000000000000000010
00111100000110000000000000000101
00110111000110000000001100000100
11000111000000010000000000000000
00111100000110000000000000000101
00110111000110000000001100010100
11000111000000100000000000000000
00111100000110000000000000000101
00110111000110000000001011101000
11000111000000110000000000000000
00111100000110000000000000000101
00110111000110000000001011100100
11000111000001000000000000000000
01000110000000000010000100000010
01000110000001000001100011000001
01000110000000000001100011000010
01000110000000110001000010000001
01000110000000000001000000000010
01000110000000000000100000000001
01000110000000000000000000000010
00111100000110000000000000000101
00110111000110000000001010010100
11000111000000010000000000000000
01000110000000000000100001000010
10001111101000101111111111011100
11100100010000010000000000000000
00111100000110000000000000000101
00110111000110000000001010010100
11000111000000010000000000000000
00111100000110000000000000000101
00110111000110000000001100000100
11000111000000100000000000000000
01000110000000000001000000000001
01000110000000000000100000000010
11100100010000000000000000000100
00001000000000010010001001100011
00100000000110000000000000000011
00010111000000110000000011001111
10001111101000111111111111011000
11000100011000000000000000000000
10001100010001010000000000010100
11000100101000010000000000000000
01000110000000010000000000000001
11000100011000010000000000001000
10001100010000110000000000010100
11000100011000100000000000001000
01000110000000100000100001000001
01000110000000000000000000000010
01000110000000010000100001000010
01000110000000010000000000000000
10101111101111111111111110100000
00100111101111010000000001100100
00001100000000010011001101111011
00100011101111010000000001100100
10001111101111111111111110100000
00111100000110000000000000000101
00110111000110000000001010001100
11000111000000010000000000000000
01000110000000010000000000000011
11100111101000001111111110100000
10101111101111111111111110011100
00100111101111010000000001101000
00001100000000010011001101111101
00100011101111010000000001101000
10001111101111111111111110011100
11000111101000011111111110100000
01000110000000000000100000000001
00111100000110000000000000000101
00110111000110000000001010011100
11000111000000010000000000000000
01000110000000010000000000000010
00111100000110000000000000000101
00110111000110000000001100001100
11000111000000010000000000000000
01000110000000000000100000111110
01000101000000000000000000000001
00001000000000010001111100100111
01000110000000000000000000000111
00111100000110000000000000000101
00110111000110000000001100011000
11000111000000010000000000000000
11100111101000001111111110011100
10101111101111111111111110011000
00100111101111010000000001101100
00001100000000010000000000000001
00100011101111010000000001101100
10001111101111111111111110011000
01000110000000000000000001000110
11000111101000001111111110011100
10101111101111111111111110011000
00100111101111010000000001101100
00001100000000010000000000001010
00100011101111010000000001101100
10001111101111111111111110011000
11000111101000011111111111100000
01000110000000000000100000111110
01000101000000000000000000000110
01000110000000010000000000000001
00100011001000100000000000000000
00100011001110010000000000001000
11100100010000000000000000000100
10101100010000000000000000000000
00001000000000010001111101000110
00100000000000100000000000000001
00100011001000110000000000000000
00100011001110010000000000001000
11100100011000000000000000000100
10101100011000100000000000000000
00100000011000100000000000000000
11000100010000000000000000000100
10001100010000100000000000000000
00111100000110000000000000000101
00110111000110000000001011111100
11000111000000100000000000000000
01000110000000000001000000111110
01000101000000000000000000001011
00010100000000100000000000000010
00100000000000100000000000000001
00001000000000010001111101010001
00100000000000100000000000000000
01000110000000000000100000000001
00100011001000110000000000000000
00100011001110010000000000001000
11100100011000000000000000000100
10101100011000100000000000000000
00100000011000100000000000000000
00001000000000010001111101011101
00100011001000110000000000000000
00100011001110010000000000001000
11100100011000000000000000000100
10101100011000100000000000000000
00100000011000100000000000000000
11000100010000000000000000000100
10001100010000100000000000000000
00111100000110000000000000000101
00110111000110000000001011111000
11000111000000010000000000000000
01000110000000010000000000111110
01000101000000000000000000101010
00010100000000100000000000010101
01000110000000000000000000000010
00111100000110000000000000000101
00110111000110000000001100000100
11000111000000010000000000000000
00111100000110000000000000000101
00110111000110000000001100010100
11000111000000100000000000000000
00111100000110000000000000000101
00110111000110000000001011101000
11000111000000110000000000000000
00111100000110000000000000000101
00110111000110000000001011100100
11000111000001000000000000000000
01000110000000000010000100000010
01000110000001000001100011000001
01000110000000000001100011000010
01000110000000110001000010000001
01000110000000000001000000000010
01000110000000000000100000000001
01000110000000000000000000000111
00001000000000010001111110111101
01000110000000000000000000000010
00111100000110000000000000000101
00110111000110000000001100000100
11000111000000010000000000000000
00111100000110000000000000000101
00110111000110000000001100010100
11000111000000100000000000000000
00111100000110000000000000000101
00110111000110000000001011101000
11000111000000110000000000000000
00111100000110000000000000000101
00110111000110000000001011100100
11000111000001000000000000000000
01000110000000000010000100000010
01000110000001000001100011000001
01000110000000000001100011000010
01000110000000110001000010000001
01000110000000000001000000000010
01000110000000000000100000000001
00001000000000010001111110111101
00111100000110000000000000000101
00110111000110000000001011111100
11000111000000010000000000000000
01000110000000000000100000000001
00010100000000100000000000010110
01000110000000000000000001000010
00111100000110000000000000000101
00110111000110000000001100000100
11000111000000100000000000000000
00111100000110000000000000000101
00110111000110000000001011110100
11000111000000110000000000000000
00111100000110000000000000000101
00110111000110000000001011110000
11000111000001000000000000000000
00111100000110000000000000000101
00110111000110000000001011101100
11000111000001010000000000000000
01000110000000010010100101000010
01000110000001010010000100000001
01000110000000010010000100000010
01000110000001000001100011000001
01000110000000010001100001000010
01000110000000010001000001000001
01000110000000000000100000000010
01000110000000000000000000000111
00001000000000010001111110111101
01000110000000000000000001000010
00111100000110000000000000000101
00110111000110000000001100000100
11000111000000100000000000000000
00111100000110000000000000000101
00110111000110000000001011110100
11000111000000110000000000000000
00111100000110000000000000000101
00110111000110000000001011110000
11000111000001000000000000000000
00111100000110000000000000000101
00110111000110000000001011101100
11000111000001010000000000000000
01000110000000010010100101000010
01000110000001010010000100000001
01000110000000010010000100000010
01000110000001000001100011000001
01000110000000010001100001000010
01000110000000010001000001000001
01000110000000000000100000000010
01000110000000000000000000000010
00111100000110000000000000000101
00110111000110000000001010010100
11000111000000010000000000000000
01000110000000010000000001000010
10001111101000101111111111011100
11100100010000010000000000000100
00111100000110000000000000000101
00110111000110000000001100000100
11000111000000010000000000000000
01000110000000000000100000000001
00111100000110000000000000000101
00110111000110000000001010010100
11000111000000010000000000000000
01000110000000010000000000000010
11100100010000000000000000001000
00001000000000010010001001100011
00100000000110000000000000000100
00010111000000110000001010010011
10001111101000111111111111011000
11000100011000000000000000000000
10001100010001010000000000010100
11000100101000010000000000000000
01000110000000010000000000000001
10001100010001010000000000010000
11000100101000010000000000000000
11100111101000001111111110011000
01000110000000000000100000000110
10101111101111111111111110010100
00100111101111010000000001110000
00001100000000010011001101111011
00100011101111010000000001110000
10001111101111111111111110010100
11000111101000011111111110011000
01000110000000000000100000000010
10001111101000101111111111011000
11000100010000010000000000001000
10001111101000111111111110111100
10001100011001000000000000010100
11000100100000100000000000001000
01000110000000100000100001000001
10001100011001000000000000010000
11000100100000100000000000001000
11100111101000001111111110010100
11100111101000011111111110010000
01000110000000000001000000000110
10101111101111111111111110001100
00100111101111010000000001111000
00001100000000010011001101111011
00100011101111010000000001111000
10001111101111111111111110001100
11000111101000011111111110010000
01000110000000000000100000000010
11000111101000011111111110010100
01000110000000010000100010000010
01000110000000000000000011000010
01000110000000110001000010000000
11100111101000101111111110001100
11100111101000001111111110001000
01000110000000000000100000000110
10101111101111111111111110000100
00100111101111010000000010000000
00001100000000010011001101111001
00100011101111010000000010000000
10001111101111111111111110000100
00111100000110000000000000000101
00110111000110000000001011001100
11000111000000010000000000000000
01000110000000000000100000111110
01000101000000000000000000000010
00100000000000100000000000000000
00001000000000010010000000000110
00100000000000100000000000000001
00010100000000100000000011111110
11000111101000001111111110010100
11000111101000011111111110001000
01000110000000000000100000000011
10101111101111111111111110000100
00100111101111010000000010000000
00001100000000010011001101111001
00100011101111010000000010000000
10001111101111111111111110000100
00111100000110000000000000000101
00110111000110000000001100001100
11000111000000010000000000000000
01000110000000000000100000111110
01000101000000000000000000000010
00100000000000100000000000000001
00001000000000010010000000010111
00100000000000100000000000000000
00010100000000100000000000000001
01000110000000000000000000000111
00111100000110000000000000000101
00110111000110000000001011000100
11000111000000010000000000000000
01000110000000000000100000111110
01000101000000000000000010010101
00111100000110000000000000000101
00110111000110000000001010101000
11000111000000010000000000000000
01000110000000000000100000111110
01000101000000000000000001011001
00010100000000100000000000101100
00111100000110000000000000000101
00110111000110000000001100000100
11000111000000010000000000000000
01000110000000000000100000000011
01000110000000000000000001000010
00111100000110000000000000000101
00110111000110000000001100000100
11000111000000100000000000000000
00111100000110000000000000000101
00110111000110000000001011000000
11000111000000110000000000000000
00111100000110000000000000000101
00110111000110000000001010111100
11000111000001000000000000000000
00111100000110000000000000000101
00110111000110000000001010111000
11000111000001010000000000000000
00111100000110000000000000000101
00110111000110000000001010110100
11000111000001100000000000000000
00111100000110000000000000000101
00110111000110000000001010110000
11000111000001110000000000000000
00111100000110000000000000000101
00110111000110000000001010101100
11000111000010000000000000000000
01000110000000010100001000000010
01000110000010000011100111000001
01000110000000010011100111000010
01000110000001110011000110000001
01000110000000010011000110000010
01000110000001100010100101000001
01000110000000010010100101000010
01000110000001010010000100000001
01000110000000010010000100000010
01000110000001000001100011000001
01000110000000010001100001000010
01000110000000010001000001000001
01000110000000000000100000000010
00111100000110000000000000000101
00110111000110000000001011111100
11000111000000010000000000000000
01000110000000010000000000000001
00001000000000010010000011111100
00111100000110000000000000000101
00110111000110000000001011111100
11000111000000010000000000000000
00111100000110000000000000000101
00110111000110000000001100000100
11000111000000100000000000000000
01000110000000000001000000000011
01000110000000000000000010000010
00111100000110000000000000000101
00110111000110000000001100000100
11000111000000110000000000000000
00111100000110000000000000000101
00110111000110000000001011000000
11000111000001000000000000000000
00111100000110000000000000000101
00110111000110000000001010111100
11000111000001010000000000000000
00111100000110000000000000000101
00110111000110000000001010111000
11000111000001100000000000000000
00111100000110000000000000000101
00110111000110000000001010110100
11000111000001110000000000000000
00111100000110000000000000000101
00110111000110000000001010110000
11000111000010000000000000000000
00111100000110000000000000000101
00110111000110000000001010101100
11000111000010010000000000000000
01000110000000100100101001000010
01000110000010010100001000000001
01000110000000100100001000000010
01000110000010000011100111000001
01000110000000100011100111000010
01000110000001110011000110000001
01000110000000100011000110000010
01000110000001100010100101000001
01000110000000100010100101000010
01000110000001010010000100000001
01000110000000100010000010000010
01000110000000100001100010000001
01000110000000000001000000000010
01000110000000000000100000000001
00001000000000010010000011111100
00111100000110000000000000000101
00110111000110000000001100000100
11000111000000010000000000000000
01000110000000010000000001000001
00111100000110000000000000000101
00110111000110000000001100000100
11000111000000100000000000000000
01000110000000100000000000000000
01000110000000000000100000000011
01000110000000000000000001000010
00111100000110000000000000000101
00110111000110000000001100000100
11000111000000100000000000000000
00111100000110000000000000000101
00110111000110000000001011000000
11000111000000110000000000000000
00111100000110000000000000000101
00110111000110000000001010111100
11000111000001000000000000000000
00111100000110000000000000000101
00110111000110000000001010111000
11000111000001010000000000000000
00111100000110000000000000000101
00110111000110000000001010110100
11000111000001100000000000000000
00111100000110000000000000000101
00110111000110000000001010110000
11000111000001110000000000000000
00111100000110000000000000000101
00110111000110000000001010101100
11000111000010000000000000000000
01000110000000010100001000000010
01000110000010000011100111000001
01000110000000010011100111000010
01000110000001110011000110000001
01000110000000010011000110000010
01000110000001100010100101000001
01000110000000010010100101000010
01000110000001010010000100000001
01000110000000010010000100000010
01000110000001000001100011000001
01000110000000010001100001000010
01000110000000010001000001000001
01000110000000000000100000000010
00010100000000100000000000000101
00111100000110000000000000000101
00110111000110000000001010100100
11000111000000010000000000000000
01000110000000000000100000000001
00001000000000010010000011111100
00111100000110000000000000000101
00110111000110000000001011111000
11000111000000010000000000000000
01000110000000000000100000000000
00001000000000010010000011111100
00010100000000100000000000100101
01000110000000000000000001000010
00111100000110000000000000000101
00110111000110000000001100000100
11000111000000100000000000000000
00111100000110000000000000000101
00110111000110000000001011000000
11000111000000110000000000000000
00111100000110000000000000000101
00110111000110000000001010111100
11000111000001000000000000000000
00111100000110000000000000000101
00110111000110000000001010111000
11000111000001010000000000000000
00111100000110000000000000000101
00110111000110000000001010110100
11000111000001100000000000000000
00111100000110000000000000000101
00110111000110000000001010110000
11000111000001110000000000000000
00111100000110000000000000000101
00110111000110000000001010101100
11000111000010000000000000000000
01000110000000010100001000000010
01000110000010000011100111000001
01000110000000010011100111000010
01000110000001110011000110000001
01000110000000010011000110000010
01000110000001100010100101000001
01000110000000010010100101000010
01000110000001010010000100000001
01000110000000010010000100000010
01000110000001000001100011000001
01000110000000010001100001000010
01000110000000010001000001000001
01000110000000000000100000000010
01000110000000000000000000000111
00001000000000010010000011111100
01000110000000000000000001000010
00111100000110000000000000000101
00110111000110000000001100000100
11000111000000100000000000000000
00111100000110000000000000000101
00110111000110000000001011000000
11000111000000110000000000000000
00111100000110000000000000000101
00110111000110000000001010111100
11000111000001000000000000000000
00111100000110000000000000000101
00110111000110000000001010111000
11000111000001010000000000000000
00111100000110000000000000000101
00110111000110000000001010110100
11000111000001100000000000000000
00111100000110000000000000000101
00110111000110000000001010110000
11000111000001110000000000000000
00111100000110000000000000000101
00110111000110000000001010101100
11000111000010000000000000000000
01000110000000010100001000000010
01000110000010000011100111000001
01000110000000010011100111000010
01000110000001110011000110000001
01000110000000010011000110000010
01000110000001100010100101000001
01000110000000010010100101000010
01000110000001010010000100000001
01000110000000010010000100000010
01000110000001000001100011000001
01000110000000010001100001000010
01000110000000010001000001000001
01000110000000000000100000000010
00111100000110000000000000000101
00110111000110000000001010100000
11000111000000010000000000000000
01000110000000010000000000000010
00111100000110000000000000000101
00110111000110000000001010011100
11000111000000010000000000000000
01000110000000010000000000000011
00001000000000010010000100001000
00111100000110000000000000000101
00110111000110000000001011001000
11000111000000000000000000000000
11100111101000001111111110000100
10101111101111111111111110000000
00100111101111010000000010000100
00001100000000010011001101111101
00100011101111010000000010000100
10001111101111111111111110000000
11000111101000011111111110000100
01000110000000000000100000000001
10001111101000101111111111011000
11000100010000010000000000000100
10001111101000101111111110111100
10001100010000110000000000010100
11000100011000100000000000000100
01000110000000100000100001000001
10001100010000110000000000010000
11000100011000100000000000000100
11100111101000001111111110000000
11100111101000011111111101111100
01000110000000000001000000000110
10101111101111111111111101111000
00100111101111010000000010001100
00001100000000010011001101111011
00100011101111010000000010001100
10001111101111111111111101111000
11000111101000011111111101111100
01000110000000000000100000000010
11000111101000011111111110001100
11100111101000001111111101111000
01000110000000000000100000000110
10101111101111111111111101110100
00100111101111010000000010010000
00001100000000010011001101111001
00100011101111010000000010010000
10001111101111111111111101110100
00111100000110000000000000000101
00110111000110000000001011001100
11000111000000010000000000000000
01000110000000000000100000111110
01000101000000000000000000000010
00100000000000100000000000000000
00001000000000010010000100110010
00100000000000100000000000000001
00010100000000100000000011111110
11000111101000001111111110001100
11000111101000011111111101111000
01000110000000000000100000000011
10101111101111111111111101110100
00100111101111010000000010010000
00001100000000010011001101111001
00100011101111010000000010010000
10001111101111111111111101110100
00111100000110000000000000000101
00110111000110000000001100001100
11000111000000010000000000000000
01000110000000000000100000111110
01000101000000000000000000000010
00100000000000100000000000000001
00001000000000010010000101000011
00100000000000100000000000000000
00010100000000100000000000000001
01000110000000000000000000000111
00111100000110000000000000000101
00110111000110000000001011000100
11000111000000010000000000000000
01000110000000000000100000111110
01000101000000000000000010010101
00111100000110000000000000000101
00110111000110000000001010101000
11000111000000010000000000000000
01000110000000000000100000111110
01000101000000000000000001011001
00010100000000100000000000101100
00111100000110000000000000000101
00110111000110000000001100000100
11000111000000010000000000000000
01000110000000000000100000000011
01000110000000000000000001000010
00111100000110000000000000000101
00110111000110000000001100000100
11000111000000100000000000000000
00111100000110000000000000000101
00110111000110000000001011000000
11000111000000110000000000000000
00111100000110000000000000000101
00110111000110000000001010111100
11000111000001000000000000000000
00111100000110000000000000000101
00110111000110000000001010111000
11000111000001010000000000000000
00111100000110000000000000000101
00110111000110000000001010110100
11000111000001100000000000000000
00111100000110000000000000000101
00110111000110000000001010110000
11000111000001110000000000000000
00111100000110000000000000000101
00110111000110000000001010101100
11000111000010000000000000000000
01000110000000010100001000000010
01000110000010000011100111000001
01000110000000010011100111000010
01000110000001110011000110000001
01000110000000010011000110000010
01000110000001100010100101000001
01000110000000010010100101000010
01000110000001010010000100000001
01000110000000010010000100000010
01000110000001000001100011000001
01000110000000010001100001000010
01000110000000010001000001000001
01000110000000000000100000000010
00111100000110000000000000000101
00110111000110000000001011111100
11000111000000010000000000000000
01000110000000010000000000000001
00001000000000010010001000101000
00111100000110000000000000000101
00110111000110000000001011111100
11000111000000010000000000000000
00111100000110000000000000000101
00110111000110000000001100000100
11000111000000100000000000000000
01000110000000000001000000000011
01000110000000000000000010000010
00111100000110000000000000000101
00110111000110000000001100000100
11000111000000110000000000000000
00111100000110000000000000000101
00110111000110000000001011000000
11000111000001000000000000000000
00111100000110000000000000000101
00110111000110000000001010111100
11000111000001010000000000000000
00111100000110000000000000000101
00110111000110000000001010111000
11000111000001100000000000000000
00111100000110000000000000000101
00110111000110000000001010110100
11000111000001110000000000000000
00111100000110000000000000000101
00110111000110000000001010110000
11000111000010000000000000000000
00111100000110000000000000000101
00110111000110000000001010101100
11000111000010010000000000000000
01000110000000100100101001000010
01000110000010010100001000000001
01000110000000100100001000000010
01000110000010000011100111000001
01000110000000100011100111000010
01000110000001110011000110000001
01000110000000100011000110000010
01000110000001100010100101000001
01000110000000100010100101000010
01000110000001010010000100000001
01000110000000100010000010000010
01000110000000100001100010000001
01000110000000000001000000000010
01000110000000000000100000000001
00001000000000010010001000101000
00111100000110000000000000000101
00110111000110000000001100000100
11000111000000010000000000000000
01000110000000010000000001000001
00111100000110000000000000000101
00110111000110000000001100000100
11000111000000100000000000000000
01000110000000100000000000000000
01000110000000000000100000000011
01000110000000000000000001000010
00111100000110000000000000000101
00110111000110000000001100000100
11000111000000100000000000000000
00111100000110000000000000000101
00110111000110000000001011000000
11000111000000110000000000000000
00111100000110000000000000000101
00110111000110000000001010111100
11000111000001000000000000000000
00111100000110000000000000000101
00110111000110000000001010111000
11000111000001010000000000000000
00111100000110000000000000000101
00110111000110000000001010110100
11000111000001100000000000000000
00111100000110000000000000000101
00110111000110000000001010110000
11000111000001110000000000000000
00111100000110000000000000000101
00110111000110000000001010101100
11000111000010000000000000000000
01000110000000010100001000000010
01000110000010000011100111000001
01000110000000010011100111000010
01000110000001110011000110000001
01000110000000010011000110000010
01000110000001100010100101000001
01000110000000010010100101000010
01000110000001010010000100000001
01000110000000010010000100000010
01000110000001000001100011000001
01000110000000010001100001000010
01000110000000010001000001000001
01000110000000000000100000000010
00010100000000100000000000000101
00111100000110000000000000000101
00110111000110000000001010100100
11000111000000010000000000000000
01000110000000000000100000000001
00001000000000010010001000101000
00111100000110000000000000000101
00110111000110000000001011111000
11000111000000010000000000000000
01000110000000000000100000000000
00001000000000010010001000101000
00010100000000100000000000100101
01000110000000000000000001000010
00111100000110000000000000000101
00110111000110000000001100000100
11000111000000100000000000000000
00111100000110000000000000000101
00110111000110000000001011000000
11000111000000110000000000000000
00111100000110000000000000000101
00110111000110000000001010111100
11000111000001000000000000000000
00111100000110000000000000000101
00110111000110000000001010111000
11000111000001010000000000000000
00111100000110000000000000000101
00110111000110000000001010110100
11000111000001100000000000000000
00111100000110000000000000000101
00110111000110000000001010110000
11000111000001110000000000000000
00111100000110000000000000000101
00110111000110000000001010101100
11000111000010000000000000000000
01000110000000010100001000000010
01000110000010000011100111000001
01000110000000010011100111000010
01000110000001110011000110000001
01000110000000010011000110000010
01000110000001100010100101000001
01000110000000010010100101000010
01000110000001010010000100000001
01000110000000010010000100000010
01000110000001000001100011000001
01000110000000010001100001000010
01000110000000010001000001000001
01000110000000000000100000000010
01000110000000000000000000000111
00001000000000010010001000101000
01000110000000000000000001000010
00111100000110000000000000000101
00110111000110000000001100000100
11000111000000100000000000000000
00111100000110000000000000000101
00110111000110000000001011000000
11000111000000110000000000000000
00111100000110000000000000000101
00110111000110000000001010111100
11000111000001000000000000000000
00111100000110000000000000000101
00110111000110000000001010111000
11000111000001010000000000000000
00111100000110000000000000000101
00110111000110000000001010110100
11000111000001100000000000000000
00111100000110000000000000000101
00110111000110000000001010110000
11000111000001110000000000000000
00111100000110000000000000000101
00110111000110000000001010101100
11000111000010000000000000000000
01000110000000010100001000000010
01000110000010000011100111000001
01000110000000010011100111000010
01000110000001110011000110000001
01000110000000010011000110000010
01000110000001100010100101000001
01000110000000010010100101000010
01000110000001010010000100000001
01000110000000010010000100000010
01000110000001000001100011000001
01000110000000010001100001000010
01000110000000010001000001000001
01000110000000000000100000000010
00111100000110000000000000000101
00110111000110000000001010100000
11000111000000010000000000000000
01000110000000010000000000000010
00111100000110000000000000000101
00110111000110000000001010011100
11000111000000010000000000000000
01000110000000010000000000000011
00001000000000010010001000110100
00111100000110000000000000000101
00110111000110000000001011001000
11000111000000000000000000000000
11100111101000001111111101110100
10101111101111111111111101110000
00100111101111010000000010010100
00001100000000010011001101111101
00100011101111010000000010010100
10001111101111111111111101110000
11000111101000011111111101110100
01000110000000000000100000000001
00111100000110000000000000000101
00110111000110000000001010011000
11000111000000010000000000000000
00111100000110000000000000000101
00110111000110000000001100010100
11000111000000100000000000000000
11000111101000111111111110000000
01000110000000110001000010000001
01000110000000100001000010000010
01000110000000100000100001000001
00111100000110000000000000000101
00110111000110000000001100010100
11000111000000100000000000000000
01000110000000000001000000000001
01000110000000000000000000000010
01000110000000000000100000000001
00111100000110000000000000000101
00110111000110000000001100001100
11000111000000010000000000000000
01000110000000000000100000111110
01000101000000000000000000000010
00100000000000100000000000000000
00001000000000010010001001010100
00100000000000100000000000000001
00010100000000100000000000000001
00001000000000010010001001011001
00111100000110000000000000000101
00110111000110000000001100001100
11000111000000000000000000000000
00111100000110000000000000000101
00110111000110000000001010010100
11000111000000010000000000000000
01000110000000000000100000000010
00111100000110000000000000000101
00110111000110000000001010010000
11000111000000010000000000000000
01000110000000010000000000000011
10001111101000101111111111011100
11100100010000000000000000001000
10001111101000101111111111100100
10001100010000110000000000000000
00100000000000100000000000000000
10101111101111111111111101110000
00100111101111010000000010010100
00001100000000010000101101110010
00100011101111010000000010010100
10001111101111111111111101110000
00010100000000100000010111011101
10001111101000101111111111010100
11000100010000000000000000000000
10001111101000111111111111101000
11000100011000010000000000000000
01000110000000010000000000000010
11000100010000010000000000000100
11000100011000100000000000000100
01000110000000100000100001000010
01000110000000010000000000000000
11000100010000010000000000001000
11000100011000100000000000001000
01000110000000100000100001000010
01000110000000010000000000000000
01000110000000000000000000000111
00111100000110000000000000000101
00110111000110000000001100001100
11000111000000010000000000000000
01000110000000010000000000111110
01000101000000000000000000000010
00100000000000100000000000000000
00001000000000010010001010000010
00100000000000100000000000000001
00010100000000100000000000000011
00111100000110000000000000000101
00110111000110000000001100001100
11000111000000000000000000000000
11000111101000011111111111101100
01000110000000000000100000000010
10001111101000101111111110111100
10001100010000100000000000011100
11000100010000010000000000000000
01000110000000010000000000000010
10001111101000101111111111110000
11000100010000010000000000000000
10001111101000111111111111011100
11000100011000100000000000000000
01000110000000100000000010000010
01000110000000100000100001000000
11100100010000010000000000000000
11000100010000010000000000000100
11000100011000100000000000000100
01000110000000100000000010000010
01000110000000100000100001000000
11100100010000010000000000000100
11000100010000010000000000001000
11000100011000100000000000001000
01000110000000100000000000000010
01000110000000000000100000000000
11100100010000000000000000001000
00001000000000010010100001001001
00100000101100010000000000000001
00000000000100011000100010000000
00000000010100011100000000100000
10001111000100010000000000000000
00111100000110000000000000000101
00110111000110000000001001110000
11000111000000100000000000000000
01000110000000100000100001000011
00111100000110000000000000000101
00110111000110000000001011010100
11000111000000100000000000000000
11100110000000100000000000000000
10001101101100100000000000000000
10101111101001101111111111110000
11100111101000011111111101110000
10101111101010101111111111101000
10101111101011011111111111100100
11100111101000001111111111100000
10101111101011101111111111011100
10101111101010001111111111011000
10101111101010111111111111010100
10101111101010011111111111010000
10101111101100011111111101101100
10101111101011001111111111001000
10101111101001111111111111000100
10101111101100001111111111000000
00100010001001000000000000000000
00100010010000110000000000000000
00100000000000100000000000000000
10101111101111111111111101101000
00100111101111010000000010011100
00001100000000010001001110101000
00100011101111010000000010011100
10001111101111111111111101101000
10001111101000101111111111000000
11000100010000000000000000000000
00111100000110000000000000000101
00110111000110000000001011011000
11000111000000010000000000000000
01000110000000010000000000111110
01000101000000000000000000000010
00100000000000100000000000000000
00001000000000010010001011001010
00100000000000100000000000000001
00010100000000100000000000000010
00100000000000100000000000000000
00001000000000010010001011010101
00111100000110000000000000000101
00110111000110000000001011010000
11000111000000010000000000000000
01000110000000000000100000111110
01000101000000000000000000000010
00100000000000100000000000000000
00001000000000010010001011010101
00100000000000100000000000000001
00010100000000100000000000000001
00001000000000010010100001001001
10001111101000101111111111000100
10001100010000100000000000000000
00000000000000100001000010000000
10001111101000111111111111001000
00000000011000101100000000100000
10001111000000100000000000000000
10001111101000111111111101101100
10001100011000110000000000000000
10001100010001000000000000000100
10101111101000101111111101101000
00100000000110000000000000000001
00010111000001000000000000110000
10001111101001001111111111010000
10001100100001000000000000000000
00111100000110000000000000000101
00110111000110000000001100001100
11000111000000000000000000000000
10001111101001011111111111010100
11100100101000000000000000000000
11100100101000000000000000000100
11100100101000000000000000001000
00100100100001100000000000000001
00100100100001000000000000000001
00000000000001000010000010000000
00000000011001001100000000100000
11000111000000000000000000000000
00111100000110000000000000000101
00110111000110000000001100001100
11000111000000010000000000000000
01000110000000010000000000110010
01000101000000000000000000000010
00100000000000110000000000000001
00001000000000010010001011111001
00100000000000110000000000000000
00010100000000110000000000010001
00111100000110000000000000000101
00110111000110000000001100001100
11000111000000010000000000000000
01000110000000010000000000111110
01000101000000000000000000000010
00100000000000110000000000000000
00001000000000010010001100000010
00100000000000110000000000000001
00010100000000110000000000000100
00111100000110000000000000000101
00110111000110000000001100000000
11000111000000000000000000000000
00001000000000010010001100001110
00111100000110000000000000000101
00110111000110000000001100000100
11000111000000000000000000000000
00001000000000010010001100001110
00111100000110000000000000000101
00110111000110000000001100001100
11000111000000000000000000000000
01000110000000000000000000000111
00000000000001100001100010000000
00000000101000111100000000100000
11100111000000000000000000000000
00001000000000010010001110011001
00100000000110000000000000000010
00010111000001000000000000001110
10001100010000110000000000010000
11000100011000000000000000000000
01000110000000000000000000000111
10001111101000111111111111010100
11100100011000000000000000000000
10001100010001000000000000010000
11000100100000000000000000000100
01000110000000000000000000000111
11100100011000000000000000000100
10001100010001000000000000010000
11000100100000000000000000001000
01000110000000000000000000000111
11100100011000000000000000001000
00001000000000010010001110011001
10001111101000111111111111011000
11000100011000000000000000000000
10001100010001000000000000010100
11000100100000010000000000000000
01000110000000010000000000000001
11000100011000010000000000000100
10001100010001000000000000010100
11000100100000100000000000000100
01000110000000100000100001000001
11000100011000100000000000001000
10001100010001000000000000010100
11000100100000110000000000001000
01000110000000110001000010000001
10001100010001000000000000010000
11000100100000110000000000000000
01000110000000110000000011000010
10001100010001000000000000010000
11000100100001000000000000000100
01000110000001000000100100000010
10001100010001000000000000010000
11000100100001010000000000001000
01000110000001010001000101000010
10001100010001000000000000001100
00010100000001000000000000000101
10001111101001001111111111010100
11100100100000110000000000000000
11100100100001000000000000000100
11100100100001010000000000001000
00001000000000010010001101101000
10001100010001000000000000100100
11000100100001100000000000001000
01000110000001100000100110000010
10001100010001000000000000100100
11000100100001110000000000000100
01000110000001110001000111000010
01000110000001110011000110000000
00111100000110000000000000000101
00110111000110000000001100010100
11000111000001110000000000000000
01000110000001110011000110000010
01000110000001100001100011000000
10001111101001001111111111010100
11100100100000110000000000000000
10001100010001010000000000100100
11000100101000110000000000001000
01000110000000110000000011000010
10001100010001010000000000100100
11000100101001100000000000000000
01000110000001100001000010000010
01000110000000100001100010000000
00111100000110000000000000000101
00110111000110000000001100010100
11000111000000110000000000000000
01000110000000110001000010000010
01000110000000100010000010000000
11100100100000100000000000000100
10001100010001010000000000100100
11000100101000100000000000000100
01000110000000100000000000000010
10001100010001010000000000100100
11000100101000100000000000000000
01000110000000100000100001000010
01000110000000010000000000000000
00111100000110000000000000000101
00110111000110000000001100010100
11000111000000010000000000000000
01000110000000010000000000000010
01000110000000000010100000000000
11100100100000000000000000001000
10001100010001010000000000011000
11000100100000000000000000000000
01000110000000000000000000000010
11000100100000010000000000000100
01000110000000010000100001000010
01000110000000010000000000000000
11000100100000010000000000001000
01000110000000010000100001000010
01000110000000010000000000000000
10101111101001011111111101100100
10101111101111111111111101100000
00100111101111010000000010100100
00001100000000010011001101111011
00100011101111010000000010100100
10001111101111111111111101100000
00111100000110000000000000000101
00110111000110000000001100001100
11000111000000010000000000000000
01000110000000010000000000110010
01000101000000000000000000000010
00100000000000100000000000000001
00001000000000010010001101111111
00100000000000100000000000000000
00010100000000100000000000001100
10001111101000101111111101100100
00010100000000100000000000000101
00111100000110000000000000000101
00110111000110000000001100000100
11000111000000010000000000000000
01000110000000000000100000000011
00001000000000010010001110001111
00111100000110000000000000000101
00110111000110000000001100000000
11000111000000010000000000000000
01000110000000000000100000000011
00001000000000010010001110001111
00111100000110000000000000000101
00110111000110000000001100000100
11000111000000000000000000000000
10001111101000101111111111010100
11000100010000010000000000000000
01000110000000000000100001000010
11100100010000010000000000000000
11000100010000010000000000000100
01000110000000000000100001000010
11100100010000010000000000000100
11000100010000010000000000001000
01000110000000000000100000000010
11100100010000000000000000001000
10001111101000101111111101101000
10001100010000110000000000000000
10001100010001000000000000100000
11000100100000000000000000000000
10001111101001001111111111011100
11100100100000000000000000000000
10001100010001010000000000100000
11000100101000000000000000000100
11100100100000000000000000000100
10001100010001010000000000100000
11000100101000000000000000001000
11100100100000000000000000001000
00100000000110000000000000000001
00010111000000110000000001010100
10001111101000111111111111011000
11000100011000000000000000000000
10001100010001010000000000010100
11000100101000010000000000000000
01000110000000010000000000000001
00111100000110000000000000000101
00110111000110000000001010000100
11000111000000010000000000000000
01000110000000010000000001000010
11100111101000001111111101100000
01000110000000000000100000000110
10101111101111111111111101011100
00100111101111010000000010101000
00001100000000010011001101111101
00100011101111010000000010101000
10001111101111111111111101011100
00111100000110000000000000000101
00110111000110000000001010000000
11000111000000010000000000000000
01000110000000010000000000000010
11000111101000011111111101100000
01000110000000000000100000000001
00111100000110000000000000000101
00110111000110000000001010001100
11000111000000010000000000000000
01000110000000000000100000111110
01000101000000000000000000000010
00100000000000100000000000000000
00001000000000010010001111000101
00100000000000100000000000000001
10001111101000111111111111011000
11000100011000000000000000001000
10001111101000111111111101101000
10001100011001000000000000010100
11000100100000010000000000001000
01000110000000010000000000000001
00111100000110000000000000000101
00110111000110000000001010000100
11000111000000010000000000000000
01000110000000010000000001000010
10101111101000101111111101011100
11100111101000001111111101011000
01000110000000000000100000000110
10101111101111111111111101010100
00100111101111010000000010110000
00001100000000010011001101111101
00100011101111010000000010110000
10001111101111111111111101010100
00111100000110000000000000000101
00110111000110000000001010000000
11000111000000010000000000000000
01000110000000010000000000000010
11000111101000011111111101011000
01000110000000000000100000000001
00111100000110000000000000000101
00110111000110000000001010001100
11000111000000010000000000000000
01000110000000000000100000111110
01000101000000000000000000000010
00100000000000100000000000000000
00001000000000010010001111100101
00100000000000100000000000000001
10001111101000111111111101011100
00010100000000110000000000001001
00010100000000100000000000000100
00111100000110000000000000000101
00110111000110000000001010010100
11000111000000000000000000000000
00001000000000010010001111111000
00111100000110000000000000000101
00110111000110000000001100001100
11000111000000000000000000000000
00001000000000010010001111111000
00010100000000100000000000000100
00111100000110000000000000000101
00110111000110000000001100001100
11000111000000000000000000000000
00001000000000010010001111111000
00111100000110000000000000000101
00110111000110000000001010010100
11000111000000000000000000000000
10001111101000101111111111011100
11100100010000000000000000000100
00001000000000010010100000001111
00100000000110000000000000000010
00010111000000110000000010101100
10001111101000111111111111011000
11000100011000000000000000000100
00111100000110000000000000000101
00110111000110000000001010001000
11000111000000010000000000000000
01000110000000010000000000000010
00111100000110000000000000000101
00110111000110000000001100001100
11000111000000010000000000000000
01000110000000000000100000111110
01000101000000000000000000000010
00100000000000110000000000000001
00001000000000010010010000001011
00100000000000110000000000000000
00010100000000110000000000000001
01000110000000000000000000000111
00111100000110000000000000000101
00110111000110000000001100011000
11000111000000010000000000000000
10101111101000111111111101010100
11100111101000001111111101010000
10101111101111111111111101001100
00100111101111010000000010111000
00001100000000010000000000000001
00100011101111010000000010111000
10001111101111111111111101001100
01000110000000000000000001000110
11000111101000001111111101010000
10101111101111111111111101001100
00100111101111010000000010111000
00001100000000010000000000001010
00100011101111010000000010111000
10001111101111111111111101001100
11000111101000011111111111100000
01000110000000000000100000111110
01000101000000000000000000001100
10001111101000101111111101010100
00010100000000100000000000000010
00100000000000100000000000000001
00001000000000010010010000100110
00100000000000100000000000000000
01000110000000010000000000000001
00100011001000110000000000000000
00100011001110010000000000001000
11100100011000000000000000000100
10101100011000100000000000000000
00100000011000100000000000000000
00001000000000010010010000110010
00100011001000100000000000000000
00100011001110010000000000001000
11100100010000000000000000000100
10001111101000111111111101010100
10101100010000110000000000000000
11000100010000000000000000000100
10001100010000100000000000000000
00111100000110000000000000000101
00110111000110000000001011111100
11000111000000100000000000000000
01000110000000000001000000111110
01000101000000000000000000000001
01000110000000000000100000000001
00111100000110000000000000000101
00110111000110000000001011111000
11000111000000010000000000000000
01000110000000010000000000111110
01000101000000000000000000101100
00010100000000100000000000010110
01000110000000000000000001000010
00111100000110000000000000000101
00110111000110000000001100000100
11000111000000100000000000000000
00111100000110000000000000000101
00110111000110000000001011110100
11000111000000110000000000000000
00111100000110000000000000000101
00110111000110000000001011110000
11000111000001000000000000000000
00111100000110000000000000000101
00110111000110000000001011101100
11000111000001010000000000000000
01000110000000010010100101000010
01000110000001010010000100000001
01000110000000010010000100000010
01000110000001000001100011000001
01000110000000010001100001000010
01000110000000010001000001000001
01000110000000000000100000000010
01000110000000000000000000000111
00001000000000010010010010011000
01000110000000000000000001000010
00111100000110000000000000000101
00110111000110000000001100000100
11000111000000100000000000000000
00111100000110000000000000000101
00110111000110000000001011110100
11000111000000110000000000000000
00111100000110000000000000000101
00110111000110000000001011110000
11000111000001000000000000000000
00111100000110000000000000000101
00110111000110000000001011101100
11000111000001010000000000000000
01000110000000010010100101000010
01000110000001010010000100000001
01000110000000010010000100000010
01000110000001000001100011000001
01000110000000010001100001000010
01000110000000010001000001000001
01000110000000000000100000000010
00001000000000010010010010011000
00111100000110000000000000000101
00110111000110000000001011111100
11000111000000010000000000000000
01000110000000000000100000000001
00010100000000100000000000010101
01000110000000000000000000000010
00111100000110000000000000000101
00110111000110000000001100000100
11000111000000010000000000000000
00111100000110000000000000000101
00110111000110000000001100010100
11000111000000100000000000000000
00111100000110000000000000000101
00110111000110000000001011101000
11000111000000110000000000000000
00111100000110000000000000000101
00110111000110000000001011100100
11000111000001000000000000000000
01000110000000000010000100000010
01000110000001000001100011000001
01000110000000000001100011000010
01000110000000110001000010000001
01000110000000000001000000000010
01000110000000000000100000000001
01000110000000000000000000000111
00001000000000010010010010011000
01000110000000000000000000000010
00111100000110000000000000000101
00110111000110000000001100000100
11000111000000010000000000000000
00111100000110000000000000000101
00110111000110000000001100010100
11000111000000100000000000000000
00111100000110000000000000000101
00110111000110000000001011101000
11000111000000110000000000000000
00111100000110000000000000000101
00110111000110000000001011100100
11000111000001000000000000000000
01000110000000000010000100000010
01000110000001000001100011000001
01000110000000000001100011000010
01000110000000110001000010000001
01000110000000000001000000000010
01000110000000000000100000000001
01000110000000000000000000000010
00111100000110000000000000000101
00110111000110000000001010010100
11000111000000010000000000000000
01000110000000000000100001000010
10001111101000101111111111011100
11100100010000010000000000000000
00111100000110000000000000000101
00110111000110000000001010010100
11000111000000010000000000000000
00111100000110000000000000000101
00110111000110000000001100000100
11000111000000100000000000000000
01000110000000000001000000000001
01000110000000000000100000000010
11100100010000000000000000000100
00001000000000010010100000001111
00100000000110000000000000000011
00010111000000110000000011001111
10001111101000111111111111011000
11000100011000000000000000000000
10001100010001010000000000010100
11000100101000010000000000000000
01000110000000010000000000000001
11000100011000010000000000001000
10001100010000110000000000010100
11000100011000100000000000001000
01000110000000100000100001000001
01000110000000000000000000000010
01000110000000010000100001000010
01000110000000010000000000000000
10101111101111111111111101001100
00100111101111010000000010111000
00001100000000010011001101111011
00100011101111010000000010111000
10001111101111111111111101001100
00111100000110000000000000000101
00110111000110000000001010001100
11000111000000010000000000000000
01000110000000010000000000000011
11100111101000001111111101001100
10101111101111111111111101001000
00100111101111010000000010111100
00001100000000010011001101111101
00100011101111010000000010111100
10001111101111111111111101001000
11000111101000011111111101001100
01000110000000000000100000000001
00111100000110000000000000000101
00110111000110000000001010011100
11000111000000010000000000000000
01000110000000010000000000000010
00111100000110000000000000000101
00110111000110000000001100001100
11000111000000010000000000000000
01000110000000000000100000111110
01000101000000000000000000000001
00001000000000010010010011010011
01000110000000000000000000000111
00111100000110000000000000000101
00110111000110000000001100011000
11000111000000010000000000000000
11100111101000001111111101001000
10101111101111111111111101000100
00100111101111010000000011000000
00001100000000010000000000000001
00100011101111010000000011000000
10001111101111111111111101000100
01000110000000000000000001000110
11000111101000001111111101001000
10101111101111111111111101000100
00100111101111010000000011000000
00001100000000010000000000001010
00100011101111010000000011000000
10001111101111111111111101000100
11000111101000011111111111100000
01000110000000000000100000111110
01000101000000000000000000000110
01000110000000010000000000000001
00100011001000100000000000000000
00100011001110010000000000001000
11100100010000000000000000000100
10101100010000000000000000000000
00001000000000010010010011110010
00100000000000100000000000000001
00100011001000110000000000000000
00100011001110010000000000001000
11100100011000000000000000000100
10101100011000100000000000000000
00100000011000100000000000000000
11000100010000000000000000000100
10001100010000100000000000000000
00111100000110000000000000000101
00110111000110000000001011111100
11000111000000100000000000000000
01000110000000000001000000111110
01000101000000000000000000001011
00010100000000100000000000000010
00100000000000100000000000000001
00001000000000010010010011111101
00100000000000100000000000000000
01000110000000000000100000000001
00100011001000110000000000000000
00100011001110010000000000001000
11100100011000000000000000000100
10101100011000100000000000000000
00100000011000100000000000000000
00001000000000010010010100001001
00100011001000110000000000000000
00100011001110010000000000001000
11100100011000000000000000000100
10101100011000100000000000000000
00100000011000100000000000000000
11000100010000000000000000000100
10001100010000100000000000000000
00111100000110000000000000000101
00110111000110000000001011111000
11000111000000010000000000000000
01000110000000010000000000111110
01000101000000000000000000101010
00010100000000100000000000010101
01000110000000000000000000000010
00111100000110000000000000000101
00110111000110000000001100000100
11000111000000010000000000000000
00111100000110000000000000000101
00110111000110000000001100010100
11000111000000100000000000000000
00111100000110000000000000000101
00110111000110000000001011101000
11000111000000110000000000000000
00111100000110000000000000000101
00110111000110000000001011100100
11000111000001000000000000000000
01000110000000000010000100000010
01000110000001000001100011000001
01000110000000000001100011000010
01000110000000110001000010000001
01000110000000000001000000000010
01000110000000000000100000000001
01000110000000000000000000000111
00001000000000010010010101101001
01000110000000000000000000000010
00111100000110000000000000000101
00110111000110000000001100000100
11000111000000010000000000000000
00111100000110000000000000000101
00110111000110000000001100010100
11000111000000100000000000000000
00111100000110000000000000000101
00110111000110000000001011101000
11000111000000110000000000000000
00111100000110000000000000000101
00110111000110000000001011100100
11000111000001000000000000000000
01000110000000000010000100000010
01000110000001000001100011000001
01000110000000000001100011000010
01000110000000110001000010000001
01000110000000000001000000000010
01000110000000000000100000000001
00001000000000010010010101101001
00111100000110000000000000000101
00110111000110000000001011111100
11000111000000010000000000000000
01000110000000000000100000000001
00010100000000100000000000010110
01000110000000000000000001000010
00111100000110000000000000000101
00110111000110000000001100000100
11000111000000100000000000000000
00111100000110000000000000000101
00110111000110000000001011110100
11000111000000110000000000000000
00111100000110000000000000000101
00110111000110000000001011110000
11000111000001000000000000000000
00111100000110000000000000000101
00110111000110000000001011101100
11000111000001010000000000000000
01000110000000010010100101000010
01000110000001010010000100000001
01000110000000010010000100000010
01000110000001000001100011000001
01000110000000010001100001000010
01000110000000010001000001000001
01000110000000000000100000000010
01000110000000000000000000000111
00001000000000010010010101101001
01000110000000000000000001000010
00111100000110000000000000000101
00110111000110000000001100000100
11000111000000100000000000000000
00111100000110000000000000000101
00110111000110000000001011110100
11000111000000110000000000000000
00111100000110000000000000000101
00110111000110000000001011110000
11000111000001000000000000000000
00111100000110000000000000000101
00110111000110000000001011101100
11000111000001010000000000000000
01000110000000010010100101000010
01000110000001010010000100000001
01000110000000010010000100000010
01000110000001000001100011000001
01000110000000010001100001000010
01000110000000010001000001000001
01000110000000000000100000000010
01000110000000000000000000000010
00111100000110000000000000000101
00110111000110000000001010010100
11000111000000010000000000000000
01000110000000010000000001000010
10001111101000101111111111011100
11100100010000010000000000000100
00111100000110000000000000000101
00110111000110000000001100000100
11000111000000010000000000000000
01000110000000000000100000000001
00111100000110000000000000000101
00110111000110000000001010010100
11000111000000010000000000000000
01000110000000010000000000000010
11100100010000000000000000001000
00001000000000010010100000001111
00100000000110000000000000000100
00010111000000110000001010010011
10001111101000111111111111011000
11000100011000000000000000000000
10001100010001010000000000010100
11000100101000010000000000000000
01000110000000010000000000000001
10001100010001010000000000010000
11000100101000010000000000000000
11100111101000001111111101000100
01000110000000000000100000000110
10101111101111111111111101000000
00100111101111010000000011000100
00001100000000010011001101111011
00100011101111010000000011000100
10001111101111111111111101000000
11000111101000011111111101000100
01000110000000000000100000000010
10001111101000101111111111011000
11000100010000010000000000001000
10001111101000111111111101101000
10001100011001000000000000010100
11000100100000100000000000001000
01000110000000100000100001000001
10001100011001000000000000010000
11000100100000100000000000001000
11100111101000001111111101000000
11100111101000011111111100111100
01000110000000000001000000000110
10101111101111111111111100111000
00100111101111010000000011001100
00001100000000010011001101111011
00100011101111010000000011001100
10001111101111111111111100111000
11000111101000011111111100111100
01000110000000000000100000000010
11000111101000011111111101000000
01000110000000010000100010000010
01000110000000000000000011000010
01000110000000110001000010000000
11100111101000101111111100111000
11100111101000001111111100110100
01000110000000000000100000000110
10101111101111111111111100110000
00100111101111010000000011010100
00001100000000010011001101111001
00100011101111010000000011010100
10001111101111111111111100110000
00111100000110000000000000000101
00110111000110000000001011001100
11000111000000010000000000000000
01000110000000000000100000111110
01000101000000000000000000000010
00100000000000100000000000000000
00001000000000010010010110110010
00100000000000100000000000000001
00010100000000100000000011111110
11000111101000001111111101000000
11000111101000011111111100110100
01000110000000000000100000000011
10101111101111111111111100110000
00100111101111010000000011010100
00001100000000010011001101111001
00100011101111010000000011010100
10001111101111111111111100110000
00111100000110000000000000000101
00110111000110000000001100001100
11000111000000010000000000000000
01000110000000000000100000111110
01000101000000000000000000000010
00100000000000100000000000000001
00001000000000010010010111000011
00100000000000100000000000000000
00010100000000100000000000000001
01000110000000000000000000000111
00111100000110000000000000000101
00110111000110000000001011000100
11000111000000010000000000000000
01000110000000000000100000111110
01000101000000000000000010010101
00111100000110000000000000000101
00110111000110000000001010101000
11000111000000010000000000000000
01000110000000000000100000111110
01000101000000000000000001011001
00010100000000100000000000101100
00111100000110000000000000000101
00110111000110000000001100000100
11000111000000010000000000000000
01000110000000000000100000000011
01000110000000000000000001000010
00111100000110000000000000000101
00110111000110000000001100000100
11000111000000100000000000000000
00111100000110000000000000000101
00110111000110000000001011000000
11000111000000110000000000000000
00111100000110000000000000000101
00110111000110000000001010111100
11000111000001000000000000000000
00111100000110000000000000000101
00110111000110000000001010111000
11000111000001010000000000000000
00111100000110000000000000000101
00110111000110000000001010110100
11000111000001100000000000000000
00111100000110000000000000000101
00110111000110000000001010110000
11000111000001110000000000000000
00111100000110000000000000000101
00110111000110000000001010101100
11000111000010000000000000000000
01000110000000010100001000000010
01000110000010000011100111000001
01000110000000010011100111000010
01000110000001110011000110000001
01000110000000010011000110000010
01000110000001100010100101000001
01000110000000010010100101000010
01000110000001010010000100000001
01000110000000010010000100000010
01000110000001000001100011000001
01000110000000010001100001000010
01000110000000010001000001000001
01000110000000000000100000000010
00111100000110000000000000000101
00110111000110000000001011111100
11000111000000010000000000000000
01000110000000010000000000000001
00001000000000010010011010101000
00111100000110000000000000000101
00110111000110000000001011111100
11000111000000010000000000000000
00111100000110000000000000000101
00110111000110000000001100000100
11000111000000100000000000000000
01000110000000000001000000000011
01000110000000000000000010000010
00111100000110000000000000000101
00110111000110000000001100000100
11000111000000110000000000000000
00111100000110000000000000000101
00110111000110000000001011000000
11000111000001000000000000000000
00111100000110000000000000000101
00110111000110000000001010111100
11000111000001010000000000000000
00111100000110000000000000000101
00110111000110000000001010111000
11000111000001100000000000000000
00111100000110000000000000000101
00110111000110000000001010110100
11000111000001110000000000000000
00111100000110000000000000000101
00110111000110000000001010110000
11000111000010000000000000000000
00111100000110000000000000000101
00110111000110000000001010101100
11000111000010010000000000000000
01000110000000100100101001000010
01000110000010010100001000000001
01000110000000100100001000000010
01000110000010000011100111000001
01000110000000100011100111000010
01000110000001110011000110000001
01000110000000100011000110000010
01000110000001100010100101000001
01000110000000100010100101000010
01000110000001010010000100000001
01000110000000100010000010000010
01000110000000100001100010000001
01000110000000000001000000000010
01000110000000000000100000000001
00001000000000010010011010101000
00111100000110000000000000000101
00110111000110000000001100000100
11000111000000010000000000000000
01000110000000010000000001000001
00111100000110000000000000000101
00110111000110000000001100000100
11000111000000100000000000000000
01000110000000100000000000000000
01000110000000000000100000000011
01000110000000000000000001000010
00111100000110000000000000000101
00110111000110000000001100000100
11000111000000100000000000000000
00111100000110000000000000000101
00110111000110000000001011000000
11000111000000110000000000000000
00111100000110000000000000000101
00110111000110000000001010111100
11000111000001000000000000000000
00111100000110000000000000000101
00110111000110000000001010111000
11000111000001010000000000000000
00111100000110000000000000000101
00110111000110000000001010110100
11000111000001100000000000000000
00111100000110000000000000000101
00110111000110000000001010110000
11000111000001110000000000000000
00111100000110000000000000000101
00110111000110000000001010101100
11000111000010000000000000000000
01000110000000010100001000000010
01000110000010000011100111000001
01000110000000010011100111000010
01000110000001110011000110000001
01000110000000010011000110000010
01000110000001100010100101000001
01000110000000010010100101000010
01000110000001010010000100000001
01000110000000010010000100000010
01000110000001000001100011000001
01000110000000010001100001000010
01000110000000010001000001000001
01000110000000000000100000000010
00010100000000100000000000000101
00111100000110000000000000000101
00110111000110000000001010100100
11000111000000010000000000000000
01000110000000000000100000000001
00001000000000010010011010101000
00111100000110000000000000000101
00110111000110000000001011111000
11000111000000010000000000000000
01000110000000000000100000000000
00001000000000010010011010101000
00010100000000100000000000100101
01000110000000000000000001000010
00111100000110000000000000000101
00110111000110000000001100000100
11000111000000100000000000000000
00111100000110000000000000000101
00110111000110000000001011000000
11000111000000110000000000000000
00111100000110000000000000000101
00110111000110000000001010111100
11000111000001000000000000000000
00111100000110000000000000000101
00110111000110000000001010111000
11000111000001010000000000000000
00111100000110000000000000000101
00110111000110000000001010110100
11000111000001100000000000000000
00111100000110000000000000000101
00110111000110000000001010110000
11000111000001110000000000000000
00111100000110000000000000000101
00110111000110000000001010101100
11000111000010000000000000000000
01000110000000010100001000000010
01000110000010000011100111000001
01000110000000010011100111000010
01000110000001110011000110000001
01000110000000010011000110000010
01000110000001100010100101000001
01000110000000010010100101000010
01000110000001010010000100000001
01000110000000010010000100000010
01000110000001000001100011000001
01000110000000010001100001000010
01000110000000010001000001000001
01000110000000000000100000000010
01000110000000000000000000000111
00001000000000010010011010101000
01000110000000000000000001000010
00111100000110000000000000000101
00110111000110000000001100000100
11000111000000100000000000000000
00111100000110000000000000000101
00110111000110000000001011000000
11000111000000110000000000000000
00111100000110000000000000000101
00110111000110000000001010111100
11000111000001000000000000000000
00111100000110000000000000000101
00110111000110000000001010111000
11000111000001010000000000000000
00111100000110000000000000000101
00110111000110000000001010110100
11000111000001100000000000000000
00111100000110000000000000000101
00110111000110000000001010110000
11000111000001110000000000000000
00111100000110000000000000000101
00110111000110000000001010101100
11000111000010000000000000000000
01000110000000010100001000000010
01000110000010000011100111000001
01000110000000010011100111000010
01000110000001110011000110000001
01000110000000010011000110000010
01000110000001100010100101000001
01000110000000010010100101000010
01000110000001010010000100000001
01000110000000010010000100000010
01000110000001000001100011000001
01000110000000010001100001000010
01000110000000010001000001000001
01000110000000000000100000000010
00111100000110000000000000000101
00110111000110000000001010100000
11000111000000010000000000000000
01000110000000010000000000000010
00111100000110000000000000000101
00110111000110000000001010011100
11000111000000010000000000000000
01000110000000010000000000000011
00001000000000010010011010110100
00111100000110000000000000000101
00110111000110000000001011001000
11000111000000000000000000000000
11100111101000001111111100110000
10101111101111111111111100101100
00100111101111010000000011011000
00001100000000010011001101111101
00100011101111010000000011011000
10001111101111111111111100101100
11000111101000011111111100110000
01000110000000000000100000000001
10001111101000101111111111011000
11000100010000010000000000000100
10001111101000101111111101101000
10001100010000110000000000010100
11000100011000100000000000000100
01000110000000100000100001000001
10001100010000110000000000010000
11000100011000100000000000000100
11100111101000001111111100101100
11100111101000011111111100101000
01000110000000000001000000000110
10101111101111111111111100100100
00100111101111010000000011100000
00001100000000010011001101111011
00100011101111010000000011100000
10001111101111111111111100100100
11000111101000011111111100101000
01000110000000000000100000000010
11000111101000011111111100111000
11100111101000001111111100100100
01000110000000000000100000000110
10101111101111111111111100100000
00100111101111010000000011100100
00001100000000010011001101111001
00100011101111010000000011100100
10001111101111111111111100100000
00111100000110000000000000000101
00110111000110000000001011001100
11000111000000010000000000000000
01000110000000000000100000111110
01000101000000000000000000000010
00100000000000100000000000000000
00001000000000010010011011011110
00100000000000100000000000000001
00010100000000100000000011111110
11000111101000001111111100111000
11000111101000011111111100100100
01000110000000000000100000000011
10101111101111111111111100100000
00100111101111010000000011100100
00001100000000010011001101111001
00100011101111010000000011100100
10001111101111111111111100100000
00111100000110000000000000000101
00110111000110000000001100001100
11000111000000010000000000000000
01000110000000000000100000111110
01000101000000000000000000000010
00100000000000100000000000000001
00001000000000010010011011101111
00100000000000100000000000000000
00010100000000100000000000000001
01000110000000000000000000000111
00111100000110000000000000000101
00110111000110000000001011000100
11000111000000010000000000000000
01000110000000000000100000111110
01000101000000000000000010010101
00111100000110000000000000000101
00110111000110000000001010101000
11000111000000010000000000000000
01000110000000000000100000111110
01000101000000000000000001011001
00010100000000100000000000101100
00111100000110000000000000000101
00110111000110000000001100000100
11000111000000010000000000000000
01000110000000000000100000000011
01000110000000000000000001000010
00111100000110000000000000000101
00110111000110000000001100000100
11000111000000100000000000000000
00111100000110000000000000000101
00110111000110000000001011000000
11000111000000110000000000000000
00111100000110000000000000000101
00110111000110000000001010111100
11000111000001000000000000000000
00111100000110000000000000000101
00110111000110000000001010111000
11000111000001010000000000000000
00111100000110000000000000000101
00110111000110000000001010110100
11000111000001100000000000000000
00111100000110000000000000000101
00110111000110000000001010110000
11000111000001110000000000000000
00111100000110000000000000000101
00110111000110000000001010101100
11000111000010000000000000000000
01000110000000010100001000000010
01000110000010000011100111000001
01000110000000010011100111000010
01000110000001110011000110000001
01000110000000010011000110000010
01000110000001100010100101000001
01000110000000010010100101000010
01000110000001010010000100000001
01000110000000010010000100000010
01000110000001000001100011000001
01000110000000010001100001000010
01000110000000010001000001000001
01000110000000000000100000000010
00111100000110000000000000000101
00110111000110000000001011111100
11000111000000010000000000000000
01000110000000010000000000000001
00001000000000010010011111010100
00111100000110000000000000000101
00110111000110000000001011111100
11000111000000010000000000000000
00111100000110000000000000000101
00110111000110000000001100000100
11000111000000100000000000000000
01000110000000000001000000000011
01000110000000000000000010000010
00111100000110000000000000000101
00110111000110000000001100000100
11000111000000110000000000000000
00111100000110000000000000000101
00110111000110000000001011000000
11000111000001000000000000000000
00111100000110000000000000000101
00110111000110000000001010111100
11000111000001010000000000000000
00111100000110000000000000000101
00110111000110000000001010111000
11000111000001100000000000000000
00111100000110000000000000000101
00110111000110000000001010110100
11000111000001110000000000000000
00111100000110000000000000000101
00110111000110000000001010110000
11000111000010000000000000000000
00111100000110000000000000000101
00110111000110000000001010101100
11000111000010010000000000000000
01000110000000100100101001000010
01000110000010010100001000000001
01000110000000100100001000000010
01000110000010000011100111000001
01000110000000100011100111000010
01000110000001110011000110000001
01000110000000100011000110000010
01000110000001100010100101000001
01000110000000100010100101000010
01000110000001010010000100000001
01000110000000100010000010000010
01000110000000100001100010000001
01000110000000000001000000000010
01000110000000000000100000000001
00001000000000010010011111010100
00111100000110000000000000000101
00110111000110000000001100000100
11000111000000010000000000000000
01000110000000010000000001000001
00111100000110000000000000000101
00110111000110000000001100000100
11000111000000100000000000000000
01000110000000100000000000000000
01000110000000000000100000000011
01000110000000000000000001000010
00111100000110000000000000000101
00110111000110000000001100000100
11000111000000100000000000000000
00111100000110000000000000000101
00110111000110000000001011000000
11000111000000110000000000000000
00111100000110000000000000000101
00110111000110000000001010111100
11000111000001000000000000000000
00111100000110000000000000000101
00110111000110000000001010111000
11000111000001010000000000000000
00111100000110000000000000000101
00110111000110000000001010110100
11000111000001100000000000000000
00111100000110000000000000000101
00110111000110000000001010110000
11000111000001110000000000000000
00111100000110000000000000000101
00110111000110000000001010101100
11000111000010000000000000000000
01000110000000010100001000000010
01000110000010000011100111000001
01000110000000010011100111000010
01000110000001110011000110000001
01000110000000010011000110000010
01000110000001100010100101000001
01000110000000010010100101000010
01000110000001010010000100000001
01000110000000010010000100000010
01000110000001000001100011000001
01000110000000010001100001000010
01000110000000010001000001000001
01000110000000000000100000000010
00010100000000100000000000000101
00111100000110000000000000000101
00110111000110000000001010100100
11000111000000010000000000000000
01000110000000000000100000000001
00001000000000010010011111010100
00111100000110000000000000000101
00110111000110000000001011111000
11000111000000010000000000000000
01000110000000000000100000000000
00001000000000010010011111010100
00010100000000100000000000100101
01000110000000000000000001000010
00111100000110000000000000000101
00110111000110000000001100000100
11000111000000100000000000000000
00111100000110000000000000000101
00110111000110000000001011000000
11000111000000110000000000000000
00111100000110000000000000000101
00110111000110000000001010111100
11000111000001000000000000000000
00111100000110000000000000000101
00110111000110000000001010111000
11000111000001010000000000000000
00111100000110000000000000000101
00110111000110000000001010110100
11000111000001100000000000000000
00111100000110000000000000000101
00110111000110000000001010110000
11000111000001110000000000000000
00111100000110000000000000000101
00110111000110000000001010101100
11000111000010000000000000000000
01000110000000010100001000000010
01000110000010000011100111000001
01000110000000010011100111000010
01000110000001110011000110000001
01000110000000010011000110000010
01000110000001100010100101000001
01000110000000010010100101000010
01000110000001010010000100000001
01000110000000010010000100000010
01000110000001000001100011000001
01000110000000010001100001000010
01000110000000010001000001000001
01000110000000000000100000000010
01000110000000000000000000000111
00001000000000010010011111010100
01000110000000000000000001000010
00111100000110000000000000000101
00110111000110000000001100000100
11000111000000100000000000000000
00111100000110000000000000000101
00110111000110000000001011000000
11000111000000110000000000000000
00111100000110000000000000000101
00110111000110000000001010111100
11000111000001000000000000000000
00111100000110000000000000000101
00110111000110000000001010111000
11000111000001010000000000000000
00111100000110000000000000000101
00110111000110000000001010110100
11000111000001100000000000000000
00111100000110000000000000000101
00110111000110000000001010110000
11000111000001110000000000000000
00111100000110000000000000000101
00110111000110000000001010101100
11000111000010000000000000000000
01000110000000010100001000000010
01000110000010000011100111000001
01000110000000010011100111000010
01000110000001110011000110000001
01000110000000010011000110000010
01000110000001100010100101000001
01000110000000010010100101000010
01000110000001010010000100000001
01000110000000010010000100000010
01000110000001000001100011000001
01000110000000010001100001000010
01000110000000010001000001000001
01000110000000000000100000000010
00111100000110000000000000000101
00110111000110000000001010100000
11000111000000010000000000000000
01000110000000010000000000000010
00111100000110000000000000000101
00110111000110000000001010011100
11000111000000010000000000000000
01000110000000010000000000000011
00001000000000010010011111100000
00111100000110000000000000000101
00110111000110000000001011001000
11000111000000000000000000000000
11100111101000001111111100100000
10101111101111111111111100011100
00100111101111010000000011101000
00001100000000010011001101111101
00100011101111010000000011101000
10001111101111111111111100011100
11000111101000011111111100100000
01000110000000000000100000000001
00111100000110000000000000000101
00110111000110000000001010011000
11000111000000010000000000000000
00111100000110000000000000000101
00110111000110000000001100010100
11000111000000100000000000000000
11000111101000111111111100101100
01000110000000110001000010000001
01000110000000100001000010000010
01000110000000100000100001000001
00111100000110000000000000000101
00110111000110000000001100010100
11000111000000100000000000000000
01000110000000000001000000000001
01000110000000000000000000000010
01000110000000000000100000000001
00111100000110000000000000000101
00110111000110000000001100001100
11000111000000010000000000000000
01000110000000000000100000111110
01000101000000000000000000000010
00100000000000100000000000000000
00001000000000010010100000000000
00100000000000100000000000000001
00010100000000100000000000000001
00001000000000010010100000000101
00111100000110000000000000000101
00110111000110000000001100001100
11000111000000000000000000000000
00111100000110000000000000000101
00110111000110000000001010010100
11000111000000010000000000000000
01000110000000000000100000000010
00111100000110000000000000000101
00110111000110000000001010010000
11000111000000010000000000000000
01000110000000010000000000000011
10001111101000101111111111011100
11100100010000000000000000001000
10001111101000101111111111100100
10001100010000110000000000000000
00100000000000100000000000000000
10101111101111111111111100011100
00100111101111010000000011101000
00001100000000010000101101110010
00100011101111010000000011101000
10001111101111111111111100011100
00010100000000100000000000110001
10001111101000101111111111010100
11000100010000000000000000000000
10001111101000111111111111101000
11000100011000010000000000000000
01000110000000010000000000000010
11000100010000010000000000000100
11000100011000100000000000000100
01000110000000100000100001000010
01000110000000010000000000000000
11000100010000010000000000001000
11000100011000100000000000001000
01000110000000100000100001000010
01000110000000010000000000000000
01000110000000000000000000000111
00111100000110000000000000000101
00110111000110000000001100001100
11000111000000010000000000000000
01000110000000010000000000111110
01000101000000000000000000000010
00100000000000100000000000000000
00001000000000010010100000101110
00100000000000100000000000000001
00010100000000100000000000000011
00111100000110000000000000000101
00110111000110000000001100001100
11000111000000000000000000000000
11000111101000011111111101110000
01000110000000000000100000000010
10001111101000101111111101101000
10001100010000100000000000011100
11000100010000010000000000000000
01000110000000010000000000000010
10001111101000101111111111110000
11000100010000010000000000000000
10001111101000111111111111011100
11000100011000100000000000000000
01000110000000100000000010000010
01000110000000100000100001000000
11100100010000010000000000000000
11000100010000010000000000000100
11000100011000100000000000000100
01000110000000100000000010000010
01000110000000100000100001000000
11100100010000010000000000000100
11000100010000010000000000001000
11000100011000100000000000001000
01000110000000100000000000000010
01000110000000000000100000000000
11100100010000000000000000001000
10001111101000101111111111110100
00100100010001010000000000000010
10001111101000101111111111111000
10001111101000111111111111111100
10001111101001000000000000000000
00001000000000010001110010111110
00000011111000000000000000001000
00111100000001000000001000000000
00110100100001000000001001010000
00111100000001010000001000000000
00110100101001010000001011001100
00111100000001100000001000000000
00111100000001110000001000000000
00110100111001110000001001011100
00111100000010000000001000000000
00110101000010000000001010001000
00101100011110000000000000000100
00010111000000000000000011101110
10001100010010010000000000001000
00000000000000110101000010000000
00000001001010101100000000100000
10001111000010010000000000000000
00101001001110000000000000000000
00010111000000000000000011100111
10001100010010010000000000001100
00000000000000110101000010000000
00000001001010101100000000100000
10001111000010010000000000000000
10101111101000100000000000000000
10101111101000111111111111111100
00010100000010010000000000000001
00001000000000010010100101000100
10001100010010010000000000010100
10001100010010100000000000011100
10001100010010110000000000000100
10001100010011000000000000010000
00000000000000110110100010000000
00000001001011011100000000100000
10001111000010010000000000000000
11000101001000000000000000000000
11100100100000000000000000000000
11000101001000000000000000000100
11100100100000000000000000000100
11000101001000000000000000001000
11100100100000000000000000001000
10001100010010010000000000011000
10001101001010010000000000000000
00000000000000110110100010000000
00000001010011011100000000100000
10001111000010100000000000000000
00000000000000110110100010000000
00000001011011011100000000100000
10001111000010110000000000000000
10101111101001001111111111111000
10101111101001111111111111110100
10101111101011001111111111110000
10101111101010101111111111101100
10101111101001101111111111101000
10101111101010001111111111100100
10101111101010111111111111100000
10101111101001011111111111011100
10101111101010011111111111011000
00010100000010010000000000000001
00001000000000010010100010100011
10001100101011010000000000000000
11000101011000000000000000000000
11100101000000000000000000000000
11000101011000000000000000000100
11100101000000000000000000000100
11000101011000000000000000001000
11100101000000000000000000001000
10001100110011100000000000000000
00100101110011100000000000000001
10101111101011011111111111010100
00100001110000110000000000000000
00100001011000100000000000000000
10101111101111111111111111010000
00100111101111010000000000110100
00001100000000010000100001110001
00100011101111010000000000110100
10001111101111111111111111010000
00100000000001010000000001110110
10001111101000101111111111010100
10001111101000111111111111101100
10001111101001001111111111100000
10101111101111111111111111010000
00100111101111010000000000110100
00001100000000010001110010111110
00100011101111010000000000110100
10001111101111111111111111010000
10001111101000101111111111011000
00100000000110000000000000000001
00010111000000100000000000000001
00001000000000010010100011000101
10001111101000111111111111011100
10001100011001000000000000000100
10001111101001011111111111100000
11000100101000000000000000000000
10001111101001101111111111100100
11100100110000000000000000000000
11000100101000000000000000000100
11100100110000000000000000000100
11000100101000000000000000001000
11100100110000000000000000001000
10001111101001111111111111101000
10001100111010000000000000000000
00100101000010000000000000000001
10101111101001001111111111010000
00100001000000110000000000000000
00100000101000100000000000000000
10101111101111111111111111001100
00100111101111010000000000111000
00001100000000010000100001110001
00100011101111010000000000111000
10001111101111111111111111001100
00100000000001010000000001110110
10001111101000101111111111010000
10001111101000111111111111101100
10001111101001001111111111100000
10101111101111111111111111001100
00100111101111010000000000111000
00001100000000010001110010111110
00100011101111010000000000111000
10001111101111111111111111001100
10001111101000101111111111011000
00100000000110000000000000000010
00010111000000100000000000000001
00001000000000010010100011100111
10001111101000111111111111011100
10001100011001000000000000001000
10001111101001011111111111100000
11000100101000000000000000000000
10001111101001101111111111100100
11100100110000000000000000000000
11000100101000000000000000000100
11100100110000000000000000000100
11000100101000000000000000001000
11100100110000000000000000001000
10001111101001111111111111101000
10001100111010000000000000000000
00100101000010000000000000000001
10101111101001001111111111001100
00100001000000110000000000000000
00100000101000100000000000000000
10101111101111111111111111001000
00100111101111010000000000111100
00001100000000010000100001110001
00100011101111010000000000111100
10001111101111111111111111001000
00100000000001010000000001110110
10001111101000101111111111001100
10001111101000111111111111101100
10001111101001001111111111100000
10101111101111111111111111001000
00100111101111010000000000111100
00001100000000010001110010111110
00100011101111010000000000111100
10001111101111111111111111001000
10001111101000101111111111011000
00100000000110000000000000000011
00010111000000100000000000000001
00001000000000010010100100001001
10001111101000111111111111011100
10001100011001000000000000001100
10001111101001011111111111100000
11000100101000000000000000000000
10001111101001101111111111100100
11100100110000000000000000000000
11000100101000000000000000000100
11100100110000000000000000000100
11000100101000000000000000001000
11100100110000000000000000001000
10001111101001111111111111101000
10001100111010000000000000000000
00100101000010000000000000000001
10101111101001001111111111001000
00100001000000110000000000000000
00100000101000100000000000000000
10101111101111111111111111000100
00100111101111010000000001000000
00001100000000010000100001110001
00100011101111010000000001000000
10001111101111111111111111000100
00100000000001010000000001110110
10001111101000101111111111001000
10001111101000111111111111101100
10001111101001001111111111100000
10101111101111111111111111000100
00100111101111010000000001000000
00001100000000010001110010111110
00100011101111010000000001000000
10001111101111111111111111000100
10001111101000101111111111011000
00100000000110000000000000000100
00010111000000100000000000000001
00001000000000010010100100101011
10001111101000101111111111011100
10001100010000100000000000010000
10001111101000111111111111100000
11000100011000000000000000000000
10001111101001001111111111100100
11100100100000000000000000000000
11000100011000000000000000000100
11100100100000000000000000000100
11000100011000000000000000001000
11100100100000000000000000001000
10001111101001001111111111101000
10001100100001000000000000000000
00100100100001000000000000000001
10101111101000101111111111000100
00100000011000100000000000000000
00100000100000110000000000000000
10101111101111111111111111000000
00100111101111010000000001000100
00001100000000010000100001110001
00100011101111010000000001000100
10001111101111111111111111000000
00100000000001010000000001110110
10001111101000101111111111000100
10001111101000111111111111101100
10001111101001001111111111100000
10101111101111111111111111000000
00100111101111010000000001000100
00001100000000010001110010111110
00100011101111010000000001000100
10001111101111111111111111000000
10001111101000101111111111111100
00000000000000100001100010000000
10001111101001001111111111110000
00000000100000111100000000100000
10001111000000110000000000000000
10001111101001001111111111110100
11000100100000000000000000000000
11000100011000010000000000000000
10001111101001011111111111111000
11000100101000100000000000000000
01000110000000100000100001000010
01000110000000010000000000000000
11100100100000000000000000000000
11000100100000000000000000000100
11000100011000010000000000000100
11000100101000100000000000000100
01000110000000100000100001000010
01000110000000010000000000000000
11100100100000000000000000000100
11000100100000000000000000001000
11000100011000010000000000001000
11000100101000100000000000001000
01000110000000100000100001000010
01000110000000010000000000000000
11100100100000000000000000001000
10001111101000101111111111111100
00100000010000110000000000000001
10001111101000100000000000000000
00001000000000010010100001010000
00000011111000000000000000001000
00000011111000000000000000001000
00000000000000100100000010000000
00000000101010001100000000100000
10001111000010000000000000000000
00111100000010010000001000000000
00110101001010010000001001010000
00111100000010100000001000000000
00110101010010100000001001011100
00101100111110000000000000000100
00010111000000000000000010111011
10001101000010110000000000001000
00000000000001110110000010000000
00000001011011001100000000100000
10001111000010110000000000000000
00101001011110000000000000000000
00010111000000000000000010110100
00000000000000100101100010000000
00000000101010111100000000100000
10001111000010110000000000000000
10001101011010110000000000001000
00000000000001110110000010000000
00000001011011001100000000100000
10001111000010110000000000000000
00000000000000100110000010000000
00000000100011001100000000100000
10001111000011000000000000000000
10001101100011000000000000001000
00000000000001110110100010000000
00000001100011011100000000100000
10001111000011000000000000000000
00010101100010110000000000100010
00000000000000100110000010000000
00000000110011001100000000100000
10001111000011000000000000000000
10001101100011000000000000001000
00000000000001110110100010000000
00000001100011011100000000100000
10001111000011000000000000000000
00010101100010110000000000011000
00100100010011000000000000000001
00000000000011000110000010000000
00000000101011001100000000100000
10001111000011000000000000000000
10001101100011000000000000001000
00000000000001110110100010000000
00000001100011011100000000100000
10001111000011000000000000000000
00010101100010110000000000001101
00100000010011000000000000000001
00000000000011000110000010000000
00000000101011001100000000100000
10001111000011000000000000000000
10001101100011000000000000001000
00000000000001110110100010000000
00000001100011011100000000100000
10001111000011000000000000000000
00010101100010110000000000000010
00100000000010110000000000000001
00001000000000010010100110001011
00100000000010110000000000000000
00001000000000010010100110001011
00100000000010110000000000000000
00001000000000010010100110001011
00100000000010110000000000000000
00001000000000010010100110001011
00100000000010110000000000000000
00010100000010110000000000000101
00000000000000100001000010000000
00000000101000101100000000100000
10001111000000100000000000000000
00100000111000110000000000000000
00001000000000010010100001010000
10001101000010000000000000001100
00000000000001110101100010000000
00000001000010111100000000100000
10001111000010000000000000000000
00010100000010000000000000000001
00001000000000010010101000001011
00000000000000100100000010000000
00000000100010001100000000100000
10001111000010000000000000000000
10001101000010000000000000010100
00100100010010110000000000000001
00000000000010110101100010000000
00000000101010111100000000100000
10001111000010110000000000000000
10001101011010110000000000010100
00000000000000100110000010000000
00000000101011001100000000100000
10001111000011000000000000000000
10001101100011000000000000010100
00100000010011010000000000000001
00000000000011010110100010000000
00000000101011011100000000100000
10001111000011010000000000000000
10001101101011010000000000010100
00000000000000100111000010000000
00000000110011101100000000100000
10001111000011100000000000000000
10001101110011100000000000010100
00000000000001111000000010000000
00000001000100001100000000100000
10001111000010000000000000000000
11000101000000000000000000000000
11100101001000000000000000000000
11000101000000000000000000000100
11100101001000000000000000000100
11000101000000000000000000001000
11100101001000000000000000001000
00000000000001110100000010000000
00000001011010001100000000100000
10001111000010000000000000000000
11000101001000000000000000000000
11000101000000010000000000000000
01000110000000010000000000000000
11100101001000000000000000000000
11000101001000000000000000000100
11000101000000010000000000000100
01000110000000010000000000000000
11100101001000000000000000000100
11000101001000000000000000001000
11000101000000010000000000001000
01000110000000010000000000000000
11100101001000000000000000001000
00000000000001110100000010000000
00000001100010001100000000100000
10001111000010000000000000000000
11000101001000000000000000000000
11000101000000010000000000000000
01000110000000010000000000000000
11100101001000000000000000000000
11000101001000000000000000000100
11000101000000010000000000000100
01000110000000010000000000000000
11100101001000000000000000000100
11000101001000000000000000001000
11000101000000010000000000001000
01000110000000010000000000000000
11100101001000000000000000001000
00000000000001110100000010000000
00000001101010001100000000100000
10001111000010000000000000000000
11000101001000000000000000000000
11000101000000010000000000000000
01000110000000010000000000000000
11100101001000000000000000000000
11000101001000000000000000000100
11000101000000010000000000000100
01000110000000010000000000000000
11100101001000000000000000000100
11000101001000000000000000001000
11000101000000010000000000001000
01000110000000010000000000000000
11100101001000000000000000001000
00000000000001110100000010000000
00000001110010001100000000100000
10001111000010000000000000000000
11000101001000000000000000000000
11000101000000010000000000000000
01000110000000010000000000000000
11100101001000000000000000000000
11000101001000000000000000000100
11000101000000010000000000000100
01000110000000010000000000000000
11100101001000000000000000000100
11000101001000000000000000001000
11000101000000010000000000001000
01000110000000010000000000000000
11100101001000000000000000001000
00000000000000100100000010000000
00000000101010001100000000100000
10001111000010000000000000000000
10001101000010000000000000010000
00000000000001110101100010000000
00000001000010111100000000100000
10001111000010000000000000000000
11000101010000000000000000000000
11000101000000010000000000000000
11000101001000100000000000000000
01000110000000100000100001000010
01000110000000010000000000000000
11100101010000000000000000000000
11000101010000000000000000000100
11000101000000010000000000000100
11000101001000100000000000000100
01000110000000100000100001000010
01000110000000010000000000000000
11100101010000000000000000000100
11000101010000000000000000001000
11000101000000010000000000001000
11000101001000100000000000001000
01000110000000100000100001000010
01000110000000010000000000000000
11100101010000000000000000001000
00100000111001110000000000000001
00001000000000010010100101001010
00000011111000000000000000001000
00000011111000000000000000001000
00111100000001000000001000000000
00110100100001000000001001010000
00111100000001010000001000000000
00110100101001010000001011001100
00111100000001100000001000000000
00111100000001110000001000000000
00110100111001110000001010001000
00101100011110000000000000000100
00010111000000000000000001001110
10001100010010000000000000001000
00000000000000110100100010000000
00000001000010011100000000100000
10001111000010000000000000000000
00101001000110000000000000000000
00010111000000000000000001000111
10001100010010000000000000001100
00000000000000110100100010000000
00000001000010011100000000100000
10001111000010000000000000000000
10101111101000110000000000000000
00010100000010000000000000000001
00001000000000010010101001100010
10001100010010000000000000011000
10001101000010000000000000000000
00111100000110000000000000000101
00110111000110000000001100001100
11000111000000000000000000000000
11100100100000000000000000000000
11100100100000000000000000000100
11100100100000000000000000001000
10001100010010010000000000011100
10001100010010100000000000000100
00000000000010000100000010000000
00000000101010001100000000100000
10001111000001010000000000000000
00000000000000110100000010000000
00000001001010001100000000100000
10001111000010000000000000000000
00000000000000110100100010000000
00000001010010011100000000100000
10001111000010010000000000000000
11000101001000000000000000000000
11100100111000000000000000000000
11000101001000000000000000000100
11100100111000000000000000000100
11000101001000000000000000001000
11100100111000000000000000001000
10001100110001100000000000000000
00100100110001100000000000000001
10101111101001001111111111111100
10101111101000101111111111111000
10101111101010011111111111110100
10101111101010001111111111110000
10101111101001011111111111101100
00100000110000110000000000000000
00100001001000100000000000000000
10101111101111111111111111101000
00100111101111010000000000011100
00001100000000010000100001110001
00100011101111010000000000011100
10001111101111111111111111101000
00100000000001010000000001110110
10001111101000101111111111101100
10001111101000111111111111110000
10001111101001001111111111110100
10101111101111111111111111101000
00100111101111010000000000011100
00001100000000010001110010111110
00100011101111010000000000011100
10001111101111111111111111101000
10001111101000101111111111111000
10001100010000110000000000010100
10001111101001000000000000000000
00000000000001000010100010000000
00000000011001011100000000100000
10001111000000110000000000000000
10001111101001011111111111111100
11000100101000000000000000000000
11100100011000000000000000000000
11000100101000000000000000000100
11100100011000000000000000000100
11000100101000000000000000001000
11100100011000000000000000001000
10001111101000110000000000000000
00100000011000110000000000000001
00001000000000010010101000001111
00000011111000000000000000001000
00000011111000000000000000001000
00111100000001010000001000000000
00110100101001010000001001110000
00111100000001100000001000000000
00110100110001100000001010111000
00111100000001110000001000000000
00110100111001110000001001011100
00111100000010000000001000000000
00110101000010000000001001111000
00111100000010010000001000000000
00110101001010010000001010010100
00111100000010100000001000000000
00110101010010100000001001111100
00111100000010110000001000000000
00110101011010110000000100101100
00101000011110000000000000000000
00010111000000000000000010011100
11000101000000110000000000000000
10001100101001010000000000000000
00000000011001010010100000100010
10101111101001000000000000000000
10101111101000101111111111111100
10101111101000111111111111111000
10101111101010101111111111110100
10101111101010111111111111110000
10101111101001111111111111101100
11100111101000101111111111101000
11100111101000011111111111100100
10101111101001101111111111100000
11100111101000001111111111011100
10101111101010011111111111011000
11100111101000111111111111010100
00100000101000100000000000000000
10101111101111111111111111010000
00100111101111010000000000110100
00001100000000010011001101111111
00100011101111010000000000110100
10001111101111111111111111010000
11000111101000011111111111010100
01000110000000000000100000000010
10001111101000101111111111011000
11000100010000010000000000000000
01000110000000010000000001000010
11000111101000101111111111011100
01000110000000100000100001000000
10001111101000111111111111100000
11100100011000010000000000000000
11000100010000010000000000000100
01000110000000010000000001000010
11000111101000111111111111100100
01000110000000110000100001000000
11100100011000010000000000000100
11000100010000010000000000001000
01000110000000010000000000000010
11000111101000011111111111101000
01000110000000010000000000000000
11100100011000000000000000001000
11000100011000000000000000000000
01000110000000000000000000000010
11000100011001000000000000000100
01000110000001000010000100000010
01000110000001000000000000000000
11000100011001000000000000001000
01000110000001000010000100000010
01000110000001000000000000000000
10101111101111111111111111010000
00100111101111010000000000110100
00001100000000010011001101111011
00100011101111010000000000110100
10001111101111111111111111010000
00111100000110000000000000000101
00110111000110000000001100001100
11000111000000010000000000000000
01000110000000010000000000110010
01000101000000000000000000000010
00100000000000100000000000000001
00001000000000010010101010110100
00100000000000100000000000000000
00010100000000100000000000000101
00111100000110000000000000000101
00110111000110000000001100000100
11000111000000010000000000000000
01000110000000000000100000000011
00001000000000010010101010111101
00111100000110000000000000000101
00110111000110000000001100000100
11000111000000000000000000000000
10001111101000111111111111100000
11000100011000010000000000000000
01000110000000000000100001000010
11100100011000010000000000000000
11000100011000010000000000000100
01000110000000000000100001000010
11100100011000010000000000000100
11000100011000010000000000001000
01000110000000000000100000000010
11100100011000000000000000001000
00111100000110000000000000000101
00110111000110000000001100001100
11000111000000000000000000000000
10001111101000101111111111101100
11100100010000000000000000000000
11100100010000000000000000000100
11100100010000000000000000001000
10001111101001001111111111110000
11000100100000000000000000000000
10001111101001011111111111110100
11100100101000000000000000000000
11000100100000000000000000000100
11100100101000000000000000000100
11000100100000000000000000001000
11100100101000000000000000001000
00111100000110000000000000000101
00110111000110000000001100000100
11000111000000000000000000000000
10001111101001001111111111111000
00000000000001000010100010000000
10001111101001101111111111111100
00000000110001011100000000100000
10001111000001010000000000000000
00111100000110000000000000000101
00110111000110000000001100001100
11000111000000010000000000000000
00100000101001000000000000000000
00100000000000100000000000000000
10101111101111111111111111010000
00100111101111010000000000110100
00001100000000010001010111010110
00100011101111010000000000110100
10001111101111111111111111010000
10001111101000101111111111111000
00000000000000100001100010000000
10001111101001001111111111111100
00000000100000111100000000100000
10001111000000110000000000000000
10001100011000110000000000000000
10001111101001011111111111101100
11000100101000000000000000000000
11100100011000000000000000000000
11000100101000000000000000000100
11100100011000000000000000000100
11000100101000000000000000001000
11100100011000000000000000001000
00000000000000100001100010000000
00000000100000111100000000100000
10001111000000110000000000000000
10001100011000110000000000011000
10001111101001010000000000000000
10101100011001010000000000000000
00000000000000100001100010000000
00000000100000111100000000100000
10001111000000110000000000000000
00100000011000100000000000000000
00100000000000110000000000000000
10101111101111111111111111010000
00100111101111010000000000110100
00001100000000010010101000001111
00100011101111010000000000110100
10001111101111111111111111010000
10001111101000101111111111111000
00100100010000110000000000000001
10001111101000100000000000000000
00100000010000100000000000000001
00101000010110000000000000000101
00010111000000000000000000000010
00100100010001000000000000000101
00001000000000010010101100001110
00100000010001000000000000000000
11000111101000001111111111011100
11000111101000011111111111100100
11000111101000101111111111101000
10001111101000101111111111111100
00001000000000010010101001100111
00000011111000000000000000001000
00111100000010000000001000000000
00110101000010000000001001101000
10001101000010010000000000000000
00111100000010100000001000000000
00110101010010100000001001011100
00000000010010011100000000101010
00010111000000000000000000000001
00000011111000000000000000001000
00000000000000100100100010000000
00000000101010011100000000100000
10001111000010010000000000000000
10001101001010010000000000000000
11000101001000000000000000000000
11100101010000000000000000000000
11000101001000000000000000000100
11100101010000000000000000000100
11000101001000000000000000001000
11100101010000000000000000001000
10001101000010010000000000000100
00100000011010110000000000000001
00000001011010011100000000101010
00010111000000000000000000000010
00100000000010000000000000000000
00001000000000010010101100111011
00101100011110000000000000000000
00010111000000000000000000000010
00100000000010000000000000000000
00001000000000010010101100111011
10001101000010000000000000000000
00100000010010010000000000000001
00000001001010001100000000101010
00010111000000000000000000000010
00100000000010000000000000000000
00001000000000010010101100111011
00101100010110000000000000000000
00010111000000000000000000000010
00100000000010000000000000000000
00001000000000010010101100111011
00100000000010000000000000000001
10101111101001100000000000000000
10101111101001011111111111111100
10101111101001001111111111111000
10101111101000111111111111110100
10101111101000101111111111110000
10101111101010101111111111101100
10101111101001111111111111101000
00010100000010000000000000001011
00000000000000100100000010000000
00000000101010001100000000100000
10001111000010000000000000000000
00100000000000110000000000000000
00100001000000100000000000000000
10101111101111111111111111100100
00100111101111010000000000100000
00001100000000010010100001010000
00100011101111010000000000100000
10001111101111111111111111100100
00001000000000010010101101010100
00100000000001110000000000000000
10101111101111111111111111100100
00100111101111010000000000100000
00001100000000010010100101001010
00100011101111010000000000100000
10001111101111111111111111100100
10001111101000101111111111101000
00100000000110000000000000000011
00010111000000100000000001001111
10001111101000111111111111101100
11000100011000000000000000000000
10101111101111111111111111100100
00100111101111010000000000100000
00001100000000010011001110000001
00100011101111010000000000100000
10001111101111111111111111100100
00101100010110000000000011111111
00010111000000000000000000000101
00101000010110000000000000000000
00010111000000000000000000000001
00001000000000010010101101100110
00100000000000100000000000000000
00001000000000010010101101100110
00100000000000100000000011111111
10101111101111111111111111100100
00100111101111010000000000100000
00001100000000010000000001110110
00100011101111010000000000100000
10001111101111111111111111100100
00100000000000100000000000100000
10101111101111111111111111100100
00100111101111010000000000100000
00001100000000010011001110000011
00100011101111010000000000100000
10001111101111111111111111100100
10001111101000101111111111101100
11000100010000000000000000000100
10101111101111111111111111100100
00100111101111010000000000100000
00001100000000010011001110000001
00100011101111010000000000100000
10001111101111111111111111100100
00101100010110000000000011111111
00010111000000000000000000000101
00101000010110000000000000000000
00010111000000000000000000000001
00001000000000010010101110000000
00100000000000100000000000000000
00001000000000010010101110000000
00100000000000100000000011111111
10101111101111111111111111100100
00100111101111010000000000100000
00001100000000010000000001110110
00100011101111010000000000100000
10001111101111111111111111100100
00100000000000100000000000100000
10101111101111111111111111100100
00100111101111010000000000100000
00001100000000010011001110000011
00100011101111010000000000100000
10001111101111111111111111100100
10001111101000101111111111101100
11000100010000000000000000001000
10101111101111111111111111100100
00100111101111010000000000100000
00001100000000010011001110000001
00100011101111010000000000100000
10001111101111111111111111100100
00101100010110000000000011111111
00010111000000000000000000000101
00101000010110000000000000000000
00010111000000000000000000000001
00001000000000010010101110011010
00100000000000100000000000000000
00001000000000010010101110011010
00100000000000100000000011111111
10101111101111111111111111100100
00100111101111010000000000100000
00001100000000010000000001110110
00100011101111010000000000100000
10001111101111111111111111100100
00100000000000100000000000001010
10101111101111111111111111100100
00100111101111010000000000100000
00001100000000010011001110000011
00100011101111010000000000100000
10001111101111111111111111100100
00001000000000010010101111100010
10001111101000111111111111101100
11000100011000000000000000000000
10101111101111111111111111100100
00100111101111010000000000100000
00001100000000010011001110000001
00100011101111010000000000100000
10001111101111111111111111100100
00101100010110000000000011111111
00010111000000000000000000000101
00101000010110000000000000000000
00010111000000000000000000000001
00001000000000010010101110110101
00100000000000100000000000000000
00001000000000010010101110110101
00100000000000100000000011111111
10101111101111111111111111100100
00100111101111010000000000100000
00001100000000010011001110000011
00100011101111010000000000100000
10001111101111111111111111100100
10001111101000101111111111101100
11000100010000000000000000000100
10101111101111111111111111100100
00100111101111010000000000100000
00001100000000010011001110000001
00100011101111010000000000100000
10001111101111111111111111100100
00101100010110000000000011111111
00010111000000000000000000000101
00101000010110000000000000000000
00010111000000000000000000000001
00001000000000010010101111001001
00100000000000100000000000000000
00001000000000010010101111001001
00100000000000100000000011111111
10101111101111111111111111100100
00100111101111010000000000100000
00001100000000010011001110000011
00100011101111010000000000100000
10001111101111111111111111100100
10001111101000101111111111101100
11000100010000000000000000001000
10101111101111111111111111100100
00100111101111010000000000100000
00001100000000010011001110000001
00100011101111010000000000100000
10001111101111111111111111100100
00101100010110000000000011111111
00010111000000000000000000000101
00101000010110000000000000000000
00010111000000000000000000000001
00001000000000010010101111011101
00100000000000100000000000000000
00001000000000010010101111011101
00100000000000100000000011111111
10101111101111111111111111100100
00100111101111010000000000100000
00001100000000010011001110000011
00100011101111010000000000100000
10001111101111111111111111100100
10001111101000101111111111110000
00100000010000100000000000000001
10001111101000111111111111110100
10001111101001001111111111111000
10001111101001011111111111111100
10001111101001100000000000000000
10001111101001111111111111101000
00001000000000010010101100010100
00111100000010000000001000000000
00110101000010000000001001101000
10001101000010010000000000000100
00111100000010100000001000000000
00110101010010100000001001110000
00111100000010110000001000000000
00110101011010110000001001111000
00111100000011000000001000000000
00110101100011000000001010100000
00111100000011010000001000000000
00110101101011010000001010101100
00000000010010011100000000101010
00010111000000000000000000000001
00000011111000000000000000001000
10001101000010010000000000000100
00100101001010010000000000000001
10101111101001100000000000000000
10101111101001111111111111111100
10101111101001011111111111111000
10101111101001001111111111110100
10101111101000111111111111110000
10101111101000101111111111101100
00000000010010011100000000101010
00010111000000000000000000000001
00001000000000010010110000101111
00100000010010010000000000000001
11000101011000000000000000000000
10001101010010100000000000000100
00000001001010100100100000100010
10101111101010001111111111101000
10101111101011011111111111100100
10101111101011001111111111100000
11100111101000001111111111011100
00100001001000100000000000000000
10101111101111111111111111011000
00100111101111010000000000101100
00001100000000010011001101111111
00100011101111010000000000101100
10001111101111111111111111011000
11000111101000011111111111011100
01000110000000000000100000000010
10001111101000101111111111100000
11000100010000010000000000000000
01000110000000010000000001000010
10001111101000111111111111100100
11000100011000100000000000000000
01000110000000100000100001000000
11000100010000100000000000000100
01000110000000100000000010000010
11000100011000110000000000000100
01000110000000110001000010000000
11000100010000110000000000001000
01000110000000110000000000000010
11000100011000110000000000001000
01000110000000110000000000000000
10001111101000101111111111101000
10001100010000100000000000000000
00100100010000110000000000000001
10001111101000101111111111111000
10001111101001000000000000000000
01000110000000000001011111000110
01000110000000000000000010000110
01000110000000000000100000000110
01000110000000001111100001000110
10101111101111111111111111011000
00100111101111010000000000101100
00001100000000010010101001100111
00100011101111010000000000101100
10001111101111111111111111011000
10001111101000111111111111101100
10001111101001001111111111110000
10001111101001011111111111110100
10001111101001101111111111111000
10001111101001111111111111111100
00100000000000100000000000000000
10101111101111111111111111011000
00100111101111010000000000101100
00001100000000010010101100010100
00100011101111010000000000101100
10001111101111111111111111011000
10001111101000101111111111101100
00100000010000100000000000000001
10001111101000110000000000000000
00100000011000110000000000000010
00101000011110000000000000000101
00010111000000000000000000000010
00100100011001100000000000000101
00001000000000010010110001000011
00100000011001100000000000000000
10001111101000111111111111110100
10001111101001001111111111111000
10001111101001011111111111110000
10001111101001111111111111111100
00001000000000010010101111101010
00101000011110000000000000000000
00010111000000000000000100111010
00100000000001000000000000000011
00111100000110000000000000000101
00110111000110000000001100001100
11000111000000000000000000000000
10101111101000100000000000000000
10101111101000111111111111111100
00100000100000100000000000000000
10101111101111111111111111111000
00100111101111010000000000001100
00001100000000010011001101110001
00100011101111010000000000001100
10001111101111111111111111111000
00100000000000110000000000000011
00111100000110000000000000000101
00110111000110000000001100001100
11000111000000000000000000000000
10101111101000101111111111111000
00100000011000100000000000000000
10101111101111111111111111110100
00100111101111010000000000010000
00001100000000010011001101110001
00100011101111010000000000010000
10001111101111111111111111110100
00100000010000110000000000000000
00100000000000100000000000000101
10101111101111111111111111110100
00100111101111010000000000010000
00001100000000010011001101101001
00100011101111010000000000010000
10001111101111111111111111110100
00100000000000110000000000000011
00111100000110000000000000000101
00110111000110000000001100001100
11000111000000000000000000000000
10101111101000101111111111110100
00100000011000100000000000000000
10101111101111111111111111110000
00100111101111010000000000010100
00001100000000010011001101110001
00100011101111010000000000010100
10001111101111111111111111110000
10001111101000111111111111110100
10101100011000100000000000000100
00100000000000100000000000000011
00111100000110000000000000000101
00110111000110000000001100001100
11000111000000000000000000000000
10101111101111111111111111110000
00100111101111010000000000010100
00001100000000010011001101110001
00100011101111010000000000010100
10001111101111111111111111110000
10001111101000111111111111110100
10101100011000100000000000001000
00100000000000100000000000000011
00111100000110000000000000000101
00110111000110000000001100001100
11000111000000000000000000000000
10101111101111111111111111110000
00100111101111010000000000010100
00001100000000010011001101110001
00100011101111010000000000010100
10001111101111111111111111110000
10001111101000111111111111110100
10101100011000100000000000001100
00100000000000100000000000000011
00111100000110000000000000000101
00110111000110000000001100001100
11000111000000000000000000000000
10101111101111111111111111110000
00100111101111010000000000010100
00001100000000010011001101110001
00100011101111010000000000010100
10001111101111111111111111110000
10001111101000111111111111110100
10101100011000100000000000010000
00100000000000100000000000000101
00100000000000110000000000000000
10101111101111111111111111110000
00100111101111010000000000010100
00001100000000010011001101101001
00100011101111010000000000010100
10001111101111111111111111110000
00100000000000110000000000000101
10101111101000101111111111110000
00100000011000100000000000000000
00100000000000110000000000000000
10101111101111111111111111101100
00100111101111010000000000011000
00001100000000010011001101101001
00100011101111010000000000011000
10001111101111111111111111101100
00100000000000110000000000000011
00111100000110000000000000000101
00110111000110000000001100001100
11000111000000000000000000000000
10101111101000101111111111101100
00100000011000100000000000000000
10101111101111111111111111101000
00100111101111010000000000011100
00001100000000010011001101110001
00100011101111010000000000011100
10001111101111111111111111101000
00100000010000110000000000000000
00100000000000100000000000000101
10101111101111111111111111101000
00100111101111010000000000011100
00001100000000010011001101101001
00100011101111010000000000011100
10001111101111111111111111101000
00100000000000110000000000000011
00111100000110000000000000000101
00110111000110000000001100001100
11000111000000000000000000000000
10101111101000101111111111101000
00100000011000100000000000000000
10101111101111111111111111100100
00100111101111010000000000100000
00001100000000010011001101110001
00100011101111010000000000100000
10001111101111111111111111100100
10001111101000111111111111101000
10101100011000100000000000000100
00100000000000100000000000000011
00111100000110000000000000000101
00110111000110000000001100001100
11000111000000000000000000000000
10101111101111111111111111100100
00100111101111010000000000100000
00001100000000010011001101110001
00100011101111010000000000100000
10001111101111111111111111100100
10001111101000111111111111101000
10101100011000100000000000001000
00100000000000100000000000000011
00111100000110000000000000000101
00110111000110000000001100001100
11000111000000000000000000000000
10101111101111111111111111100100
00100111101111010000000000100000
00001100000000010011001101110001
00100011101111010000000000100000
10001111101111111111111111100100
10001111101000111111111111101000
10101100011000100000000000001100
00100000000000100000000000000011
00111100000110000000000000000101
00110111000110000000001100001100
11000111000000000000000000000000
10101111101111111111111111100100
00100111101111010000000000100000
00001100000000010011001101110001
00100011101111010000000000100000
10001111101111111111111111100100
10001111101000111111111111101000
10101100011000100000000000010000
00100000000000100000000000000011
00111100000110000000000000000101
00110111000110000000001100001100
11000111000000000000000000000000
10101111101111111111111111100100
00100111101111010000000000100000
00001100000000010011001101110001
00100011101111010000000000100000
10001111101111111111111111100100
00100000010000110000000000000000
00100000000000100000000000000101
10101111101111111111111111100100
00100111101111010000000000100000
00001100000000010011001101101001
00100011101111010000000000100000
10001111101111111111111111100100
00100000000000110000000000000011
00111100000110000000000000000101
00110111000110000000001100001100
11000111000000000000000000000000
10101111101000101111111111100100
00100000011000100000000000000000
10101111101111111111111111100000
00100111101111010000000000100100
00001100000000010011001101110001
00100011101111010000000000100100
10001111101111111111111111100000
10001111101000111111111111100100
10101100011000100000000000000100
00100000000000100000000000000011
00111100000110000000000000000101
00110111000110000000001100001100
11000111000000000000000000000000
10101111101111111111111111100000
00100111101111010000000000100100
00001100000000010011001101110001
00100011101111010000000000100100
10001111101111111111111111100000
10001111101000111111111111100100
10101100011000100000000000001000
00100000000000100000000000000011
00111100000110000000000000000101
00110111000110000000001100001100
11000111000000000000000000000000
10101111101111111111111111100000
00100111101111010000000000100100
00001100000000010011001101110001
00100011101111010000000000100100
10001111101111111111111111100000
10001111101000111111111111100100
10101100011000100000000000001100
00100000000000100000000000000011
00111100000110000000000000000101
00110111000110000000001100001100
11000111000000000000000000000000
10101111101111111111111111100000
00100111101111010000000000100100
00001100000000010011001101110001
00100011101111010000000000100100
10001111101111111111111111100000
10001111101000111111111111100100
10101100011000100000000000010000
00100000000000100000000000000001
00100000000000110000000000000000
10101111101111111111111111100000
00100111101111010000000000100100
00001100000000010011001101101001
00100011101111010000000000100100
10001111101111111111111111100000
00100000000000110000000000000011
00111100000110000000000000000101
00110111000110000000001100001100
11000111000000000000000000000000
10101111101000101111111111100000
00100000011000100000000000000000
10101111101111111111111111011100
00100111101111010000000000101000
00001100000000010011001101110001
00100011101111010000000000101000
10001111101111111111111111011100
00100000010000110000000000000000
00100000000000100000000000000101
10101111101111111111111111011100
00100111101111010000000000101000
00001100000000010011001101101001
00100011101111010000000000101000
10001111101111111111111111011100
00100000000000110000000000000011
00111100000110000000000000000101
00110111000110000000001100001100
11000111000000000000000000000000
10101111101000101111111111011100
00100000011000100000000000000000
10101111101111111111111111011000
00100111101111010000000000101100
00001100000000010011001101110001
00100011101111010000000000101100
10001111101111111111111111011000
10001111101000111111111111011100
10101100011000100000000000000100
00100000000000100000000000000011
00111100000110000000000000000101
00110111000110000000001100001100
11000111000000000000000000000000
10101111101111111111111111011000
00100111101111010000000000101100
00001100000000010011001101110001
00100011101111010000000000101100
10001111101111111111111111011000
10001111101000111111111111011100
10101100011000100000000000001000
00100000000000100000000000000011
00111100000110000000000000000101
00110111000110000000001100001100
11000111000000000000000000000000
10101111101111111111111111011000
00100111101111010000000000101100
00001100000000010011001101110001
00100011101111010000000000101100
10001111101111111111111111011000
10001111101000111111111111011100
10101100011000100000000000001100
00100000000000100000000000000011
00111100000110000000000000000101
00110111000110000000001100001100
11000111000000000000000000000000
10101111101111111111111111011000
00100111101111010000000000101100
00001100000000010011001101110001
00100011101111010000000000101100
10001111101111111111111111011000
10001111101000111111111111011100
10101100011000100000000000010000
00100011001000100000000000000000
00100011001110010000000000100000
10101100010000110000000000011100
10001111101000111111111111100000
10101100010000110000000000011000
10001111101000111111111111100100
10101100010000110000000000010100
10001111101000111111111111101000
10101100010000110000000000010000
10001111101000111111111111101100
10101100010000110000000000001100
10001111101000111111111111110000
10101100010000110000000000001000
10001111101000111111111111110100
10101100010000110000000000000100
10001111101000111111111111111000
10101100010000110000000000000000
10001111101000111111111111111100
00000000000000110010000010000000
10001111101001010000000000000000
00000000101001001100000000100000
10101111000000100000000000000000
00100100011000110000000000000001
00100000101000100000000000000000
00001000000000010010110001001000
00000011111000000000000000001000
00111100000001010000001000000000
00110100101001010000001011001100
00111100000110000000000000000101
00110111000110000000001100010000
11000111000001000000000000000000
00101000010110000000000000000101
00010111000000000000000001010011
01000110000000000000000010000010
01000110000000010000100011000010
01000110000000110001000010000000
00111100000110000000000000000101
00110111000110000000001100000100
11000111000000110000000000000000
01000110000000110001000010000000
10101111101001000000000000000000
10101111101001011111111111111100
10101111101000111111111111111000
11100111101000011111111111110100
11100111101000001111111111110000
01000110000000000001000000000110
10101111101111111111111111101100
00100111101111010000000000011000
00001100000000010011001101111011
00100011101111010000000000011000
10001111101111111111111111101100
11000111101000011111111111110000
01000110000000000000100001000011
11000111101000101111111111110100
01000110000000000001000010000011
00111100000110000000000000000101
00110111000110000000001100000100
11000111000000110000000000000000
01000110000000000001100000000011
10001111101000101111111111111000
00000000000000100001000010000000
10001111101000111111111111111100
00000000011000101100000000100000
10001111000000100000000000000000
10001111101000110000000000000000
00000000000000110010000010000000
00000000010001001100000000100000
10001111000001000000000000000000
10001100100001000000000000000000
11100100100000010000000000000000
11100100100000100000000000000100
11100100100000000000000000001000
00100000011001000000000000101000
00000000000001000010000010000000
00000000010001001100000000100000
10001111000001000000000000000000
10001100100001000000000000000000
01000110000000000001000011000111
11100100100000010000000000000000
11100100100000000000000000000100
11100100100000110000000000001000
00100000011001000000000001010000
00000000000001000010000010000000
00000000010001001100000000100000
10001111000001000000000000000000
10001100100001000000000000000000
01000110000000000000100100000111
11100100100000000000000000000000
11100100100001000000000000000100
11100100100000110000000000001000
00100000011001000000000000000001
00000000000001000010000010000000
00000000010001001100000000100000
10001111000001000000000000000000
10001100100001000000000000000000
01000110000000000000000000000111
11100100100001000000000000000000
11100100100000110000000000000100
11100100100000000000000000001000
00100000011001000000000000101001
00000000000001000010000010000000
00000000010001001100000000100000
10001111000001000000000000000000
10001100100001000000000000000000
11100100100001000000000000000000
11100100100000000000000000000100
11100100100000100000000000001000
00100000011000110000000001010001
00000000000000110001100010000000
00000000010000111100000000100000
10001111000000100000000000000000
10001100010000100000000000000000
11100100010000000000000000000000
11100100010000010000000000000100
11100100010000100000000000001000
00000011111000000000000000001000
01000110000000010000100000000010
00111100000110000000000000000101
00110111000110000000001001110100
11000111000000010000000000000000
01000110000000010000000000000000
10101111101001000000000000000000
10101111101000111111111111111000
11100111101000111111111111101100
10101111101000101111111111101000
11100111101001001111111111100100
11100111101000101111111111100000
10101111101111111111111111011100
00100111101111010000000000101000
00001100000000010011001101111011
00100011101111010000000000101000
10001111101111111111111111011100
00111100000110000000000000000101
00110111000110000000001100000100
11000111000000010000000000000000
01000110000000000000100001000011
00111100000110000000000000000101
00110111000110000000001100001100
11000111000000100000000000000000
01000110000000010001000000111110
01000101000000000000000000000010
00100000000000100000000000000001
00001000000000010010110111111011
00100000000000100000000000000000
00010100000000100000000000000001
01000110000000000000100001000111
00111100000110000000000000000101
00110111000110000000001011000100
11000111000000100000000000000000
01000110000000010001000000111110
01000101000000000000000010010101
00111100000110000000000000000101
00110111000110000000001010101000
11000111000000100000000000000000
01000110000000010001000000111110
01000101000000000000000001011001
00010100000000100000000000101100
00111100000110000000000000000101
00110111000110000000001100000100
11000111000000100000000000000000
01000110000000010001000001000011
01000110000000010000100010000010
00111100000110000000000000000101
00110111000110000000001100000100
11000111000000110000000000000000
00111100000110000000000000000101
00110111000110000000001011000000
11000111000001000000000000000000
00111100000110000000000000000101
00110111000110000000001010111100
11000111000001010000000000000000
00111100000110000000000000000101
00110111000110000000001010111000
11000111000001100000000000000000
00111100000110000000000000000101
00110111000110000000001010110100
11000111000001110000000000000000
00111100000110000000000000000101
00110111000110000000001010110000
11000111000010000000000000000000
00111100000110000000000000000101
00110111000110000000001010101100
11000111000010010000000000000000
01000110000000100100101001000010
01000110000010010100001000000001
01000110000000100100001000000010
01000110000010000011100111000001
01000110000000100011100111000010
01000110000001110011000110000001
01000110000000100011000110000010
01000110000001100010100101000001
01000110000000100010100101000010
01000110000001010010000100000001
01000110000000100010000010000010
01000110000000100001100010000001
01000110000000010001000001000010
00111100000110000000000000000101
00110111000110000000001011111100
11000111000000100000000000000000
01000110000000100000100001000001
00001000000000010010111011100000
00111100000110000000000000000101
00110111000110000000001011111100
11000111000000100000000000000000
00111100000110000000000000000101
00110111000110000000001100000100
11000111000000110000000000000000
01000110000000010001100001000011
01000110000000010000100011000010
00111100000110000000000000000101
00110111000110000000001100000100
11000111000001000000000000000000
00111100000110000000000000000101
00110111000110000000001011000000
11000111000001010000000000000000
00111100000110000000000000000101
00110111000110000000001010111100
11000111000001100000000000000000
00111100000110000000000000000101
00110111000110000000001010111000
11000111000001110000000000000000
00111100000110000000000000000101
00110111000110000000001010110100
11000111000010000000000000000000
00111100000110000000000000000101
00110111000110000000001010110000
11000111000010010000000000000000
00111100000110000000000000000101
00110111000110000000001010101100
11000111000010100000000000000000
01000110000000110101001010000010
01000110000010100100101001000001
01000110000000110100101001000010
01000110000010010100001000000001
01000110000000110100001000000010
01000110000010000011100111000001
01000110000000110011100111000010
01000110000001110011000110000001
01000110000000110011000110000010
01000110000001100010100101000001
01000110000000110010100011000010
01000110000000110010000011000001
01000110000000010001100001000010
01000110000000010001000001000001
00001000000000010010111011100000
00111100000110000000000000000101
00110111000110000000001100000100
11000111000000100000000000000000
01000110000000100000100010000001
00111100000110000000000000000101
00110111000110000000001100000100
11000111000000110000000000000000
01000110000000110000100001000000
01000110000000010001000001000011
01000110000000010000100010000010
00111100000110000000000000000101
00110111000110000000001100000100
11000111000000110000000000000000
00111100000110000000000000000101
00110111000110000000001011000000
11000111000001000000000000000000
00111100000110000000000000000101
00110111000110000000001010111100
11000111000001010000000000000000
00111100000110000000000000000101
00110111000110000000001010111000
11000111000001100000000000000000
00111100000110000000000000000101
00110111000110000000001010110100
11000111000001110000000000000000
00111100000110000000000000000101
00110111000110000000001010110000
11000111000010000000000000000000
00111100000110000000000000000101
00110111000110000000001010101100
11000111000010010000000000000000
01000110000000100100101001000010
01000110000010010100001000000001
01000110000000100100001000000010
01000110000010000011100111000001
01000110000000100011100111000010
01000110000001110011000110000001
01000110000000100011000110000010
01000110000001100010100101000001
01000110000000100010100101000010
01000110000001010010000100000001
01000110000000100010000010000010
01000110000000100001100010000001
01000110000000010001000001000010
00010100000000100000000000000101
00111100000110000000000000000101
00110111000110000000001010100100
11000111000000100000000000000000
01000110000000010001000001000001
00001000000000010010111011100000
00111100000110000000000000000101
00110111000110000000001011111000
11000111000000100000000000000000
01000110000000010001000001000000
00001000000000010010111011100000
00010100000000100000000000100101
01000110000000010000100010000010
00111100000110000000000000000101
00110111000110000000001100000100
11000111000000110000000000000000
00111100000110000000000000000101
00110111000110000000001011000000
11000111000001000000000000000000
00111100000110000000000000000101
00110111000110000000001010111100
11000111000001010000000000000000
00111100000110000000000000000101
00110111000110000000001010111000
11000111000001100000000000000000
00111100000110000000000000000101
00110111000110000000001010110100
11000111000001110000000000000000
00111100000110000000000000000101
00110111000110000000001010110000
11000111000010000000000000000000
00111100000110000000000000000101
00110111000110000000001010101100
11000111000010010000000000000000
01000110000000100100101001000010
01000110000010010100001000000001
01000110000000100100001000000010
01000110000010000011100111000001
01000110000000100011100111000010
01000110000001110011000110000001
01000110000000100011000110000010
01000110000001100010100101000001
01000110000000100010100101000010
01000110000001010010000100000001
01000110000000100010000010000010
01000110000000100001100010000001
01000110000000010001000001000010
01000110000000000000100001000111
00001000000000010010111011100000
01000110000000010000100010000010
00111100000110000000000000000101
00110111000110000000001100000100
11000111000000110000000000000000
00111100000110000000000000000101
00110111000110000000001011000000
11000111000001000000000000000000
00111100000110000000000000000101
00110111000110000000001010111100
11000111000001010000000000000000
00111100000110000000000000000101
00110111000110000000001010111000
11000111000001100000000000000000
00111100000110000000000000000101
00110111000110000000001010110100
11000111000001110000000000000000
00111100000110000000000000000101
00110111000110000000001010110000
11000111000010000000000000000000
00111100000110000000000000000101
00110111000110000000001010101100
11000111000010010000000000000000
01000110000000100100101001000010
01000110000010010100001000000001
01000110000000100100001000000010
01000110000010000011100111000001
01000110000000100011100111000010
01000110000001110011000110000001
01000110000000100011000110000010
01000110000001100010100101000001
01000110000000100010100101000010
01000110000001010010000100000001
01000110000000100010000010000010
01000110000000100001100010000001
01000110000000010001000001000010
11000111101000101111111111100000
01000110000000100000100001000010
00111100000110000000000000000101
00110111000110000000001100001100
11000111000000110000000000000000
01000110000000010001100000111110
01000101000000000000000000000010
00100000000000100000000000000001
00001000000000010010111011101010
00100000000000100000000000000000
00010100000000100000000000000010
01000110000000000000100011000111
00001000000000010010111011101110
01000110000000000000100011000110
00111100000110000000000000000101
00110111000110000000001100011000
11000111000001000000000000000000
11100111101000001111111111011100
11100111101000011111111111011000
10101111101000101111111111010100
11100111101000111111111111010000
01000110000000000010000001000110
01000110000000000001100000000110
10101111101111111111111111001100
00100111101111010000000000111000
00001100000000010000000000000001
00100011101111010000000000111000
10001111101111111111111111001100
01000110000000000000000001000110
11000111101000001111111111010000
10101111101111111111111111001100
00100111101111010000000000111000
00001100000000010000000000001010
00100011101111010000000000111000
10001111101111111111111111001100
11000111101000011111111111100100
01000110000000000000100000111110
01000101000000000000000000001100
10001111101000101111111111010100
00010100000000100000000000000010
00100000000000100000000000000001
00001000000000010010111100001011
00100000000000100000000000000000
01000110000000010000000000000001
00100011001000110000000000000000
00100011001110010000000000001000
11100100011000000000000000000100
10101100011000100000000000000000
00100000011000100000000000000000
00001000000000010010111100010111
00100011001000100000000000000000
00100011001110010000000000001000
11100100010000000000000000000100
10001111101000111111111111010100
10101100010000110000000000000000
11000100010000000000000000000100
10001100010000100000000000000000
00111100000110000000000000000101
00110111000110000000001011111100
11000111000000100000000000000000
01000110000000000001000000111110
01000101000000000000000000000001
01000110000000000000100000000001
00111100000110000000000000000101
00110111000110000000001011111000
11000111000000100000000000000000
01000110000000100000000000111110
01000101000000000000000000101100
00010100000000100000000000010110
01000110000000000000000010000010
00111100000110000000000000000101
00110111000110000000001100000100
11000111000000110000000000000000
00111100000110000000000000000101
00110111000110000000001011110100
11000111000001000000000000000000
00111100000110000000000000000101
00110111000110000000001011110000
11000111000001010000000000000000
00111100000110000000000000000101
00110111000110000000001011101100
11000111000001100000000000000000
01000110000000100011000110000010
01000110000001100010100101000001
01000110000000100010100101000010
01000110000001010010000100000001
01000110000000100010000010000010
01000110000000100001100010000001
01000110000000000001000000000010
01000110000000000000000000000111
00001000000000010010111101111101
01000110000000000000000010000010
00111100000110000000000000000101
00110111000110000000001100000100
11000111000000110000000000000000
00111100000110000000000000000101
00110111000110000000001011110100
11000111000001000000000000000000
00111100000110000000000000000101
00110111000110000000001011110000
11000111000001010000000000000000
00111100000110000000000000000101
00110111000110000000001011101100
11000111000001100000000000000000
01000110000000100011000110000010
01000110000001100010100101000001
01000110000000100010100101000010
01000110000001010010000100000001
01000110000000100010000010000010
01000110000000100001100010000001
01000110000000000001000000000010
00001000000000010010111101111101
00111100000110000000000000000101
00110111000110000000001011111100
11000111000000100000000000000000
01000110000000000001000000000001
00010100000000100000000000010101
01000110000000000000000000000010
00111100000110000000000000000101
00110111000110000000001100000100
11000111000000100000000000000000
00111100000110000000000000000101
00110111000110000000001100010100
11000111000000110000000000000000
00111100000110000000000000000101
00110111000110000000001011101000
11000111000001000000000000000000
00111100000110000000000000000101
00110111000110000000001011100100
11000111000001010000000000000000
01000110000000000010100101000010
01000110000001010010000100000001
01000110000000000010000100000010
01000110000001000001100011000001
01000110000000000001100000000010
01000110000000000001000000000001
01000110000000000000000000000111
00001000000000010010111101111101
01000110000000000000000000000010
00111100000110000000000000000101
00110111000110000000001100000100
11000111000000100000000000000000
00111100000110000000000000000101
00110111000110000000001100010100
11000111000000110000000000000000
00111100000110000000000000000101
00110111000110000000001011101000
11000111000001000000000000000000
00111100000110000000000000000101
00110111000110000000001011100100
11000111000001010000000000000000
01000110000000000010100101000010
01000110000001010010000100000001
01000110000000000010000100000010
01000110000001000001100011000001
01000110000000000001100000000010
01000110000000000001000000000001
00111100000110000000000000000101
00110111000110000000001100001100
11000111000000100000000000000000
11000111101000111111111111011000
01000110000000110001000000111110
01000101000000000000000000000010
01000110000000000001100010000110
00001000000000010010111110000110
01000110000000000001100010000111
00111100000110000000000000000101
00110111000110000000001100011000
11000111000000110000000000000000
11100111101000001111111111001100
11100111101000101111111111001000
01000110000000000001100001000110
01000110000000000001000000000110
10101111101111111111111111000100
00100111101111010000000001000000
00001100000000010000000000000001
00100011101111010000000001000000
10001111101111111111111111000100
01000110000000000000000001000110
11000111101000001111111111001000
10101111101111111111111111000100
00100111101111010000000001000000
00001100000000010000000000001010
00100011101111010000000001000000
10001111101111111111111111000100
11000111101000011111111111100100
01000110000000000000100000111110
01000101000000000000000000000110
01000110000000010000000000000001
00100011001000100000000000000000
00100011001110010000000000001000
11100100010000000000000000000100
10101100010000000000000000000000
00001000000000010010111110101000
00100000000000100000000000000001
00100011001000110000000000000000
00100011001110010000000000001000
11100100011000000000000000000100
10101100011000100000000000000000
00100000011000100000000000000000
11000100010000000000000000000100
10001100010000100000000000000000
00111100000110000000000000000101
00110111000110000000001011111100
11000111000000100000000000000000
01000110000000000001000000111110
01000101000000000000000000001011
00010100000000100000000000000010
00100000000000100000000000000001
00001000000000010010111110110011
00100000000000100000000000000000
01000110000000000000100000000001
00100011001000110000000000000000
00100011001110010000000000001000
11100100011000000000000000000100
10101100011000100000000000000000
00100000011000100000000000000000
00001000000000010010111110111111
00100011001000110000000000000000
00100011001110010000000000001000
11100100011000000000000000000100
10101100011000100000000000000000
00100000011000100000000000000000
11000100010000000000000000000100
10001100010000100000000000000000
00111100000110000000000000000101
00110111000110000000001011111000
11000111000000100000000000000000
01000110000000100000000000111110
01000101000000000000000000101010
00010100000000100000000000010101
01000110000000000000000000000010
00111100000110000000000000000101
00110111000110000000001100000100
11000111000000100000000000000000
00111100000110000000000000000101
00110111000110000000001100010100
11000111000000110000000000000000
00111100000110000000000000000101
00110111000110000000001011101000
11000111000001000000000000000000
00111100000110000000000000000101
00110111000110000000001011100100
11000111000001010000000000000000
01000110000000000010100101000010
01000110000001010010000100000001
01000110000000000010000100000010
01000110000001000001100011000001
01000110000000000001100000000010
01000110000000000001000000000001
01000110000000000000000000000111
00001000000000010011000000011111
01000110000000000000000000000010
00111100000110000000000000000101
00110111000110000000001100000100
11000111000000100000000000000000
00111100000110000000000000000101
00110111000110000000001100010100
11000111000000110000000000000000
00111100000110000000000000000101
00110111000110000000001011101000
11000111000001000000000000000000
00111100000110000000000000000101
00110111000110000000001011100100
11000111000001010000000000000000
01000110000000000010100101000010
01000110000001010010000100000001
01000110000000000010000100000010
01000110000001000001100011000001
01000110000000000001100000000010
01000110000000000001000000000001
00001000000000010011000000011111
00111100000110000000000000000101
00110111000110000000001011111100
11000111000000100000000000000000
01000110000000000001000000000001
00010100000000100000000000010110
01000110000000000000000010000010
00111100000110000000000000000101
00110111000110000000001100000100
11000111000000110000000000000000
00111100000110000000000000000101
00110111000110000000001011110100
11000111000001000000000000000000
00111100000110000000000000000101
00110111000110000000001011110000
11000111000001010000000000000000
00111100000110000000000000000101
00110111000110000000001011101100
11000111000001100000000000000000
01000110000000100011000110000010
01000110000001100010100101000001
01000110000000100010100101000010
01000110000001010010000100000001
01000110000000100010000010000010
01000110000000100001100010000001
01000110000000000001000000000010
01000110000000000000000000000111
00001000000000010011000000011111
01000110000000000000000010000010
00111100000110000000000000000101
00110111000110000000001100000100
11000111000000110000000000000000
00111100000110000000000000000101
00110111000110000000001011110100
11000111000001000000000000000000
00111100000110000000000000000101
00110111000110000000001011110000
11000111000001010000000000000000
00111100000110000000000000000101
00110111000110000000001011101100
11000111000001100000000000000000
01000110000000100011000110000010
01000110000001100010100101000001
01000110000000100010100101000010
01000110000001010010000100000001
01000110000000100010000010000010
01000110000000100001100010000001
01000110000000000001000000000010
11000111101000101111111111001100
01000110000000000001000000000011
11000111101000101111111111011100
01000110000000100000000000000010
10001111101000101111111111101000
00100000010000100000000000000001
01000110000000000000000010000010
00111100000110000000000000000101
00110111000110000000001001110100
11000111000000110000000000000000
01000110000000110001000010000000
11100111101000001111111111000100
10101111101000101111111111000000
01000110000000000001000000000110
10101111101111111111111110111100
00100111101111010000000001001000
00001100000000010011001101111011
00100011101111010000000001001000
10001111101111111111111110111100
00111100000110000000000000000101
00110111000110000000001100000100
11000111000000010000000000000000
01000110000000000000100001000011
00111100000110000000000000000101
00110111000110000000001100001100
11000111000000100000000000000000
01000110000000010001000000111110
01000101000000000000000000000010
00100000000000100000000000000001
00001000000000010011000000111110
00100000000000100000000000000000
00010100000000100000000000000001
01000110000000000000100001000111
00111100000110000000000000000101
00110111000110000000001011000100
11000111000000100000000000000000
01000110000000010001000000111110
01000101000000000000000010010101
00111100000110000000000000000101
00110111000110000000001010101000
11000111000000100000000000000000
01000110000000010001000000111110
01000101000000000000000001011001
00010100000000100000000000101100
00111100000110000000000000000101
00110111000110000000001100000100
11000111000000100000000000000000
01000110000000010001000001000011
01000110000000010000100010000010
00111100000110000000000000000101
00110111000110000000001100000100
11000111000000110000000000000000
00111100000110000000000000000101
00110111000110000000001011000000
11000111000001000000000000000000
00111100000110000000000000000101
00110111000110000000001010111100
11000111000001010000000000000000
00111100000110000000000000000101
00110111000110000000001010111000
11000111000001100000000000000000
00111100000110000000000000000101
00110111000110000000001010110100
11000111000001110000000000000000
00111100000110000000000000000101
00110111000110000000001010110000
11000111000010000000000000000000
00111100000110000000000000000101
00110111000110000000001010101100
11000111000010010000000000000000
01000110000000100100101001000010
01000110000010010100001000000001
01000110000000100100001000000010
01000110000010000011100111000001
01000110000000100011100111000010
01000110000001110011000110000001
01000110000000100011000110000010
01000110000001100010100101000001
01000110000000100010100101000010
01000110000001010010000100000001
01000110000000100010000010000010
01000110000000100001100010000001
01000110000000010001000001000010
00111100000110000000000000000101
00110111000110000000001011111100
11000111000000100000000000000000
01000110000000100000100001000001
00001000000000010011000100100011
00111100000110000000000000000101
00110111000110000000001011111100
11000111000000100000000000000000
00111100000110000000000000000101
00110111000110000000001100000100
11000111000000110000000000000000
01000110000000010001100001000011
01000110000000010000100011000010
00111100000110000000000000000101
00110111000110000000001100000100
11000111000001000000000000000000
00111100000110000000000000000101
00110111000110000000001011000000
11000111000001010000000000000000
00111100000110000000000000000101
00110111000110000000001010111100
11000111000001100000000000000000
00111100000110000000000000000101
00110111000110000000001010111000
11000111000001110000000000000000
00111100000110000000000000000101
00110111000110000000001010110100
11000111000010000000000000000000
00111100000110000000000000000101
00110111000110000000001010110000
11000111000010010000000000000000
00111100000110000000000000000101
00110111000110000000001010101100
11000111000010100000000000000000
01000110000000110101001010000010
01000110000010100100101001000001
01000110000000110100101001000010
01000110000010010100001000000001
01000110000000110100001000000010
01000110000010000011100111000001
01000110000000110011100111000010
01000110000001110011000110000001
01000110000000110011000110000010
01000110000001100010100101000001
01000110000000110010100011000010
01000110000000110010000011000001
01000110000000010001100001000010
01000110000000010001000001000001
00001000000000010011000100100011
00111100000110000000000000000101
00110111000110000000001100000100
11000111000000100000000000000000
01000110000000100000100010000001
00111100000110000000000000000101
00110111000110000000001100000100
11000111000000110000000000000000
01000110000000110000100001000000
01000110000000010001000001000011
01000110000000010000100010000010
00111100000110000000000000000101
00110111000110000000001100000100
11000111000000110000000000000000
00111100000110000000000000000101
00110111000110000000001011000000
11000111000001000000000000000000
00111100000110000000000000000101
00110111000110000000001010111100
11000111000001010000000000000000
00111100000110000000000000000101
00110111000110000000001010111000
11000111000001100000000000000000
00111100000110000000000000000101
00110111000110000000001010110100
11000111000001110000000000000000
00111100000110000000000000000101
00110111000110000000001010110000
11000111000010000000000000000000
00111100000110000000000000000101
00110111000110000000001010101100
11000111000010010000000000000000
01000110000000100100101001000010
01000110000010010100001000000001
01000110000000100100001000000010
01000110000010000011100111000001
01000110000000100011100111000010
01000110000001110011000110000001
01000110000000100011000110000010
01000110000001100010100101000001
01000110000000100010100101000010
01000110000001010010000100000001
01000110000000100010000010000010
01000110000000100001100010000001
01000110000000010001000001000010
00010100000000100000000000000101
00111100000110000000000000000101
00110111000110000000001010100100
11000111000000100000000000000000
01000110000000010001000001000001
00001000000000010011000100100011
00111100000110000000000000000101
00110111000110000000001011111000
11000111000000100000000000000000
01000110000000010001000001000000
00001000000000010011000100100011
00010100000000100000000000100101
01000110000000010000100010000010
00111100000110000000000000000101
00110111000110000000001100000100
11000111000000110000000000000000
00111100000110000000000000000101
00110111000110000000001011000000
11000111000001000000000000000000
00111100000110000000000000000101
00110111000110000000001010111100
11000111000001010000000000000000
00111100000110000000000000000101
00110111000110000000001010111000
11000111000001100000000000000000
00111100000110000000000000000101
00110111000110000000001010110100
11000111000001110000000000000000
00111100000110000000000000000101
00110111000110000000001010110000
11000111000010000000000000000000
00111100000110000000000000000101
00110111000110000000001010101100
11000111000010010000000000000000
01000110000000100100101001000010
01000110000010010100001000000001
01000110000000100100001000000010
01000110000010000011100111000001
01000110000000100011100111000010
01000110000001110011000110000001
01000110000000100011000110000010
01000110000001100010100101000001
01000110000000100010100101000010
01000110000001010010000100000001
01000110000000100010000010000010
01000110000000100001100010000001
01000110000000010001000001000010
01000110000000000000100001000111
00001000000000010011000100100011
01000110000000010000100010000010
00111100000110000000000000000101
00110111000110000000001100000100
11000111000000110000000000000000
00111100000110000000000000000101
00110111000110000000001011000000
11000111000001000000000000000000
00111100000110000000000000000101
00110111000110000000001010111100
11000111000001010000000000000000
00111100000110000000000000000101
00110111000110000000001010111000
11000111000001100000000000000000
00111100000110000000000000000101
00110111000110000000001010110100
11000111000001110000000000000000
00111100000110000000000000000101
00110111000110000000001010110000
11000111000010000000000000000000
00111100000110000000000000000101
00110111000110000000001010101100
11000111000010010000000000000000
01000110000000100100101001000010
01000110000010010100001000000001
01000110000000100100001000000010
01000110000010000011100111000001
01000110000000100011100111000010
01000110000001110011000110000001
01000110000000100011000110000010
01000110000001100010100101000001
01000110000000100010100101000010
01000110000001010010000100000001
01000110000000100010000010000010
01000110000000100001100010000001
01000110000000010001000001000010
11000111101000101111111111101100
01000110000000100000100001000010
00111100000110000000000000000101
00110111000110000000001100001100
11000111000000110000000000000000
01000110000000010001100000111110
01000101000000000000000000000010
00100000000000100000000000000001
00001000000000010011000100101101
00100000000000100000000000000000
00010100000000100000000000000010
01000110000000000000100011000111
00001000000000010011000100110001
01000110000000000000100011000110
00111100000110000000000000000101
00110111000110000000001100011000
11000111000001000000000000000000
11100111101000001111111110111100
11100111101000011111111110111000
10101111101000101111111110110100
11100111101000111111111110110000
01000110000000000010000001000110
01000110000000000001100000000110
10101111101111111111111110101100
00100111101111010000000001011000
00001100000000010000000000000001
00100011101111010000000001011000
10001111101111111111111110101100
01000110000000000000000001000110
11000111101000001111111110110000
10101111101111111111111110101100
00100111101111010000000001011000
00001100000000010000000000001010
00100011101111010000000001011000
10001111101111111111111110101100
11000111101000011111111111100100
01000110000000000000100000111110
01000101000000000000000000001100
10001111101000101111111110110100
00010100000000100000000000000010
00100000000000100000000000000001
00001000000000010011000101001110
00100000000000100000000000000000
01000110000000010000000000000001
00100011001000110000000000000000
00100011001110010000000000001000
11100100011000000000000000000100
10101100011000100000000000000000
00100000011000100000000000000000
00001000000000010011000101011010
00100011001000100000000000000000
00100011001110010000000000001000
11100100010000000000000000000100
10001111101000111111111110110100
10101100010000110000000000000000
11000100010000000000000000000100
10001100010000100000000000000000
00111100000110000000000000000101
00110111000110000000001011111100
11000111000000100000000000000000
01000110000000000001000000111110
01000101000000000000000000000001
01000110000000000000100000000001
00111100000110000000000000000101
00110111000110000000001011111000
11000111000000100000000000000000
01000110000000100000000000111110
01000101000000000000000000101100
00010100000000100000000000010110
01000110000000000000000010000010
00111100000110000000000000000101
00110111000110000000001100000100
11000111000000110000000000000000
00111100000110000000000000000101
00110111000110000000001011110100
11000111000001000000000000000000
00111100000110000000000000000101
00110111000110000000001011110000
11000111000001010000000000000000
00111100000110000000000000000101
00110111000110000000001011101100
11000111000001100000000000000000
01000110000000100011000110000010
01000110000001100010100101000001
01000110000000100010100101000010
01000110000001010010000100000001
01000110000000100010000010000010
01000110000000100001100010000001
01000110000000000001000000000010
01000110000000000000000000000111
00001000000000010011000111000000
01000110000000000000000010000010
00111100000110000000000000000101
00110111000110000000001100000100
11000111000000110000000000000000
00111100000110000000000000000101
00110111000110000000001011110100
11000111000001000000000000000000
00111100000110000000000000000101
00110111000110000000001011110000
11000111000001010000000000000000
00111100000110000000000000000101
00110111000110000000001011101100
11000111000001100000000000000000
01000110000000100011000110000010
01000110000001100010100101000001
01000110000000100010100101000010
01000110000001010010000100000001
01000110000000100010000010000010
01000110000000100001100010000001
01000110000000000001000000000010
00001000000000010011000111000000
00111100000110000000000000000101
00110111000110000000001011111100
11000111000000100000000000000000
01000110000000000001000000000001
00010100000000100000000000010101
01000110000000000000000000000010
00111100000110000000000000000101
00110111000110000000001100000100
11000111000000100000000000000000
00111100000110000000000000000101
00110111000110000000001100010100
11000111000000110000000000000000
00111100000110000000000000000101
00110111000110000000001011101000
11000111000001000000000000000000
00111100000110000000000000000101
00110111000110000000001011100100
11000111000001010000000000000000
01000110000000000010100101000010
01000110000001010010000100000001
01000110000000000010000100000010
01000110000001000001100011000001
01000110000000000001100000000010
01000110000000000001000000000001
01000110000000000000000000000111
00001000000000010011000111000000
01000110000000000000000000000010
00111100000110000000000000000101
00110111000110000000001100000100
11000111000000100000000000000000
00111100000110000000000000000101
00110111000110000000001100010100
11000111000000110000000000000000
00111100000110000000000000000101
00110111000110000000001011101000
11000111000001000000000000000000
00111100000110000000000000000101
00110111000110000000001011100100
11000111000001010000000000000000
01000110000000000010100101000010
01000110000001010010000100000001
01000110000000000010000100000010
01000110000001000001100011000001
01000110000000000001100000000010
01000110000000000001000000000001
00111100000110000000000000000101
00110111000110000000001100001100
11000111000000100000000000000000
11000111101000111111111110111000
01000110000000110001000000111110
01000101000000000000000000000010
01000110000000000001100010000110
00001000000000010011000111001001
01000110000000000001100010000111
00111100000110000000000000000101
00110111000110000000001100011000
11000111000000110000000000000000
11100111101000001111111110101100
11100111101000101111111110101000
01000110000000000001100001000110
01000110000000000001000000000110
10101111101111111111111110100100
00100111101111010000000001100000
00001100000000010000000000000001
00100011101111010000000001100000
10001111101111111111111110100100
01000110000000000000000001000110
11000111101000001111111110101000
10101111101111111111111110100100
00100111101111010000000001100000
00001100000000010000000000001010
00100011101111010000000001100000
10001111101111111111111110100100
11000111101000011111111111100100
01000110000000000000100000111110
01000101000000000000000000000110
01000110000000010000000000000001
00100011001000100000000000000000
00100011001110010000000000001000
11100100010000000000000000000100
10101100010000000000000000000000
00001000000000010011000111101011
00100000000000100000000000000001
00100011001000110000000000000000
00100011001110010000000000001000
11100100011000000000000000000100
10101100011000100000000000000000
00100000011000100000000000000000
11000100010000000000000000000100
10001100010000100000000000000000
00111100000110000000000000000101
00110111000110000000001011111100
11000111000000100000000000000000
01000110000000000001000000111110
01000101000000000000000000001011
00010100000000100000000000000010
00100000000000100000000000000001
00001000000000010011000111110110
00100000000000100000000000000000
01000110000000000000100000000001
00100011001000110000000000000000
00100011001110010000000000001000
11100100011000000000000000000100
10101100011000100000000000000000
00100000011000100000000000000000
00001000000000010011001000000010
00100011001000110000000000000000
00100011001110010000000000001000
11100100011000000000000000000100
10101100011000100000000000000000
00100000011000100000000000000000
11000100010000000000000000000100
10001100010000100000000000000000
00111100000110000000000000000101
00110111000110000000001011111000
11000111000000010000000000000000
01000110000000010000000000111110
01000101000000000000000000101010
00010100000000100000000000010101
01000110000000000000000000000010
00111100000110000000000000000101
00110111000110000000001100000100
11000111000000010000000000000000
00111100000110000000000000000101
00110111000110000000001100010100
11000111000000100000000000000000
00111100000110000000000000000101
00110111000110000000001011101000
11000111000000110000000000000000
00111100000110000000000000000101
00110111000110000000001011100100
11000111000001000000000000000000
01000110000000000010000100000010
01000110000001000001100011000001
01000110000000000001100011000010
01000110000000110001000010000001
01000110000000000001000000000010
01000110000000000000100000000001
01000110000000000000000000000111
00001000000000010011001001100010
01000110000000000000000000000010
00111100000110000000000000000101
00110111000110000000001100000100
11000111000000010000000000000000
00111100000110000000000000000101
00110111000110000000001100010100
11000111000000100000000000000000
00111100000110000000000000000101
00110111000110000000001011101000
11000111000000110000000000000000
00111100000110000000000000000101
00110111000110000000001011100100
11000111000001000000000000000000
01000110000000000010000100000010
01000110000001000001100011000001
01000110000000000001100011000010
01000110000000110001000010000001
01000110000000000001000000000010
01000110000000000000100000000001
00001000000000010011001001100010
00111100000110000000000000000101
00110111000110000000001011111100
11000111000000010000000000000000
01000110000000000000100000000001
00010100000000100000000000010110
01000110000000000000000001000010
00111100000110000000000000000101
00110111000110000000001100000100
11000111000000100000000000000000
00111100000110000000000000000101
00110111000110000000001011110100
11000111000000110000000000000000
00111100000110000000000000000101
00110111000110000000001011110000
11000111000001000000000000000000
00111100000110000000000000000101
00110111000110000000001011101100
11000111000001010000000000000000
01000110000000010010100101000010
01000110000001010010000100000001
01000110000000010010000100000010
01000110000001000001100011000001
01000110000000010001100001000010
01000110000000010001000001000001
01000110000000000000100000000010
01000110000000000000000000000111
00001000000000010011001001100010
01000110000000000000000001000010
00111100000110000000000000000101
00110111000110000000001100000100
11000111000000100000000000000000
00111100000110000000000000000101
00110111000110000000001011110100
11000111000000110000000000000000
00111100000110000000000000000101
00110111000110000000001011110000
11000111000001000000000000000000
00111100000110000000000000000101
00110111000110000000001011101100
11000111000001010000000000000000
01000110000000010010100101000010
01000110000001010010000100000001
01000110000000010010000100000010
01000110000001000001100011000001
01000110000000010001100001000010
01000110000000010001000001000001
01000110000000000000100000000010
11000111101000011111111110101100
01000110000000000000100000000011
11000111101000011111111110111100
01000110000000010000000001000010
11000111101000001111111111000100
11000111101000101111111111100000
11000111101000111111111111101100
10001111101000101111111111000000
10001111101000111111111111111000
10001111101001000000000000000000
00001000000000010010110110000101
00101000010110000000000000000000
00010111000000000000000001000111
10101111101000100000000000000000
11100111101000001111111111111100
10101111101001001111111111111000
10101111101000111111111111110100
10101111101111111111111111110000
00100111101111010000000000010100
00001100000000010011001101111111
00100011101111010000000000010100
10001111101111111111111111110000
00111100000110000000000000000101
00110111000110000000001010111100
11000111000000010000000000000000
01000110000000010000000001000010
00111100000110000000000000000101
00110111000110000000001001101000
11000111000000100000000000000000
01000110000000100000100010000001
00111100000110000000000000000101
00110111000110000000001100001100
11000111000000010000000000000000
00111100000110000000000000000101
00110111000110000000001100001100
11000111000000110000000000000000
11000111101001001111111111111100
10001111101000111111111111110100
10001111101001001111111111111000
11100111101000001111111111110000
00100000000000100000000000000000
01000110000000000000100000000110
01000110000000000001100001000110
01000110000000000010000011000110
10101111101111111111111111101100
00100111101111010000000000011000
00001100000000010010110110000101
00100011101111010000000000011000
10001111101111111111111111101100
00111100000110000000000000000101
00110111000110000000001010111100
11000111000000000000000000000000
11000111101000011111111111110000
01000110000000000000100000000010
00111100000110000000000000000101
00110111000110000000001001110100
11000111000000010000000000000000
01000110000000010000000010000000
00111100000110000000000000000101
00110111000110000000001100001100
11000111000000000000000000000000
00111100000110000000000000000101
00110111000110000000001100001100
11000111000000010000000000000000
10001111101000101111111111111000
00100000010001000000000000000010
11000111101000111111111111111100
10001111101000111111111111110100
00100000000000100000000000000000
10101111101111111111111111101100
00100111101111010000000000011000
00001100000000010010110110000101
00100011101111010000000000011000
10001111101111111111111111101100
10001111101000100000000000000000
00100100010000100000000000000001
10001111101000111111111111110100
00100000011000110000000000000001
00101000011110000000000000000101
00010111000000000000000000000001
00100100011000110000000000000101
11000111101000001111111111111100
10001111101001001111111111111000
00001000000000010011001001101101
00000011111000000000000000001000
00101000010110000000000000000000
00010111000000000000000000100010
10101111101000100000000000000000
10101111101001001111111111111100
10101111101000111111111111111000
10101111101111111111111111110100
00100111101111010000000000010000
00001100000000010011001101111111
00100011101111010000000000010000
10001111101111111111111111110100
00111100000110000000000000000101
00110111000110000000001010111100
11000111000000010000000000000000
01000110000000010000000000000010
00111100000110000000000000000101
00110111000110000000001001101000
11000111000000010000000000000000
01000110000000010000000000000001
00100000000000100000000000000100
10001111101000111111111111111000
10001111101001001111111111111100
10101111101111111111111111110100
00100111101111010000000000010000
00001100000000010011001001101101
00100011101111010000000000010000
10001111101111111111111111110100
10001111101000100000000000000000
00100100010000100000000000000001
10001111101000111111111111111000
00100000011000110000000000000010
00101000011110000000000000000101
00010111000000000000000000000001
00100100011000110000000000000101
10001111101001001111111111111100
00100000100001000000000000000100
00001000000000010011001010110111
00000011111000000000000000001000
00111100000001000000001000000000
00101000011110000000000000000000
00010111000000000000000000100100
00100000000001010000000000000011
00111100000110000000000000000101
00110111000110000000001100001100
11000111000000000000000000000000
10101111101000100000000000000000
10101111101000111111111111111100
10101111101001001111111111111000
00100000101000100000000000000000
10101111101111111111111111110100
00100111101111010000000000010000
00001100000000010011001101110001
00100011101111010000000000010000
10001111101111111111111111110100
00100000010000110000000000000000
10001111101000101111111111111000
10001100010000100000000000000000
10101111101000111111111111110100
10101111101111111111111111110000
00100111101111010000000000010100
00001100000000010011001101101001
00100011101111010000000000010100
10001111101111111111111111110000
00100011001000110000000000000000
00100011001110010000000000001000
10101100011000100000000000000100
10001111101000101111111111110100
10101100011000100000000000000000
00100000011000100000000000000000
10001111101000111111111111111100
00000000000000110010000010000000
10001111101001010000000000000000
00000000101001001100000000100000
10101111000000100000000000000000
00100100011000110000000000000001
00100000101000100000000000000000
00001000000000010011001011011100
00000011111000000000000000001000
00111100000000110000001000000000
00110100011000110000001011001100
00111100000001000000001000000000
00101000010110000000000000000000
00010111000000000000000000110101
00100000000001010000000001111000
00100000000001100000000000000011
00111100000110000000000000000101
00110111000110000000001100001100
11000111000000000000000000000000
10101111101000110000000000000000
10101111101000101111111111111100
10101111101001011111111111111000
10101111101001001111111111110100
00100000110000100000000000000000
10101111101111111111111111110000
00100111101111010000000000010100
00001100000000010011001101110001
00100011101111010000000000010100
10001111101111111111111111110000
00100000010000110000000000000000
10001111101000101111111111110100
10001100010000100000000000000000
10101111101000111111111111110000
10101111101111111111111111101100
00100111101111010000000000011000
00001100000000010011001101101001
00100011101111010000000000011000
10001111101111111111111111101100
00100011001000110000000000000000
00100011001110010000000000001000
10101100011000100000000000000100
10001111101000101111111111110000
10101100011000100000000000000000
10001111101000101111111111111000
10101111101111111111111111101100
00100111101111010000000000011000
00001100000000010011001101101001
00100011101111010000000000011000
10001111101111111111111111101100
10001111101000111111111111111100
00000000000000110010000010000000
10001111101001010000000000000000
00000000101001001100000000100000
10101111000000100000000000000000
00000000000000110001000010000000
00000000101000101100000000100000
10001111000000100000000000000000
00100000000001000000000001110110
00100000100000110000000000000000
10101111101111111111111111101100
00100111101111010000000000011000
00001100000000010011001011011100
00100011101111010000000000011000
10001111101111111111111111101100
10001111101000101111111111111100
00100100010000100000000000000001
00001000000000010011001100000100
00000011111000000000000000001000
00111100000001000000001000000000
00101000011110000000000000000000
00010111000000000000000000010010
00000000000000110010100010000000
00000000010001011100000000100000
10001111000001010000000000000000
10001100100001000000000000000000
00100100100001000000000000000001
10101111101000100000000000000000
10101111101000111111111111111100
00100000100000110000000000000000
00100000101000100000000000000000
10101111101111111111111111111000
00100111101111010000000000001100
00001100000000010000011011110101
00100011101111010000000000001100
10001111101111111111111111111000
10001111101000101111111111111100
00100100010000110000000000000001
10001111101000100000000000000000
00001000000000010011001100111111
00000011111000000000000000001000
00111100000000110000001000000000
00110100011000110000001011001100
00101000010110000000000000000000
00010111000000000000000000001111
00000000000000100010000010000000
00000000011001001100000000100000
10001111000000110000000000000000
00100000000001000000000001110111
10101111101000100000000000000000
00100000011000100000000000000000
00100000100000110000000000000000
10101111101111111111111111111100
00100111101111010000000000001000
00001100000000010011001100111111
00100011101111010000000000001000
10001111101111111111111111111100
10001111101000100000000000000000
00100100010000100000000000000001
00001000000000010011001101010101
00000011111000000000000000001000
00100011001001000000000000000000
00010000010000000000000000000100
10101111001000110000000000000000
00100100010000100000000000000001
00100011001110010000000000000100
00001000000000010011001101101010
00100000100000100000000000000000
00000011111000000000000000001000
00100011001000110000000000000000
00010000010000000000000000000100
11100111001000000000000000000000
00100100010000100000000000000001
00100011001110010000000000000100
00001000000000010011001101110010
00100000011000100000000000000000
00000011111000000000000000001000
01000110000000000000000000000101
00000011111000000000000000001000
01000110000000000000000000000100
00000011111000000000000000001000
01000110000000000000000000001111
00000011111000000000000000001000
01000110100000000001000000100000
00000011111000000000000000001000
01000110000000000000000010100100
00000011111000000000000000001000
10101101111000100000000000000000
00000011111000000000000000001000
10001101111000100000000000000000
00000011111000000000000000001000
11000101111000000000000000000000
00000011111000000000000000001000
00111100000011111111111111111111
00111100000111010000011011111111
00110111101111011111111111111100
00111100000110010000001000000000
10101111001000000000000000000000
10101111001000000000000000000100
10101111001000000000000000001000
10101111001000000000000000001100
10101111001000000000000000010000
00111100000000100000001000000000
00110100010000100000000000000100
10101111001000100000000000010100
00111100000000100000001000000000
00110100010000100000000000000100
10101111001000100000000000011000
10101111001000000000000000011100
00111100000000100000001000000000
00110100010000100000000000000100
10101111001000100000000000100000
00111100000000100000001000000000
00110100010000100000000000000100
10101111001000100000000000100100
00111100000000100000001000000000
00110100010000100000000000000100
10101111001000100000000000101000
00111100000000100000001000000000
00110100010000100000000000000100
10101111001000100000000000101100
00111100000000100000001000000000
00110100010000100000000000000100
10101111001000100000000000110000
10101111001000100000000000110100
10101111001000100000000000111000
10101111001000100000000000111100
10101111001000100000000001000000
10101111001000100000000001000100
10101111001000100000000001001000
10101111001000100000000001001100
10101111001000100000000001010000
10101111001000100000000001010100
10101111001000100000000001011000
10101111001000100000000001011100
10101111001000100000000001100000
10101111001000100000000001100100
10101111001000100000000001101000
10101111001000100000000001101100
10101111001000100000000001110000
10101111001000100000000001110100
10101111001000100000000001111000
10101111001000100000000001111100
10101111001000100000000010000000
10101111001000100000000010000100
10101111001000100000000010001000
10101111001000100000000010001100
10101111001000100000000010010000
10101111001000100000000010010100
10101111001000100000000010011000
10101111001000100000000010011100
10101111001000100000000010100000
10101111001000100000000010100100
10101111001000100000000010101000
10101111001000100000000010101100
10101111001000100000000010110000
10101111001000100000000010110100
10101111001000100000000010111000
10101111001000100000000010111100
10101111001000100000000011000000
10101111001000100000000011000100
10101111001000100000000011001000
10101111001000100000000011001100
10101111001000100000000011010000
10101111001000100000000011010100
10101111001000100000000011011000
10101111001000100000000011011100
10101111001000100000000011100000
10101111001000100000000011100100
10101111001000100000000011101000
10101111001000100000000011101100
10101111001000100000000011110000
10101111001000100000000011110100
10101111001000100000000011111000
10101111001000100000000011111100
10101111001000100000000100000000
10101111001000100000000100000100
10101111001000100000000100001000
10101111001000100000000100001100
10101111001000100000000100010000
10101111001000100000000100010100
10101111001000100000000100011000
10101111001000100000000100011100
00111100000110000000000000000101
00110111000110000000001100001100
11000111000000000000000000000000
11100111001000000000000100100000
11100111001000000000000100100100
11100111001000000000000100101000
00111100000110000000000000000101
00110111000110000000001100001100
11000111000000000000000000000000
11100111001000000000000100101100
11100111001000000000000100110000
11100111001000000000000100110100
00111100000110000000000000000101
00110111000110000000001100001100
11000111000000000000000000000000
11100111001000000000000100111000
11100111001000000000000100111100
11100111001000000000000101000000
00111100000110000000000000000101
00110111000110000000001010010100
11000111000000000000000000000000
11100111001000000000000101000100
00100000000000101111111111111111
10101111001000100000000101001000
00111100000000100000001000000000
00110100010000100000000101001000
10101111001000100000000101001100
10101111001000100000000101010000
10101111001000100000000101010100
10101111001000100000000101011000
10101111001000100000000101011100
10101111001000100000000101100000
10101111001000100000000101100100
10101111001000100000000101101000
10101111001000100000000101101100
10101111001000100000000101110000
10101111001000100000000101110100
10101111001000100000000101111000
10101111001000100000000101111100
10101111001000100000000110000000
10101111001000100000000110000100
10101111001000100000000110001000
10101111001000100000000110001100
10101111001000100000000110010000
10101111001000100000000110010100
10101111001000100000000110011000
10101111001000100000000110011100
10101111001000100000000110100000
10101111001000100000000110100100
10101111001000100000000110101000
10101111001000100000000110101100
10101111001000100000000110110000
10101111001000100000000110110100
10101111001000100000000110111000
10101111001000100000000110111100
10101111001000100000000111000000
10101111001000100000000111000100
10101111001000100000000111001000
10101111001000100000000111001100
10101111001000100000000111010000
10101111001000100000000111010100
10101111001000100000000111011000
10101111001000100000000111011100
10101111001000100000000111100000
10101111001000100000000111100100
10101111001000100000000111101000
10101111001000100000000111101100
10101111001000100000000111110000
10101111001000100000000111110100
10101111001000100000000111111000
10101111001000100000000111111100
10101111001000100000001000000000
10101111001000100000001000000100
10101111001000100000001000001000
10101111001000100000001000001100
10101111001000100000001000010000
10001111001000100000000101001100
10101111001000100000001000010100
00111100000000100000001000000000
00110100010000100000001000010100
10101111001000100000001000011000
00111100000110000000000000000101
00110111000110000000001100001100
11000111000000000000000000000000
11100111001000000000001000011100
10101111001000000000001000100000
00111100000110000000000000000101
00110111000110000000001011010100
11000111000000000000000000000000
11100111001000000000001000100100
00111100000110000000000000000101
00110111000110000000001100001100
11000111000000000000000000000000
11100111001000000000001000101000
11100111001000000000001000101100
11100111001000000000001000110000
10101111001000000000001000110100
00111100000110000000000000000101
00110111000110000000001100001100
11000111000000000000000000000000
11100111001000000000001000111000
11100111001000000000001000111100
11100111001000000000001001000000
00111100000110000000000000000101
00110111000110000000001100001100
11000111000000000000000000000000
11100111001000000000001001000100
11100111001000000000001001001000
11100111001000000000001001001100
00111100000110000000000000000101
00110111000110000000001100001100
11000111000000000000000000000000
11100111001000000000001001010000
11100111001000000000001001010100
11100111001000000000001001011000
00111100000110000000000000000101
00110111000110000000001100001100
11000111000000000000000000000000
11100111001000000000001001011100
11100111001000000000001001100000
11100111001000000000001001100100
10101111001000000000001001101000
10101111001000000000001001101100
10101111001000000000001001110000
10101111001000000000001001110100
00111100000110000000000000000101
00110111000110000000001100001100
11000111000000000000000000000000
11100111001000000000001001111000
00111100000110000000000000000101
00110111000110000000001100001100
11000111000000000000000000000000
11100111001000000000001001111100
11100111001000000000001010000000
11100111001000000000001010000100
00111100000110000000000000000101
00110111000110000000001100001100
11000111000000000000000000000000
11100111001000000000001010001000
11100111001000000000001010001100
11100111001000000000001010010000
00111100000110000000000000000101
00110111000110000000001100001100
11000111000000000000000000000000
11100111001000000000001010010100
11100111001000000000001010011000
11100111001000000000001010011100
00111100000110000000000000000101
00110111000110000000001100001100
11000111000000000000000000000000
11100111001000000000001010100000
11100111001000000000001010100100
11100111001000000000001010101000
00111100000110000000000000000101
00110111000110000000001100001100
11000111000000000000000000000000
11100111001000000000001010101100
11100111001000000000001010110000
11100111001000000000001010110100
00111100000110000000000000000101
00110111000110000000001100001100
11000111000000000000000000000000
11100111001000000000001010111000
11100111001000000000001010111100
11100111001000000000001011000000
00111100000000100000001000000000
00110100010000100000001011000100
10101111001000100000001011000100
00111100000000100000001000000000
00110100010000100000001011000100
10101111001000100000001011001000
00111100000000100000001000000000
00110100010000100000001011001100
10101111001000100000001011001100
10101111001000100000001011010000
10101111001000100000001011010100
10101111001000100000001011011000
10101111001000100000001011011100
00111100000110000000000000000101
00110111000110000000001100001100
11000111000000000000000000000000
11100111001000000000001011100000
11100111001000000000001011100100
11100111001000000000001011101000
00111100000000100000001000000000
00110100010000100000001011100000
10101111001000100000001011101100
10101111001000100000001011110000
10101111001000100000001011110100
10101111001000100000001011111000
10101111001000100000001011111100
10101111001000100000001100000000
10101111001000100000001100000100
10101111001000100000001100001000
10101111001000100000001100001100
10101111001000100000001100010000
10101111001000100000001100010100
10101111001000100000001100011000
10101111001000100000001100011100
10101111001000100000001100100000
10101111001000100000001100100100
10101111001000100000001100101000
10101111001000100000001100101100
10101111001000100000001100110000
10101111001000100000001100110100
10101111001000100000001100111000
10101111001000100000001100111100
10101111001000100000001101000000
10101111001000100000001101000100
10101111001000100000001101001000
10101111001000100000001101001100
10101111001000100000001101010000
10101111001000100000001101010100
10101111001000100000001101011000
10101111001000100000001101011100
10101111001000100000001101100000
10101111001000100000001101100100
10101111001000100000001101101000
10101111001000100000001101101100
10101111001000100000001101110000
10101111001000100000001101110100
10101111001000100000001101111000
10101111001000100000001101111100
10101111001000100000001110000000
10101111001000100000001110000100
10101111001000100000001110001000
10101111001000100000001110001100
10101111001000100000001110010000
10101111001000100000001110010100
10101111001000100000001110011000
10101111001000100000001110011100
10101111001000100000001110100000
10101111001000100000001110100100
10101111001000100000001110101000
10101111001000100000001110101100
10101111001000100000001110110000
10101111001000100000001110110100
10101111001000100000001110111000
10101111001000100000001110111100
10101111001000100000001111000000
10101111001000100000001111000100
10101111001000100000001111001000
10101111001000100000001111001100
10101111001000100000001111010000
10101111001000100000001111010100
10101111001000100000001111011000
00111100000000100000001000000000
00110100010000100000001011100000
10101111001000100000001111011100
00111100000000100000001000000000
00110100010000100000001011101100
10101111001000100000001111100000
00111100000000100000001000000000
00110100010000100000001111100100
10101111001000100000001111100100
00111100000000100000001000000000
00110100010000100000001111100100
10101111001000100000001111101000
10101111001000000000001111101100
00111100000000100000001000000000
00110100010000100000001111100100
10101111001000100000001111110000
00111100000110000000000000000101
00110111000110000000001100001100
11000111000000000000000000000000
11100111001000000000001111110100
00111100000000100000001000000000
00110100010000100000001111101100
10101111001000100000001111111000
10101111001000100000001111111100
10101111001000100000010000000000
10101111001000100000010000000100
10101111001000100000010000001000
10101111001000100000010000001100
10101111001000100000010000010000
10101111001000100000010000010100
10101111001000100000010000011000
10101111001000100000010000011100
10101111001000100000010000100000
10101111001000100000010000100100
10101111001000100000010000101000
10101111001000100000010000101100
10101111001000100000010000110000
10101111001000100000010000110100
10101111001000100000010000111000
10101111001000100000010000111100
10101111001000100000010001000000
10101111001000100000010001000100
10101111001000100000010001001000
10101111001000100000010001001100
10101111001000100000010001010000
10101111001000100000010001010100
10101111001000100000010001011000
10101111001000100000010001011100
10101111001000100000010001100000
10101111001000100000010001100100
10101111001000100000010001101000
10101111001000100000010001101100
10101111001000100000010001110000
10101111001000100000010001110100
10101111001000100000010001111000
10101111001000100000010001111100
10101111001000100000010010000000
10101111001000100000010010000100
10101111001000100000010010001000
10101111001000100000010010001100
10101111001000100000010010010000
10101111001000100000010010010100
10101111001000100000010010011000
10101111001000100000010010011100
10101111001000100000010010100000
10101111001000100000010010100100
10101111001000100000010010101000
10101111001000100000010010101100
10101111001000100000010010110000
10101111001000100000010010110100
10101111001000100000010010111000
10101111001000100000010010111100
10101111001000100000010011000000
10101111001000100000010011000100
10101111001000100000010011001000
10101111001000100000010011001100
10101111001000100000010011010000
10101111001000100000010011010100
10101111001000100000010011011000
10101111001000100000010011011100
10101111001000100000010011100000
10101111001000100000010011100100
10101111001000100000010011101000
10101111001000100000010011101100
10101111001000100000010011110000
10101111001000100000010011110100
10101111001000100000010011111000
10101111001000100000010011111100
10101111001000100000010100000000
10101111001000100000010100000100
10101111001000100000010100001000
10101111001000100000010100001100
10101111001000100000010100010000
10101111001000100000010100010100
10101111001000100000010100011000
10101111001000100000010100011100
10101111001000100000010100100000
10101111001000100000010100100100
10101111001000100000010100101000
10101111001000100000010100101100
10101111001000100000010100110000
10101111001000100000010100110100
10101111001000100000010100111000
10101111001000100000010100111100
10101111001000100000010101000000
10101111001000100000010101000100
10101111001000100000010101001000
10101111001000100000010101001100
10101111001000100000010101010000
10101111001000100000010101010100
10101111001000100000010101011000
10101111001000100000010101011100
10101111001000100000010101100000
10101111001000100000010101100100
10101111001000100000010101101000
10101111001000100000010101101100
10101111001000100000010101110000
10101111001000100000010101110100
10101111001000100000010101111000
10101111001000100000010101111100
10101111001000100000010110000000
10101111001000100000010110000100
10101111001000100000010110001000
10101111001000100000010110001100
10101111001000100000010110010000
10101111001000100000010110010100
10101111001000100000010110011000
10101111001000100000010110011100
10101111001000100000010110100000
10101111001000100000010110100100
10101111001000100000010110101000
10101111001000100000010110101100
10101111001000100000010110110000
10101111001000100000010110110100
10101111001000100000010110111000
10101111001000100000010110111100
10101111001000100000010111000000
10101111001000100000010111000100
10101111001000100000010111001000
10101111001000100000010111001100
10101111001000100000010111010000
10101111001000100000010111010100
10101111001000100000010111011000
10101111001000100000010111011100
10101111001000100000010111100000
10101111001000100000010111100100
10101111001000100000010111101000
10101111001000100000010111101100
10101111001000100000010111110000
10101111001000100000010111110100
10101111001000100000010111111000
10101111001000100000010111111100
10101111001000100000011000000000
10101111001000100000011000000100
10101111001000100000011000001000
10101111001000100000011000001100
10101111001000100000011000010000
10101111001000100000011000010100
10101111001000100000011000011000
10101111001000100000011000011100
10101111001000100000011000100000
10101111001000100000011000100100
10101111001000100000011000101000
10101111001000100000011000101100
10101111001000100000011000110000
10101111001000100000011000110100
10101111001000100000011000111000
10101111001000100000011000111100
10101111001000100000011001000000
10101111001000100000011001000100
10101111001000100000011001001000
10101111001000100000011001001100
10101111001000100000011001010000
10101111001000100000011001010100
10101111001000100000011001011000
10101111001000100000011001011100
10101111001000100000011001100000
10101111001000100000011001100100
10101111001000100000011001101000
10101111001000100000011001101100
10101111001000100000011001110000
10101111001000100000011001110100
10101111001000100000011001111000
10101111001000100000011001111100
10101111001000100000011010000000
10101111001000100000011010000100
10101111001000100000011010001000
10101111001000100000011010001100
10101111001000100000011010010000
10101111001000100000011010010100
10101111001000100000011010011000
10101111001000100000011010011100
10101111001000100000011010100000
10101111001000100000011010100100
10101111001000100000011010101000
10101111001000100000011010101100
10101111001000100000011010110000
10101111001000100000011010110100
10101111001000100000011010111000
10101111001000100000011010111100
10101111001000100000011011000000
10101111001000100000011011000100
10101111001000000000011011001000
00111100000110000000000000000101
00110111000110000000001100001100
11000111000000000000000000000000
11100111001000000000011011001100
11100111001000000000011011010000
11100111001000000000011011010100
10101111001000000000011011011000
10101111001000000000011011011100
10101111001000000000011011100000
10101111001000000000011011100100
10101111001000000000011011101000
10101111001000000000011011101100
10101111001000000000011011110000
10101111001000000000011011110100
10101111001000000000011011111000
10101111001000000000011011111100
10101111001000000000011100000000
00111100000110000000000000000101
00110111000110000000001100001100
11000111000000000000000000000000
11100111001000000000011100000100
11100111001000000000011100001000
11100111001000000000011100001100
10101111001000000000011100010000
10101111001000000000011100010100
10101111001000000000011100011000
10101111001000000000011100011100
10101111001000000000011100100000
10101111001000000000011100100100
10101111001000000000011100101000
10101111001000000000011100101100
10101111001000000000011100110000
10101111001000000000011100110100
10101111001000000000011100111000
00111100000110000000000000000101
00110111000110000000001100001100
11000111000000000000000000000000
11100111001000000000011100111100
11100111001000000000011101000000
11100111001000000000011101000100
10101111001000000000011101001000
10101111001000000000011101001100
10101111001000000000011101010000
10101111001000000000011101010100
10101111001000000000011101011000
10101111001000000000011101011100
10101111001000000000011101100000
10101111001000000000011101100100
10101111001000000000011101101000
10101111001000000000011101101100
10101111001000000000011101110000
00111100000110000000000000000101
00110111000110000000001100001100
11000111000000000000000000000000
11100111001000000000011101110100
11100111001000000000011101111000
11100111001000000000011101111100
00111100000000100000001000000000
00110100010000100000011101110100
10101111001000100000011110000000
10101111001000100000011110000100
10101111001000100000011110001000
10101111001000100000011110001100
10101111001000100000011110010000
00111100000110000000000000000101
00110111000110000000001100001100
11000111000000000000000000000000
11100111001000000000011110010100
11100111001000000000011110011000
11100111001000000000011110011100
00111100000110000000000000000101
00110111000110000000001100001100
11000111000000000000000000000000
11100111001000000000011110100000
11100111001000000000011110100100
11100111001000000000011110101000
00111100000110000000000000000101
00110111000110000000001100001100
11000111000000000000000000000000
11100111001000000000011110101100
11100111001000000000011110110000
11100111001000000000011110110100
00111100000110000000000000000101
00110111000110000000001100001100
11000111000000000000000000000000
11100111001000000000011110111000
11100111001000000000011110111100
11100111001000000000011111000000
00111100000110000000000000000101
00110111000110000000001100001100
11000111000000000000000000000000
11100111001000000000011111000100
11100111001000000000011111001000
11100111001000000000011111001100
00111100000000100000001000000000
00110100010000100000011111000100
10101111001000100000011111010000
10101111001000100000011111010100
10101111001000100000011111011000
10101111001000100000011111011100
10101111001000100000011111100000
00111100000110000000000000000101
00110111000110000000001100001100
11000111000000000000000000000000
11100111001000000000011111100100
11100111001000000000011111101000
11100111001000000000011111101100
00111100000110000000000000000101
00110111000110000000001100001100
11000111000000000000000000000000
11100111001000000000011111110000
11100111001000000000011111110100
11100111001000000000011111111000
00111100000110000000000000000101
00110111000110000000001100001100
11000111000000000000000000000000
11100111001000000000011111111100
11100111001000000000100000000000
11100111001000000000100000000100
00111100000110000000000000000101
00110111000110000000001100001100
11000111000000000000000000000000
11100111001000000000100000001000
11100111001000000000100000001100
11100111001000000000100000010000
00111100000110000000000000000101
00110111000110000000001100001100
11000111000000000000000000000000
11100111001000000000100000010100
11100111001000000000100000011000
11100111001000000000100000011100
00111100000000100000001000000000
00110100010000100000100000010100
10101111001000100000100000100000
10101111001000100000100000100100
10101111001000100000100000101000
10101111001000100000100000101100
10101111001000100000100000110000
00111100000110000000000000000101
00110111000110000000001100001100
11000111000000000000000000000000
11100111001000000000100000110100
11100111001000000000100000111000
11100111001000000000100000111100
00111100000110000000000000000101
00110111000110000000001100001100
11000111000000000000000000000000
11100111001000000000100001000000
11100111001000000000100001000100
11100111001000000000100001001000
00111100000110000000000000000101
00110111000110000000001100001100
11000111000000000000000000000000
11100111001000000000100001001100
11100111001000000000100001010000
11100111001000000000100001010100
00111100000110000000000000000101
00110111000110000000001100001100
11000111000000000000000000000000
11100111001000000000100001011000
11100111001000000000100001011100
11100111001000000000100001100000
00111100000110000000000000000101
00110111000110000000001100001100
11000111000000000000000000000000
11100111001000000000100001100100
11100111001000000000100001101000
11100111001000000000100001101100
00111100000000100000001000000000
00110100010000100000100001100100
10101111001000100000100001110000
10101111001000100000100001110100
10101111001000100000100001111000
10101111001000100000100001111100
10101111001000100000100010000000
00111100000110000000000000000101
00110111000110000000001100001100
11000111000000000000000000000000
11100111001000000000100010000100
11100111001000000000100010001000
11100111001000000000100010001100
00111100000110000000000000000101
00110111000110000000001100001100
11000111000000000000000000000000
11100111001000000000100010010000
11100111001000000000100010010100
11100111001000000000100010011000
00111100000110000000000000000101
00110111000110000000001100001100
11000111000000000000000000000000
11100111001000000000100010011100
11100111001000000000100010100000
11100111001000000000100010100100
00111100000110000000000000000101
00110111000110000000001100001100
11000111000000000000000000000000
11100111001000000000100010101000
11100111001000000000100010101100
11100111001000000000100010110000
00111100000110000000000000000101
00110111000110000000001100001100
11000111000000000000000000000000
11100111001000000000100010110100
11100111001000000000100010111000
11100111001000000000100010111100
00111100000000100000001000000000
00110100010000100000100010110100
10101111001000100000100011000000
10101111001000100000100011000100
10101111001000100000100011001000
10101111001000100000100011001100
10101111001000100000100011010000
00111100000110000000000000000101
00110111000110000000001100001100
11000111000000000000000000000000
11100111001000000000100011010100
11100111001000000000100011011000
11100111001000000000100011011100
00111100000110000000000000000101
00110111000110000000001100001100
11000111000000000000000000000000
11100111001000000000100011100000
11100111001000000000100011100100
11100111001000000000100011101000
00111100000110000000000000000101
00110111000110000000001100001100
11000111000000000000000000000000
11100111001000000000100011101100
11100111001000000000100011110000
11100111001000000000100011110100
00111100000110000000000000000101
00110111000110000000001100001100
11000111000000000000000000000000
11100111001000000000100011111000
11100111001000000000100011111100
11100111001000000000100100000000
00111100000110000000000000000101
00110111000110000000001100001100
11000111000000000000000000000000
11100111001000000000100100000100
11100111001000000000100100001000
11100111001000000000100100001100
00111100000000100000001000000000
00110100010000100000100100000100
10101111001000100000100100010000
10101111001000100000100100010100
10101111001000100000100100011000
10101111001000100000100100011100
10101111001000100000100100100000
00111100000110000000000000000101
00110111000110000000001100001100
11000111000000000000000000000000
11100111001000000000100100100100
11100111001000000000100100101000
11100111001000000000100100101100
00111100000110000000000000000101
00110111000110000000001100001100
11000111000000000000000000000000
11100111001000000000100100110000
11100111001000000000100100110100
11100111001000000000100100111000
00111100000110000000000000000101
00110111000110000000001100001100
11000111000000000000000000000000
11100111001000000000100100111100
11100111001000000000100101000000
11100111001000000000100101000100
00111100000110000000000000000101
00110111000110000000001100001100
11000111000000000000000000000000
11100111001000000000100101001000
11100111001000000000100101001100
11100111001000000000100101010000
00111100000110000000000000000101
00110111000110000000001100001100
11000111000000000000000000000000
11100111001000000000100101010100
11100111001000000000100101011000
11100111001000000000100101011100
00111100000000100000001000000000
00110100010000100000100101010100
10101111001000100000100101100000
10101111001000100000100101100100
10101111001000100000100101101000
10101111001000100000100101101100
10101111001000100000100101110000
00111100000110000000000000000101
00110111000110000000001100001100
11000111000000000000000000000000
11100111001000000000100101110100
11100111001000000000100101111000
11100111001000000000100101111100
00111100000110000000000000000101
00110111000110000000001100001100
11000111000000000000000000000000
11100111001000000000100110000000
11100111001000000000100110000100
11100111001000000000100110001000
00111100000110000000000000000101
00110111000110000000001100001100
11000111000000000000000000000000
11100111001000000000100110001100
11100111001000000000100110010000
11100111001000000000100110010100
00111100000110000000000000000101
00110111000110000000001100001100
11000111000000000000000000000000
11100111001000000000100110011000
11100111001000000000100110011100
11100111001000000000100110100000
00111100000110000000000000000101
00110111000110000000001100001100
11000111000000000000000000000000
11100111001000000000100110100100
11100111001000000000100110101000
11100111001000000000100110101100
00111100000000100000001000000000
00110100010000100000100110100100
10101111001000100000100110110000
10101111001000100000100110110100
10101111001000100000100110111000
10101111001000100000100110111100
10101111001000100000100111000000
00111100000110000000000000000101
00110111000110000000001100001100
11000111000000000000000000000000
11100111001000000000100111000100
11100111001000000000100111001000
11100111001000000000100111001100
00111100000110000000000000000101
00110111000110000000001100001100
11000111000000000000000000000000
11100111001000000000100111010000
11100111001000000000100111010100
11100111001000000000100111011000
00111100000110000000000000000101
00110111000110000000001100001100
11000111000000000000000000000000
11100111001000000000100111011100
11100111001000000000100111100000
11100111001000000000100111100100
00111100000110000000000000000101
00110111000110000000001100001100
11000111000000000000000000000000
11100111001000000000100111101000
11100111001000000000100111101100
11100111001000000000100111110000
00111100000110000000000000000101
00110111000110000000001100001100
11000111000000000000000000000000
11100111001000000000100111110100
11100111001000000000100111111000
11100111001000000000100111111100
00111100000000100000001000000000
00110100010000100000100111110100
10101111001000100000101000000000
10101111001000100000101000000100
10101111001000100000101000001000
10101111001000100000101000001100
10101111001000100000101000010000
00111100000110000000000000000101
00110111000110000000001100001100
11000111000000000000000000000000
11100111001000000000101000010100
11100111001000000000101000011000
11100111001000000000101000011100
00111100000110000000000000000101
00110111000110000000001100001100
11000111000000000000000000000000
11100111001000000000101000100000
11100111001000000000101000100100
11100111001000000000101000101000
00111100000110000000000000000101
00110111000110000000001100001100
11000111000000000000000000000000
11100111001000000000101000101100
11100111001000000000101000110000
11100111001000000000101000110100
00111100000110000000000000000101
00110111000110000000001100001100
11000111000000000000000000000000
11100111001000000000101000111000
11100111001000000000101000111100
11100111001000000000101001000000
00111100000110000000000000000101
00110111000110000000001100001100
11000111000000000000000000000000
11100111001000000000101001000100
11100111001000000000101001001000
11100111001000000000101001001100
00111100000000100000001000000000
00110100010000100000101001000100
10101111001000100000101001010000
10101111001000100000101001010100
10101111001000100000101001011000
10101111001000100000101001011100
10101111001000100000101001100000
00111100000110000000000000000101
00110111000110000000001100001100
11000111000000000000000000000000
11100111001000000000101001100100
11100111001000000000101001101000
11100111001000000000101001101100
00111100000110000000000000000101
00110111000110000000001100001100
11000111000000000000000000000000
11100111001000000000101001110000
11100111001000000000101001110100
11100111001000000000101001111000
00111100000110000000000000000101
00110111000110000000001100001100
11000111000000000000000000000000
11100111001000000000101001111100
11100111001000000000101010000000
11100111001000000000101010000100
00111100000110000000000000000101
00110111000110000000001100001100
11000111000000000000000000000000
11100111001000000000101010001000
11100111001000000000101010001100
11100111001000000000101010010000
00111100000110000000000000000101
00110111000110000000001100001100
11000111000000000000000000000000
11100111001000000000101010010100
11100111001000000000101010011000
11100111001000000000101010011100
00111100000000100000001000000000
00110100010000100000101010010100
10101111001000100000101010100000
10101111001000100000101010100100
10101111001000100000101010101000
10101111001000100000101010101100
10101111001000100000101010110000
00111100000110000000000000000101
00110111000110000000001100001100
11000111000000000000000000000000
11100111001000000000101010110100
11100111001000000000101010111000
11100111001000000000101010111100
00111100000110000000000000000101
00110111000110000000001100001100
11000111000000000000000000000000
11100111001000000000101011000000
11100111001000000000101011000100
11100111001000000000101011001000
00111100000110000000000000000101
00110111000110000000001100001100
11000111000000000000000000000000
11100111001000000000101011001100
11100111001000000000101011010000
11100111001000000000101011010100
00111100000110000000000000000101
00110111000110000000001100001100
11000111000000000000000000000000
11100111001000000000101011011000
11100111001000000000101011011100
11100111001000000000101011100000
00111100000110000000000000000101
00110111000110000000001100001100
11000111000000000000000000000000
11100111001000000000101011100100
11100111001000000000101011101000
11100111001000000000101011101100
00111100000000100000001000000000
00110100010000100000101011100100
10101111001000100000101011110000
10101111001000100000101011110100
10101111001000100000101011111000
10101111001000100000101011111100
10101111001000100000101100000000
00111100000110000000000000000101
00110111000110000000001100001100
11000111000000000000000000000000
11100111001000000000101100000100
11100111001000000000101100001000
11100111001000000000101100001100
00111100000110000000000000000101
00110111000110000000001100001100
11000111000000000000000000000000
11100111001000000000101100010000
11100111001000000000101100010100
11100111001000000000101100011000
00111100000110000000000000000101
00110111000110000000001100001100
11000111000000000000000000000000
11100111001000000000101100011100
11100111001000000000101100100000
11100111001000000000101100100100
00111100000110000000000000000101
00110111000110000000001100001100
11000111000000000000000000000000
11100111001000000000101100101000
11100111001000000000101100101100
11100111001000000000101100110000
00111100000000100000001000000000
00110100010000100000011011001100
10101111001000100000101100110100
00111100000000100000001000000000
00110100010000100000011110000000
10101111001000100000101100111000
00111100000000100000001000000000
00110100010000100000011011011000
10101111001000100000101100111100
00111100000000100000001000000000
00110100010000100000011011101100
10101111001000100000101101000000
00111100000000100000001000000000
00110100010000100000011111010000
10101111001000100000101101000100
00111100000000100000001000000000
00110100010000100000100000100000
10101111001000100000101101001000
00111100000000100000001000000000
00110100010000100000011100000000
10101111001000100000101101001100
00111100000000100000001000000000
00110100010000100000100001110000
10101111001000100000101101010000
00111100000000100000001000000000
00110100010000100000011100000100
10101111001000100000101101010100
00111100000000100000001000000000
00110100010000100000100011000000
10101111001000100000101101011000
00111100000000100000001000000000
00110100010000100000011100010000
10101111001000100000101101011100
00111100000000100000001000000000
00110100010000100000011100100100
10101111001000100000101101100000
00111100000000100000001000000000
00110100010000100000100100010000
10101111001000100000101101100100
00111100000000100000001000000000
00110100010000100000100101100000
10101111001000100000101101101000
00111100000000100000001000000000
00110100010000100000011100111000
10101111001000100000101101101100
00111100000000100000001000000000
00110100010000100000100110110000
10101111001000100000101101110000
00111100000000100000001000000000
00110100010000100000011100111100
10101111001000100000101101110100
00111100000000100000001000000000
00110100010000100000101000000000
10101111001000100000101101111000
00111100000000100000001000000000
00110100010000100000011101001000
10101111001000100000101101111100
00111100000000100000001000000000
00110100010000100000011101011100
10101111001000100000101110000000
00111100000000100000001000000000
00110100010000100000101001010000
10101111001000100000101110000100
00111100000000100000001000000000
00110100010000100000101010100000
10101111001000100000101110001000
00111100000000100000001000000000
00110100010000100000011101110000
10101111001000100000101110001100
00111100000000100000001000000000
00110100010000100000101011110000
10101111001000100000101110010000
00100011001110010000101110010100
00100000000000100000000100000000
00111100000000110000001000000000
00110100011000110000001001101000
10101100011000100000000000000000
00100000000001000000000100000000
10101100011001000000000000000100
00100000000000110000000010000000
00111100000001000000001000000000
00110100100001000000001001110000
10101100100000110000000000000000
00100000000000110000000010000000
10101100100000110000000000000100
10101111101111110000000000000000
00100111101111010000000000000100
00001100000000010011001101111111
00100011101111010000000000000100
10001111101111110000000000000000
00111100000110000000000000000101
00110111000110000000001001100100
11000111000000010000000000000000
01000110000000000000100000000011
00111100000000100000001000000000
00110100010000100000001001111000
11100100010000000000000000000000
00111100000000100000001000000000
00110100010000100000001001101000
10001100010000100000000000000000
00111100000000110000001000000000
00110100011000110000011110010100
00111100000001000000001000000000
00110100100001000000011110000000
10101100100000110000000000000100
00111100000000110000001000000000
00110100011000110000011110100000
10101100100000110000000000001000
00111100000000110000001000000000
00110100011000110000011110101100
10101100100000110000000000001100
00111100000000110000001000000000
00110100011000110000011110111000
10101100100000110000000000010000
00111100000000110000001000000000
00110100011000110000011111100100
00111100000001000000001000000000
00110100100001000000011111010000
10101100100000110000000000000100
00111100000000110000001000000000
00110100011000110000011111110000
10101100100000110000000000001000
00111100000000110000001000000000
00110100011000110000011111111100
10101100100000110000000000001100
00111100000000110000001000000000
00110100011000110000100000001000
10101100100000110000000000010000
00111100000000110000001000000000
00110100011000110000100000110100
00111100000001000000001000000000
00110100100001000000100000100000
10101100100000110000000000000100
00111100000000110000001000000000
00110100011000110000100001000000
10101100100000110000000000001000
00111100000000110000001000000000
00110100011000110000100001001100
10101100100000110000000000001100
00111100000000110000001000000000
00110100011000110000100001011000
10101100100000110000000000010000
00111100000000110000001000000000
00110100011000110000100010000100
00111100000001000000001000000000
00110100100001000000100001110000
10101100100000110000000000000100
00111100000000110000001000000000
00110100011000110000100010010000
10101100100000110000000000001000
00111100000000110000001000000000
00110100011000110000100010011100
10101100100000110000000000001100
00111100000000110000001000000000
00110100011000110000100010101000
10101100100000110000000000010000
00111100000000110000001000000000
00110100011000110000101100110100
10101111101111110000000000000000
00100111101111010000000000000100
00001100000000010011001101101001
00100011101111010000000000000100
10001111101111110000000000000000
00111100000000110000001000000000
00110100011000110000001001101000
10001100011000110000000000000000
00100100011000110000000000000010
10101111101111110000000000000000
00100111101111010000000000000100
00001100000000010010110001001000
00100011101111010000000000000100
10001111101111110000000000000000
00111100000000110000001000000000
00110100011000110000001001101000
10001100011000110000000000000000
00111100000001000000001000000000
00110100100001000000100011010100
00111100000001010000001000000000
00110100101001010000100011000000
10101100101001000000000000000100
00111100000001000000001000000000
00110100100001000000100011100000
10101100101001000000000000001000
00111100000001000000001000000000
00110100100001000000100011101100
10101100101001000000000000001100
00111100000001000000001000000000
00110100100001000000100011111000
10101100101001000000000000010000
00111100000001000000001000000000
00110100100001000000100100100100
00111100000001010000001000000000
00110100101001010000100100010000
10101100101001000000000000000100
00111100000001000000001000000000
00110100100001000000100100110000
10101100101001000000000000001000
00111100000001000000001000000000
00110100100001000000100100111100
10101100101001000000000000001100
00111100000001000000001000000000
00110100100001000000100101001000
10101100101001000000000000010000
00111100000001000000001000000000
00110100100001000000100101110100
00111100000001010000001000000000
00110100101001010000100101100000
10101100101001000000000000000100
00111100000001000000001000000000
00110100100001000000100110000000
10101100101001000000000000001000
00111100000001000000001000000000
00110100100001000000100110001100
10101100101001000000000000001100
00111100000001000000001000000000
00110100100001000000100110011000
10101100101001000000000000010000
00111100000001000000001000000000
00110100100001000000100111000100
00111100000001010000001000000000
00110100101001010000100110110000
10101100101001000000000000000100
00111100000001000000001000000000
00110100100001000000100111010000
10101100101001000000000000001000
00111100000001000000001000000000
00110100100001000000100111011100
10101100101001000000000000001100
00111100000001000000001000000000
00110100100001000000100111101000
10101100101001000000000000010000
00111100000001000000001000000000
00110100100001000000101101010100
10101111101000100000000000000000
00100000011000100000000000000000
00100000100000110000000000000000
10101111101111111111111111111100
00100111101111010000000000001000
00001100000000010011001101101001
00100011101111010000000000001000
10001111101111111111111111111100
00111100000000110000001000000000
00110100011000110000001001101000
10001100011000110000000000000000
00100100011000110000000000000010
10101111101111111111111111111100
00100111101111010000000000001000
00001100000000010010110001001000
00100011101111010000000000001000
10001111101111111111111111111100
00111100000000110000001000000000
00110100011000110000001001101000
10001100011000110000000000000000
00111100000001000000001000000000
00110100100001000000101000010100
00111100000001010000001000000000
00110100101001010000101000000000
10101100101001000000000000000100
00111100000001000000001000000000
00110100100001000000101000100000
10101100101001000000000000001000
00111100000001000000001000000000
00110100100001000000101000101100
10101100101001000000000000001100
00111100000001000000001000000000
00110100100001000000101000111000
10101100101001000000000000010000
00111100000001000000001000000000
00110100100001000000101001100100
00111100000001010000001000000000
00110100101001010000101001010000
10101100101001000000000000000100
00111100000001000000001000000000
00110100100001000000101001110000
10101100101001000000000000001000
00111100000001000000001000000000
00110100100001000000101001111100
10101100101001000000000000001100
00111100000001000000001000000000
00110100100001000000101010001000
10101100101001000000000000010000
00111100000001000000001000000000
00110100100001000000101010110100
00111100000001010000001000000000
00110100101001010000101010100000
10101100101001000000000000000100
00111100000001000000001000000000
00110100100001000000101011000000
10101100101001000000000000001000
00111100000001000000001000000000
00110100100001000000101011001100
10101100101001000000000000001100
00111100000001000000001000000000
00110100100001000000101011011000
10101100101001000000000000010000
00111100000001000000001000000000
00110100100001000000101100000100
00111100000001010000001000000000
00110100101001010000101011110000
10101100101001000000000000000100
00111100000001000000001000000000
00110100100001000000101100010000
10101100101001000000000000001000
00111100000001000000001000000000
00110100100001000000101100011100
10101100101001000000000000001100
00111100000001000000001000000000
00110100100001000000101100101000
10101100101001000000000000010000
00111100000001000000001000000000
00110100100001000000101101110100
10101111101000101111111111111100
00100000011000100000000000000000
00100000100000110000000000000000
10101111101111111111111111111000
00100111101111010000000000001100
00001100000000010011001101101001
00100011101111010000000000001100
10001111101111111111111111111000
00111100000000110000001000000000
00110100011000110000001001101000
10001100011000110000000000000000
00100100011000110000000000000010
10101111101111111111111111111000
00100111101111010000000000001100
00001100000000010010110001001000
00100011101111010000000000001100
10001111101111111111111111111000
10101111101000101111111111111000
10101111101111111111111111110100
00100111101111010000000000010000
00001100000000010011001110000111
00100011101111010000000000010000
10001111101111111111111111110100
00111100000000100000001000000000
00110100010000100000000100100000
11100100010000000000000000000000
10101111101000101111111111110100
10101111101111111111111111110000
00100111101111010000000000010100
00001100000000010011001110000111
00100011101111010000000000010100
10001111101111111111111111110000
10001111101000101111111111110100
11100100010000000000000000000100
10101111101111111111111111110000
00100111101111010000000000010100
00001100000000010011001110000111
00100011101111010000000000010100
10001111101111111111111111110000
10001111101000101111111111110100
11100100010000000000000000001000
10101111101111111111111111110000
00100111101111010000000000010100
00001100000000010011001110000111
00100011101111010000000000010100
10001111101111111111111111110000
00111100000110000000000000000101
00110111000110000000001100001100
11000111000000010000000000000000
00111100000110000000000000000101
00110111000110000000001100001000
11000111000000100000000000000000
01000110000000100000000000000010
01000110000000000000100000111110
01000101000000000000000000000010
01000110000000000000000001000110
00001000000000010011100100000100
01000110000000000000000001000111
00111100000110000000000000000101
00110111000110000000001100011000
11000111000000100000000000000000
11100111101000001111111111110000
11100111101000011111111111101100
01000110000000000000100000000110
01000110000000000001000001000110
10101111101111111111111111101000
00100111101111010000000000011100
00001100000000010000000000000001
00100011101111010000000000011100
10001111101111111111111111101000
01000110000000000000000001000110
11000111101000001111111111101100
10101111101111111111111111101000
00100111101111010000000000011100
00001100000000010000000000001010
00100011101111010000000000011100
10001111101111111111111111101000
00111100000110000000000000000101
00110111000110000000001100010000
11000111000000010000000000000000
01000110000000000000100000111110
01000101000000000000000000000110
01000110000000010000000000000001
00100011001000100000000000000000
00100011001110010000000000001000
11100100010000000000000000000100
10101100010000000000000000000000
00001000000000010011100100101000
00100000000000100000000000000001
00100011001000110000000000000000
00100011001110010000000000001000
11100100011000000000000000000100
10101100011000100000000000000000
00100000011000100000000000000000
11000100010000000000000000000100
10001100010000100000000000000000
00111100000110000000000000000101
00110111000110000000001011111100
11000111000000100000000000000000
01000110000000000001000000111110
01000101000000000000000000001011
00010100000000100000000000000010
00100000000000100000000000000001
00001000000000010011100100110011
00100000000000100000000000000000
01000110000000000000100000000001
00100011001000110000000000000000
00100011001110010000000000001000
11100100011000000000000000000100
10101100011000100000000000000000
00100000011000100000000000000000
00001000000000010011100100111111
00100011001000110000000000000000
00100011001110010000000000001000
11100100011000000000000000000100
10101100011000100000000000000000
00100000011000100000000000000000
11000100010000000000000000000100
10001100010000100000000000000000
00111100000110000000000000000101
00110111000110000000001011111000
11000111000000100000000000000000
01000110000000100000000000111110
01000101000000000000000000101010
00010100000000100000000000010101
01000110000000000000000000000010
00111100000110000000000000000101
00110111000110000000001100000100
11000111000000100000000000000000
00111100000110000000000000000101
00110111000110000000001100010100
11000111000000110000000000000000
00111100000110000000000000000101
00110111000110000000001011101000
11000111000001000000000000000000
00111100000110000000000000000101
00110111000110000000001011100100
11000111000001010000000000000000
01000110000000000010100101000010
01000110000001010010000100000001
01000110000000000010000100000010
01000110000001000001100011000001
01000110000000000001100000000010
01000110000000000001000000000001
01000110000000000000000000000111
00001000000000010011100110011111
01000110000000000000000000000010
00111100000110000000000000000101
00110111000110000000001100000100
11000111000000100000000000000000
00111100000110000000000000000101
00110111000110000000001100010100
11000111000000110000000000000000
00111100000110000000000000000101
00110111000110000000001011101000
11000111000001000000000000000000
00111100000110000000000000000101
00110111000110000000001011100100
11000111000001010000000000000000
01000110000000000010100101000010
01000110000001010010000100000001
01000110000000000010000100000010
01000110000001000001100011000001
01000110000000000001100000000010
01000110000000000001000000000001
00001000000000010011100110011111
00111100000110000000000000000101
00110111000110000000001011111100
11000111000000100000000000000000
01000110000000000001000000000001
00010100000000100000000000010110
01000110000000000000000010000010
00111100000110000000000000000101
00110111000110000000001100000100
11000111000000110000000000000000
00111100000110000000000000000101
00110111000110000000001011110100
11000111000001000000000000000000
00111100000110000000000000000101
00110111000110000000001011110000
11000111000001010000000000000000
00111100000110000000000000000101
00110111000110000000001011101100
11000111000001100000000000000000
01000110000000100011000110000010
01000110000001100010100101000001
01000110000000100010100101000010
01000110000001010010000100000001
01000110000000100010000010000010
01000110000000100001100010000001
01000110000000000001000000000010
01000110000000000000000000000111
00001000000000010011100110011111
01000110000000000000000010000010
00111100000110000000000000000101
00110111000110000000001100000100
11000111000000110000000000000000
00111100000110000000000000000101
00110111000110000000001011110100
11000111000001000000000000000000
00111100000110000000000000000101
00110111000110000000001011110000
11000111000001010000000000000000
00111100000110000000000000000101
00110111000110000000001011101100
11000111000001100000000000000000
01000110000000100011000110000010
01000110000001100010100101000001
01000110000000100010100101000010
01000110000001010010000100000001
01000110000000100010000010000010
01000110000000100001100010000001
01000110000000000001000000000010
00111100000110000000000000000101
00110111000110000000001100001100
11000111000000100000000000000000
11000111101000111111111111110000
01000110000000110001000000111110
01000101000000000000000000000010
00100000000000100000000000000001
00001000000000010011100110101000
00100000000000100000000000000000
00010100000000100000000000000010
01000110000000000001100010000111
00001000000000010011100110101100
01000110000000000001100010000110
00111100000110000000000000000101
00110111000110000000001100011000
11000111000000110000000000000000
11100111101000001111111111101000
10101111101000101111111111100100
11100111101000011111111111100000
11100111101000101111111111011100
01000110000000000001100001000110
01000110000000000001000000000110
10101111101111111111111111011000
00100111101111010000000000101100
00001100000000010000000000000001
00100011101111010000000000101100
10001111101111111111111111011000
01000110000000000000000001000110
11000111101000001111111111011100
10101111101111111111111111011000
00100111101111010000000000101100
00001100000000010000000000001010
00100011101111010000000000101100
10001111101111111111111111011000
11000111101000011111111111100000
01000110000000000000100000111110
01000101000000000000000000001100
10001111101000101111111111100100
00010100000000100000000000000010
00100000000000100000000000000001
00001000000000010011100111001001
00100000000000100000000000000000
01000110000000010000000000000001
00100011001000110000000000000000
00100011001110010000000000001000
11100100011000000000000000000100
10101100011000100000000000000000
00100000011000100000000000000000
00001000000000010011100111010101
00100011001000100000000000000000
00100011001110010000000000001000
11100100010000000000000000000100
10001111101000111111111111100100
10101100010000110000000000000000
11000100010000000000000000000100
10001100010000100000000000000000
00111100000110000000000000000101
00110111000110000000001011111100
11000111000000100000000000000000
01000110000000000001000000111110
01000101000000000000000000000001
01000110000000000000100000000001
00111100000110000000000000000101
00110111000110000000001011111000
11000111000000100000000000000000
01000110000000100000000000111110
01000101000000000000000000101100
00010100000000100000000000010110
01000110000000000000000010000010
00111100000110000000000000000101
00110111000110000000001100000100
11000111000000110000000000000000
00111100000110000000000000000101
00110111000110000000001011110100
11000111000001000000000000000000
00111100000110000000000000000101
00110111000110000000001011110000
11000111000001010000000000000000
00111100000110000000000000000101
00110111000110000000001011101100
11000111000001100000000000000000
01000110000000100011000110000010
01000110000001100010100101000001
01000110000000100010100101000010
01000110000001010010000100000001
01000110000000100010000010000010
01000110000000100001100010000001
01000110000000000001000000000010
01000110000000000000000000000111
00001000000000010011101000111011
01000110000000000000000010000010
00111100000110000000000000000101
00110111000110000000001100000100
11000111000000110000000000000000
00111100000110000000000000000101
00110111000110000000001011110100
11000111000001000000000000000000
00111100000110000000000000000101
00110111000110000000001011110000
11000111000001010000000000000000
00111100000110000000000000000101
00110111000110000000001011101100
11000111000001100000000000000000
01000110000000100011000110000010
01000110000001100010100101000001
01000110000000100010100101000010
01000110000001010010000100000001
01000110000000100010000010000010
01000110000000100001100010000001
01000110000000000001000000000010
00001000000000010011101000111011
00111100000110000000000000000101
00110111000110000000001011111100
11000111000000100000000000000000
01000110000000000001000000000001
00010100000000100000000000010101
01000110000000000000000000000010
00111100000110000000000000000101
00110111000110000000001100000100
11000111000000100000000000000000
00111100000110000000000000000101
00110111000110000000001100010100
11000111000000110000000000000000
00111100000110000000000000000101
00110111000110000000001011101000
11000111000001000000000000000000
00111100000110000000000000000101
00110111000110000000001011100100
11000111000001010000000000000000
01000110000000000010100101000010
01000110000001010010000100000001
01000110000000000010000100000010
01000110000001000001100011000001
01000110000000000001100000000010
01000110000000000001000000000001
01000110000000000000000000000111
00001000000000010011101000111011
01000110000000000000000000000010
00111100000110000000000000000101
00110111000110000000001100000100
11000111000000100000000000000000
00111100000110000000000000000101
00110111000110000000001100010100
11000111000000110000000000000000
00111100000110000000000000000101
00110111000110000000001011101000
11000111000001000000000000000000
00111100000110000000000000000101
00110111000110000000001011100100
11000111000001010000000000000000
01000110000000000010100101000010
01000110000001010010000100000001
01000110000000000010000100000010
01000110000001000001100011000001
01000110000000000001100000000010
01000110000000000001000000000001
11100111101000001111111111011000
10101111101111111111111111010100
00100111101111010000000000110000
00001100000000010011001110000111
00100011101111010000000000110000
10001111101111111111111111010100
00111100000110000000000000000101
00110111000110000000001100001100
11000111000000010000000000000000
00111100000110000000000000000101
00110111000110000000001100001000
11000111000000100000000000000000
01000110000000100000000000000010
01000110000000000000100000111110
01000101000000000000000000000010
01000110000000000000000001000110
00001000000000010011101001001101
01000110000000000000000001000111
00111100000110000000000000000101
00110111000110000000001100011000
11000111000000100000000000000000
11100111101000001111111111010100
11100111101000011111111111010000
01000110000000000000100000000110
01000110000000000001000001000110
10101111101111111111111111001100
00100111101111010000000000111000
00001100000000010000000000000001
00100011101111010000000000111000
10001111101111111111111111001100
01000110000000000000000001000110
11000111101000001111111111010000
10101111101111111111111111001100
00100111101111010000000000111000
00001100000000010000000000001010
00100011101111010000000000111000
10001111101111111111111111001100
11000111101000011111111111100000
01000110000000000000100000111110
01000101000000000000000000000110
01000110000000010000000000000001
00100011001000100000000000000000
00100011001110010000000000001000
11100100010000000000000000000100
10101100010000000000000000000000
00001000000000010011101001101111
00100000000000100000000000000001
00100011001000110000000000000000
00100011001110010000000000001000
11100100011000000000000000000100
10101100011000100000000000000000
00100000011000100000000000000000
11000100010000000000000000000100
10001100010000100000000000000000
00111100000110000000000000000101
00110111000110000000001011111100
11000111000000100000000000000000
01000110000000000001000000111110
01000101000000000000000000001011
00010100000000100000000000000010
00100000000000100000000000000001
00001000000000010011101001111010
00100000000000100000000000000000
01000110000000000000100000000001
00100011001000110000000000000000
00100011001110010000000000001000
11100100011000000000000000000100
10101100011000100000000000000000
00100000011000100000000000000000
00001000000000010011101010000110
00100011001000110000000000000000
00100011001110010000000000001000
11100100011000000000000000000100
10101100011000100000000000000000
00100000011000100000000000000000
11000100010000000000000000000100
10001100010000100000000000000000
00111100000110000000000000000101
00110111000110000000001011111000
11000111000000100000000000000000
01000110000000100000000000111110
01000101000000000000000000101010
00010100000000100000000000010101
01000110000000000000000000000010
00111100000110000000000000000101
00110111000110000000001100000100
11000111000000100000000000000000
00111100000110000000000000000101
00110111000110000000001100010100
11000111000000110000000000000000
00111100000110000000000000000101
00110111000110000000001011101000
11000111000001000000000000000000
00111100000110000000000000000101
00110111000110000000001011100100
11000111000001010000000000000000
01000110000000000010100101000010
01000110000001010010000100000001
01000110000000000010000100000010
01000110000001000001100011000001
01000110000000000001100000000010
01000110000000000001000000000001
01000110000000000000000000000111
00001000000000010011101011100110
01000110000000000000000000000010
00111100000110000000000000000101
00110111000110000000001100000100
11000111000000100000000000000000
00111100000110000000000000000101
00110111000110000000001100010100
11000111000000110000000000000000
00111100000110000000000000000101
00110111000110000000001011101000
11000111000001000000000000000000
00111100000110000000000000000101
00110111000110000000001011100100
11000111000001010000000000000000
01000110000000000010100101000010
01000110000001010010000100000001
01000110000000000010000100000010
01000110000001000001100011000001
01000110000000000001100000000010
01000110000000000001000000000001
00001000000000010011101011100110
00111100000110000000000000000101
00110111000110000000001011111100
11000111000000100000000000000000
01000110000000000001000000000001
00010100000000100000000000010110
01000110000000000000000010000010
00111100000110000000000000000101
00110111000110000000001100000100
11000111000000110000000000000000
00111100000110000000000000000101
00110111000110000000001011110100
11000111000001000000000000000000
00111100000110000000000000000101
00110111000110000000001011110000
11000111000001010000000000000000
00111100000110000000000000000101
00110111000110000000001011101100
11000111000001100000000000000000
01000110000000100011000110000010
01000110000001100010100101000001
01000110000000100010100101000010
01000110000001010010000100000001
01000110000000100010000010000010
01000110000000100001100010000001
01000110000000000001000000000010
01000110000000000000000000000111
00001000000000010011101011100110
01000110000000000000000010000010
00111100000110000000000000000101
00110111000110000000001100000100
11000111000000110000000000000000
00111100000110000000000000000101
00110111000110000000001011110100
11000111000001000000000000000000
00111100000110000000000000000101
00110111000110000000001011110000
11000111000001010000000000000000
00111100000110000000000000000101
00110111000110000000001011101100
11000111000001100000000000000000
01000110000000100011000110000010
01000110000001100010100101000001
01000110000000100010100101000010
01000110000001010010000100000001
01000110000000100010000010000010
01000110000000100001100010000001
01000110000000000001000000000010
00111100000110000000000000000101
00110111000110000000001100001100
11000111000000100000000000000000
11000111101000111111111111010100
01000110000000110001000000111110
01000101000000000000000000000010
00100000000000100000000000000001
00001000000000010011101011101111
00100000000000100000000000000000
00010100000000100000000000000010
01000110000000000001100010000111
00001000000000010011101011110011
01000110000000000001100010000110
00111100000110000000000000000101
00110111000110000000001100011000
11000111000000110000000000000000
11100111101000001111111111001100
10101111101000101111111111001000
11100111101000101111111111000100
01000110000000000001100001000110
01000110000000000001000000000110
10101111101111111111111111000000
00100111101111010000000001000100
00001100000000010000000000000001
00100011101111010000000001000100
10001111101111111111111111000000
01000110000000000000000001000110
11000111101000001111111111000100
10101111101111111111111111000000
00100111101111010000000001000100
00001100000000010000000000001010
00100011101111010000000001000100
10001111101111111111111111000000
11000111101000011111111111100000
01000110000000000000100000111110
01000101000000000000000000001100
10001111101000101111111111001000
00010100000000100000000000000010
00100000000000100000000000000001
00001000000000010011101100001111
00100000000000100000000000000000
01000110000000010000000000000001
00100011001000110000000000000000
00100011001110010000000000001000
11100100011000000000000000000100
10101100011000100000000000000000
00100000011000100000000000000000
00001000000000010011101100011011
00100011001000100000000000000000
00100011001110010000000000001000
11100100010000000000000000000100
10001111101000111111111111001000
10101100010000110000000000000000
11000100010000000000000000000100
10001100010000100000000000000000
00111100000110000000000000000101
00110111000110000000001011111100
11000111000000100000000000000000
01000110000000000001000000111110
01000101000000000000000000000001
01000110000000000000100000000001
00111100000110000000000000000101
00110111000110000000001011111000
11000111000000100000000000000000
01000110000000100000000000111110
01000101000000000000000000101100
00010100000000100000000000010110
01000110000000000000000010000010
00111100000110000000000000000101
00110111000110000000001100000100
11000111000000110000000000000000
00111100000110000000000000000101
00110111000110000000001011110100
11000111000001000000000000000000
00111100000110000000000000000101
00110111000110000000001011110000
11000111000001010000000000000000
00111100000110000000000000000101
00110111000110000000001011101100
11000111000001100000000000000000
01000110000000100011000110000010
01000110000001100010100101000001
01000110000000100010100101000010
01000110000001010010000100000001
01000110000000100010000010000010
01000110000000100001100010000001
01000110000000000001000000000010
01000110000000000000000000000111
00001000000000010011101110000001
01000110000000000000000010000010
00111100000110000000000000000101
00110111000110000000001100000100
11000111000000110000000000000000
00111100000110000000000000000101
00110111000110000000001011110100
11000111000001000000000000000000
00111100000110000000000000000101
00110111000110000000001011110000
11000111000001010000000000000000
00111100000110000000000000000101
00110111000110000000001011101100
11000111000001100000000000000000
01000110000000100011000110000010
01000110000001100010100101000001
01000110000000100010100101000010
01000110000001010010000100000001
01000110000000100010000010000010
01000110000000100001100010000001
01000110000000000001000000000010
00001000000000010011101110000001
00111100000110000000000000000101
00110111000110000000001011111100
11000111000000100000000000000000
01000110000000000001000000000001
00010100000000100000000000010101
01000110000000000000000000000010
00111100000110000000000000000101
00110111000110000000001100000100
11000111000000100000000000000000
00111100000110000000000000000101
00110111000110000000001100010100
11000111000000110000000000000000
00111100000110000000000000000101
00110111000110000000001011101000
11000111000001000000000000000000
00111100000110000000000000000101
00110111000110000000001011100100
11000111000001010000000000000000
01000110000000000010100101000010
01000110000001010010000100000001
01000110000000000010000100000010
01000110000001000001100011000001
01000110000000000001100000000010
01000110000000000001000000000001
01000110000000000000000000000111
00001000000000010011101110000001
01000110000000000000000000000010
00111100000110000000000000000101
00110111000110000000001100000100
11000111000000100000000000000000
00111100000110000000000000000101
00110111000110000000001100010100
11000111000000110000000000000000
00111100000110000000000000000101
00110111000110000000001011101000
11000111000001000000000000000000
00111100000110000000000000000101
00110111000110000000001011100100
11000111000001010000000000000000
01000110000000000010100101000010
01000110000001010010000100000001
01000110000000000010000100000010
01000110000001000001100011000001
01000110000000000001100000000010
01000110000000000001000000000001
00111100000110000000000000000101
00110111000110000000001001100000
11000111000000100000000000000000
11000111101000111111111111101000
01000110000000000001100100000010
01000110000000100010000010000010
00111100000000100000001000000000
00110100010000100000001010101100
11100100010000100000000000000000
00111100000110000000000000000101
00110111000110000000001001011100
11000111000000100000000000000000
11000111101001001111111111011000
01000110000000100010000010000010
11100100010000100000000000000100
00111100000110000000000000000101
00110111000110000000001001100000
11000111000000100000000000000000
11000111101001011111111111001100
01000110000001010001100110000010
01000110000000100011000010000010
11100100010000100000000000001000
00111100000000100000001000000000
00110100010000100000001010010100
11100100010001010000000000000000
00111100000110000000000000000101
00110111000110000000001100001100
11000111000000100000000000000000
11100100010000100000000000000100
01000110000000000000000010000111
11100100010000100000000000001000
01000110000000000010000010000111
01000110000000000001000000000010
00111100000000100000001000000000
00110100010000100000001010100000
11100100010000000000000000000000
01000110000000000001100000000111
11100100010000000000000000000100
01000110000001010001000000000010
11100100010000000000000000001000
00111100000000100000001000000000
00110100010000100000000100100000
11000100010000000000000000000000
00111100000000100000001000000000
00110100010000100000001010101100
11000100010000100000000000000000
01000110000000100000000000000001
00111100000000100000001000000000
00110100010000100000000100101100
11100100010000000000000000000000
00111100000000110000001000000000
00110100011000110000000100100100
11000100011000000000000000000000
00111100000000110000001000000000
00110100011000110000001010110000
11000100011000100000000000000000
01000110000000100000000000000001
11100100010000000000000000000100
00111100000000110000001000000000
00110100011000110000000100101000
11000100011000000000000000000000
00111100000000110000001000000000
00110100011000110000001010110100
11000100011000100000000000000000
01000110000000100000000000000001
11100100010000000000000000001000
10101111101111111111111111000000
00100111101111010000000001000100
00001100000000010011001110000101
00100011101111010000000001000100
10001111101111111111111111000000
10101111101111111111111111000000
00100111101111010000000001000100
00001100000000010011001110000111
00100011101111010000000001000100
10001111101111111111111111000000
00111100000110000000000000000101
00110111000110000000001100001100
11000111000000010000000000000000
00111100000110000000000000000101
00110111000110000000001100001000
11000111000000100000000000000000
01000110000000100000000000000010
01000110000000000000100000111110
01000101000000000000000000000010
00100000000000100000000000000001
00001000000000010011101111011001
00100000000000100000000000000000
00010100000000100000000000000010
01000110000000000000000001000111
00001000000000010011101111011101
01000110000000000000000001000110
00111100000110000000000000000101
00110111000110000000001100011000
11000111000000100000000000000000
11100111101000001111111111000000
10101111101000101111111110111100
11100111101000011111111110111000
01000110000000000000100000000110
01000110000000000001000001000110
10101111101111111111111110110100
00100111101111010000000001010000
00001100000000010000000000000001
00100011101111010000000001010000
10001111101111111111111110110100
01000110000000000000000001000110
11000111101000001111111110111000
10101111101111111111111110110100
00100111101111010000000001010000
00001100000000010000000000001010
00100011101111010000000001010000
10001111101111111111111110110100
11000111101000011111111111100000
01000110000000000000100000111110
01000101000000000000000000001100
10001111101000101111111110111100
00010100000000100000000000000010
00100000000000100000000000000001
00001000000000010011101111111001
00100000000000100000000000000000
01000110000000010000000000000001
00100011001000110000000000000000
00100011001110010000000000001000
11100100011000000000000000000100
10101100011000100000000000000000
00100000011000100000000000000000
00001000000000010011110000000101
00100011001000100000000000000000
00100011001110010000000000001000
11100100010000000000000000000100
10001111101000111111111110111100
10101100010000110000000000000000
11000100010000000000000000000100
10001100010000100000000000000000
00111100000110000000000000000101
00110111000110000000001011111100
11000111000000100000000000000000
01000110000000000001000000111110
01000101000000000000000000000001
01000110000000000000100000000001
00111100000110000000000000000101
00110111000110000000001011111000
11000111000000100000000000000000
01000110000000100000000000111110
01000101000000000000000000101100
00010100000000100000000000010110
01000110000000000000000010000010
00111100000110000000000000000101
00110111000110000000001100000100
11000111000000110000000000000000
00111100000110000000000000000101
00110111000110000000001011110100
11000111000001000000000000000000
00111100000110000000000000000101
00110111000110000000001011110000
11000111000001010000000000000000
00111100000110000000000000000101
00110111000110000000001011101100
11000111000001100000000000000000
01000110000000100011000110000010
01000110000001100010100101000001
01000110000000100010100101000010
01000110000001010010000100000001
01000110000000100010000010000010
01000110000000100001100010000001
01000110000000000001000000000010
01000110000000000000000000000111
00001000000000010011110001101011
01000110000000000000000010000010
00111100000110000000000000000101
00110111000110000000001100000100
11000111000000110000000000000000
00111100000110000000000000000101
00110111000110000000001011110100
11000111000001000000000000000000
00111100000110000000000000000101
00110111000110000000001011110000
11000111000001010000000000000000
00111100000110000000000000000101
00110111000110000000001011101100
11000111000001100000000000000000
01000110000000100011000110000010
01000110000001100010100101000001
01000110000000100010100101000010
01000110000001010010000100000001
01000110000000100010000010000010
01000110000000100001100010000001
01000110000000000001000000000010
00001000000000010011110001101011
00111100000110000000000000000101
00110111000110000000001011111100
11000111000000100000000000000000
01000110000000000001000000000001
00010100000000100000000000010101
01000110000000000000000000000010
00111100000110000000000000000101
00110111000110000000001100000100
11000111000000100000000000000000
00111100000110000000000000000101
00110111000110000000001100010100
11000111000000110000000000000000
00111100000110000000000000000101
00110111000110000000001011101000
11000111000001000000000000000000
00111100000110000000000000000101
00110111000110000000001011100100
11000111000001010000000000000000
01000110000000000010100101000010
01000110000001010010000100000001
01000110000000000010000100000010
01000110000001000001100011000001
01000110000000000001100000000010
01000110000000000001000000000001
01000110000000000000000000000111
00001000000000010011110001101011
01000110000000000000000000000010
00111100000110000000000000000101
00110111000110000000001100000100
11000111000000100000000000000000
00111100000110000000000000000101
00110111000110000000001100010100
11000111000000110000000000000000
00111100000110000000000000000101
00110111000110000000001011101000
11000111000001000000000000000000
00111100000110000000000000000101
00110111000110000000001011100100
11000111000001010000000000000000
01000110000000000010100101000010
01000110000001010010000100000001
01000110000000000010000100000010
01000110000001000001100011000001
01000110000000000001100000000010
01000110000000000001000000000001
01000110000000000000000000000111
00111100000000100000001000000000
00110100010000100000000100111000
11100100010000000000000000000100
10101111101000101111111110110100
10101111101111111111111110110000
00100111101111010000000001010100
00001100000000010011001110000111
00100011101111010000000001010100
10001111101111111111111110110000
00111100000110000000000000000101
00110111000110000000001100001100
11000111000000010000000000000000
11000111101000101111111111000000
01000110000000100000100000111110
01000101000000000000000000000010
01000110000000000001000001000110
00001000000000010011110001111110
01000110000000000001000001000111
00111100000110000000000000000101
00110111000110000000001100011000
11000111000000100000000000000000
11100111101000001111111110110000
11100111101000011111111110101100
01000110000000000000100000000110
01000110000000000001000001000110
10101111101111111111111110101000
00100111101111010000000001011100
00001100000000010000000000000001
00100011101111010000000001011100
10001111101111111111111110101000
01000110000000000000000001000110
11000111101000001111111110101100
10101111101111111111111110101000
00100111101111010000000001011100
00001100000000010000000000001010
00100011101111010000000001011100
10001111101111111111111110101000
11000111101000011111111111100000
01000110000000000000100000111110
01000101000000000000000000000110
01000110000000010000000000000001
00100011001000100000000000000000
00100011001110010000000000001000
11100100010000000000000000000100
10101100010000000000000000000000
00001000000000010011110010100000
00100000000000100000000000000001
00100011001000110000000000000000
00100011001110010000000000001000
11100100011000000000000000000100
10101100011000100000000000000000
00100000011000100000000000000000
11000100010000000000000000000100
10001100010000100000000000000000
00111100000110000000000000000101
00110111000110000000001011111100
11000111000000100000000000000000
01000110000000000001000000111110
01000101000000000000000000001011
00010100000000100000000000000010
00100000000000100000000000000001
00001000000000010011110010101011
00100000000000100000000000000000
01000110000000000000100000000001
00100011001000110000000000000000
00100011001110010000000000001000
11100100011000000000000000000100
10101100011000100000000000000000
00100000011000100000000000000000
00001000000000010011110010110111
00100011001000110000000000000000
00100011001110010000000000001000
11100100011000000000000000000100
10101100011000100000000000000000
00100000011000100000000000000000
11000100010000000000000000000100
10001100010000100000000000000000
00111100000110000000000000000101
00110111000110000000001011111000
11000111000000100000000000000000
01000110000000100000000000111110
01000101000000000000000000101010
00010100000000100000000000010101
01000110000000000000000000000010
00111100000110000000000000000101
00110111000110000000001100000100
11000111000000100000000000000000
00111100000110000000000000000101
00110111000110000000001100010100
11000111000000110000000000000000
00111100000110000000000000000101
00110111000110000000001011101000
11000111000001000000000000000000
00111100000110000000000000000101
00110111000110000000001011100100
11000111000001010000000000000000
01000110000000000010100101000010
01000110000001010010000100000001
01000110000000000010000100000010
01000110000001000001100011000001
01000110000000000001100000000010
01000110000000000001000000000001
01000110000000000000000000000111
00001000000000010011110100010111
01000110000000000000000000000010
00111100000110000000000000000101
00110111000110000000001100000100
11000111000000100000000000000000
00111100000110000000000000000101
00110111000110000000001100010100
11000111000000110000000000000000
00111100000110000000000000000101
00110111000110000000001011101000
11000111000001000000000000000000
00111100000110000000000000000101
00110111000110000000001011100100
11000111000001010000000000000000
01000110000000000010100101000010
01000110000001010010000100000001
01000110000000000010000100000010
01000110000001000001100011000001
01000110000000000001100000000010
01000110000000000001000000000001
00001000000000010011110100010111
00111100000110000000000000000101
00110111000110000000001011111100
11000111000000100000000000000000
01000110000000000001000000000001
00010100000000100000000000010110
01000110000000000000000010000010
00111100000110000000000000000101
00110111000110000000001100000100
11000111000000110000000000000000
00111100000110000000000000000101
00110111000110000000001011110100
11000111000001000000000000000000
00111100000110000000000000000101
00110111000110000000001011110000
11000111000001010000000000000000
00111100000110000000000000000101
00110111000110000000001011101100
11000111000001100000000000000000
01000110000000100011000110000010
01000110000001100010100101000001
01000110000000100010100101000010
01000110000001010010000100000001
01000110000000100010000010000010
01000110000000100001100010000001
01000110000000000001000000000010
01000110000000000000000000000111
00001000000000010011110100010111
01000110000000000000000010000010
00111100000110000000000000000101
00110111000110000000001100000100
11000111000000110000000000000000
00111100000110000000000000000101
00110111000110000000001011110100
11000111000001000000000000000000
00111100000110000000000000000101
00110111000110000000001011110000
11000111000001010000000000000000
00111100000110000000000000000101
00110111000110000000001011101100
11000111000001100000000000000000
01000110000000100011000110000010
01000110000001100010100101000001
01000110000000100010100101000010
01000110000001010010000100000001
01000110000000100010000010000010
01000110000000100001100010000001
01000110000000000001000000000010
00111100000110000000000000000101
00110111000110000000001100001100
11000111000000100000000000000000
00111100000110000000000000000101
00110111000110000000001100001000
11000111000000110000000000000000
11000111101001001111111110110000
01000110000000110010000011000010
01000110000000110001000000111110
01000101000000000000000000000010
00100000000000100000000000000001
00001000000000010011110100100100
00100000000000100000000000000000
00010100000000100000000000000010
01000110000000000001100010000111
00001000000000010011110100101000
01000110000000000001100010000110
00111100000110000000000000000101
00110111000110000000001100011000
11000111000001000000000000000000
11100111101000111111111110101000
11100111101000001111111110100100
10101111101000101111111110100000
11100111101000101111111110011100
01000110000000000010000001000110
01000110000000000001000000000110
10101111101111111111111110011000
00100111101111010000000001101100
00001100000000010000000000000001
00100011101111010000000001101100
10001111101111111111111110011000
01000110000000000000000001000110
11000111101000001111111110011100
10101111101111111111111110011000
00100111101111010000000001101100
00001100000000010000000000001010
00100011101111010000000001101100
10001111101111111111111110011000
11000111101000011111111111100000
01000110000000000000100000111110
01000101000000000000000000001100
10001111101000101111111110100000
00010100000000100000000000000010
00100000000000100000000000000001
00001000000000010011110101000101
00100000000000100000000000000000
01000110000000010000000000000001
00100011001000110000000000000000
00100011001110010000000000001000
11100100011000000000000000000100
10101100011000100000000000000000
00100000011000100000000000000000
00001000000000010011110101010001
00100011001000100000000000000000
00100011001110010000000000001000
11100100010000000000000000000100
10001111101000111111111110100000
10101100010000110000000000000000
11000100010000000000000000000100
10001100010000100000000000000000
00111100000110000000000000000101
00110111000110000000001011111100
11000111000000100000000000000000
01000110000000000001000000111110
01000101000000000000000000000001
01000110000000000000100000000001
00111100000110000000000000000101
00110111000110000000001011111000
11000111000000100000000000000000
01000110000000100000000000111110
01000101000000000000000000101100
00010100000000100000000000010110
01000110000000000000000010000010
00111100000110000000000000000101
00110111000110000000001100000100
11000111000000110000000000000000
00111100000110000000000000000101
00110111000110000000001011110100
11000111000001000000000000000000
00111100000110000000000000000101
00110111000110000000001011110000
11000111000001010000000000000000
00111100000110000000000000000101
00110111000110000000001011101100
11000111000001100000000000000000
01000110000000100011000110000010
01000110000001100010100101000001
01000110000000100010100101000010
01000110000001010010000100000001
01000110000000100010000010000010
01000110000000100001100010000001
01000110000000000001000000000010
01000110000000000000000000000111
00001000000000010011110110110111
01000110000000000000000010000010
00111100000110000000000000000101
00110111000110000000001100000100
11000111000000110000000000000000
00111100000110000000000000000101
00110111000110000000001011110100
11000111000001000000000000000000
00111100000110000000000000000101
00110111000110000000001011110000
11000111000001010000000000000000
00111100000110000000000000000101
00110111000110000000001011101100
11000111000001100000000000000000
01000110000000100011000110000010
01000110000001100010100101000001
01000110000000100010100101000010
01000110000001010010000100000001
01000110000000100010000010000010
01000110000000100001100010000001
01000110000000000001000000000010
00001000000000010011110110110111
00111100000110000000000000000101
00110111000110000000001011111100
11000111000000100000000000000000
01000110000000000001000000000001
00010100000000100000000000010101
01000110000000000000000000000010
00111100000110000000000000000101
00110111000110000000001100000100
11000111000000100000000000000000
00111100000110000000000000000101
00110111000110000000001100010100
11000111000000110000000000000000
00111100000110000000000000000101
00110111000110000000001011101000
11000111000001000000000000000000
00111100000110000000000000000101
00110111000110000000001011100100
11000111000001010000000000000000
01000110000000000010100101000010
01000110000001010010000100000001
01000110000000000010000100000010
01000110000001000001100011000001
01000110000000000001100000000010
01000110000000000001000000000001
01000110000000000000000000000111
00001000000000010011110110110111
01000110000000000000000000000010
00111100000110000000000000000101
00110111000110000000001100000100
11000111000000100000000000000000
00111100000110000000000000000101
00110111000110000000001100010100
11000111000000110000000000000000
00111100000110000000000000000101
00110111000110000000001011101000
11000111000001000000000000000000
00111100000110000000000000000101
00110111000110000000001011100100
11000111000001010000000000000000
01000110000000000010100101000010
01000110000001010010000100000001
01000110000000000010000100000010
01000110000001000001100011000001
01000110000000000001100000000010
01000110000000000001000000000001
11000111101000101111111110100100
01000110000000000001000000000010
10001111101000101111111110110100
11100100010000000000000000000000
00111100000110000000000000000101
00110111000110000000001100001100
11000111000000000000000000000000
11000111101000111111111110101000
01000110000000110000000000111110
01000101000000000000000000000010
01000110000000000001100000000110
00001000000000010011110111000100
01000110000000000001100000000111
00111100000110000000000000000101
00110111000110000000001100011000
11000111000000110000000000000000
11100111101000001111111110011000
01000110000000000001100001000110
10101111101111111111111110010100
00100111101111010000000001110000
00001100000000010000000000000001
00100011101111010000000001110000
10001111101111111111111110010100
01000110000000000000000001000110
11000111101000001111111110011000
10101111101111111111111110010100
00100111101111010000000001110000
00001100000000010000000000001010
00100011101111010000000001110000
10001111101111111111111110010100
11000111101000011111111111100000
01000110000000000000100000111110
01000101000000000000000000000110
01000110000000010000000000000001
00100011001000100000000000000000
00100011001110010000000000001000
11100100010000000000000000000100
10101100010000000000000000000000
00001000000000010011110111100100
00100000000000100000000000000001
00100011001000110000000000000000
00100011001110010000000000001000
11100100011000000000000000000100
10101100011000100000000000000000
00100000011000100000000000000000
11000100010000000000000000000100
10001100010000100000000000000000
00111100000110000000000000000101
00110111000110000000001011111100
11000111000000100000000000000000
01000110000000000001000000111110
01000101000000000000000000001011
00010100000000100000000000000010
00100000000000100000000000000001
00001000000000010011110111101111
00100000000000100000000000000000
01000110000000000000100000000001
00100011001000110000000000000000
00100011001110010000000000001000
11100100011000000000000000000100
10101100011000100000000000000000
00100000011000100000000000000000
00001000000000010011110111111011
00100011001000110000000000000000
00100011001110010000000000001000
11100100011000000000000000000100
10101100011000100000000000000000
00100000011000100000000000000000
11000100010000000000000000000100
10001100010000100000000000000000
00111100000110000000000000000101
00110111000110000000001011111000
11000111000000010000000000000000
01000110000000010000000000111110
01000101000000000000000000101010
00010100000000100000000000010101
01000110000000000000000000000010
00111100000110000000000000000101
00110111000110000000001100000100
11000111000000010000000000000000
00111100000110000000000000000101
00110111000110000000001100010100
11000111000000100000000000000000
00111100000110000000000000000101
00110111000110000000001011101000
11000111000000110000000000000000
00111100000110000000000000000101
00110111000110000000001011100100
11000111000001000000000000000000
01000110000000000010000100000010
01000110000001000001100011000001
01000110000000000001100011000010
01000110000000110001000010000001
01000110000000000001000000000010
01000110000000000000100000000001
01000110000000000000000000000111
00001000000000010011111001011011
01000110000000000000000000000010
00111100000110000000000000000101
00110111000110000000001100000100
11000111000000010000000000000000
00111100000110000000000000000101
00110111000110000000001100010100
11000111000000100000000000000000
00111100000110000000000000000101
00110111000110000000001011101000
11000111000000110000000000000000
00111100000110000000000000000101
00110111000110000000001011100100
11000111000001000000000000000000
01000110000000000010000100000010
01000110000001000001100011000001
01000110000000000001100011000010
01000110000000110001000010000001
01000110000000000001000000000010
01000110000000000000100000000001
00001000000000010011111001011011
00111100000110000000000000000101
00110111000110000000001011111100
11000111000000010000000000000000
01000110000000000000100000000001
00010100000000100000000000010110
01000110000000000000000001000010
00111100000110000000000000000101
00110111000110000000001100000100
11000111000000100000000000000000
00111100000110000000000000000101
00110111000110000000001011110100
11000111000000110000000000000000
00111100000110000000000000000101
00110111000110000000001011110000
11000111000001000000000000000000
00111100000110000000000000000101
00110111000110000000001011101100
11000111000001010000000000000000
01000110000000010010100101000010
01000110000001010010000100000001
01000110000000010010000100000010
01000110000001000001100011000001
01000110000000010001100001000010
01000110000000010001000001000001
01000110000000000000100000000010
01000110000000000000000000000111
00001000000000010011111001011011
01000110000000000000000001000010
00111100000110000000000000000101
00110111000110000000001100000100
11000111000000100000000000000000
00111100000110000000000000000101
00110111000110000000001011110100
11000111000000110000000000000000
00111100000110000000000000000101
00110111000110000000001011110000
11000111000001000000000000000000
00111100000110000000000000000101
00110111000110000000001011101100
11000111000001010000000000000000
01000110000000010010100101000010
01000110000001010010000100000001
01000110000000010010000100000010
01000110000001000001100011000001
01000110000000010001100001000010
01000110000000010001000001000001
01000110000000000000100000000010
11000111101000011111111110100100
01000110000000000000100000000010
10001111101000101111111110110100
11100100010000000000000000001000
10101111101111111111111110010100
00100111101111010000000001110000
00001100000000010011001110000111
00100011101111010000000001110000
10001111101111111111111110010100
00111100000000100000001000000000
00110100010000100000000101000100
11100100010000000000000000000000
00100000000000100000000000000000
10101111101111111111111110010100
00100111101111010000000001110000
00001100000000010000000011000000
00100011101111010000000001110000
10001111101111111111111110010100
00100000000000100000000000000000
10101111101111111111111110010100
00100111101111010000000001110000
00001100000000010000011011100010
00100011101111010000000001110000
10001111101111111111111110010100
00100000000000100000000000000000
10101111101111111111111110010100
00100111101111010000000001110000
00001100000000010000011011000101
00100011101111010000000001110000
10001111101111111111111110010100
00111100000000110000001000000000
00110100011000110000001000011000
10101100011000100000000000000000
00100000000000100000000001010000
10101111101111111111111110010100
00100111101111010000000001110000
00001100000000010011001110000011
00100011101111010000000001110000
10001111101111111111111110010100
00100000000000100000000000110011
10101111101111111111111110010100
00100111101111010000000001110000
00001100000000010011001110000011
00100011101111010000000001110000
10001111101111111111111110010100
00100000000000100000000000001010
10101111101111111111111110010100
00100111101111010000000001110000
00001100000000010011001110000011
00100011101111010000000001110000
10001111101111111111111110010100
00111100000000100000001000000000
00110100010000100000001001101000
10001100010000100000000000000000
10101111101111111111111110010100
00100111101111010000000001110000
00001100000000010000000001110110
00100011101111010000000001110000
10001111101111111111111110010100
00100000000000100000000000100000
10101111101111111111111110010100
00100111101111010000000001110000
00001100000000010011001110000011
00100011101111010000000001110000
10001111101111111111111110010100
00111100000000100000001000000000
00110100010000100000001001101100
10001100010000100000000000000000
10101111101111111111111110010100
00100111101111010000000001110000
00001100000000010000000001110110
00100011101111010000000001110000
10001111101111111111111110010100
00100000000000100000000000100000
10101111101111111111111110010100
00100111101111010000000001110000
00001100000000010011001110000011
00100011101111010000000001110000
10001111101111111111111110010100
00100000000000100000000011111111
10101111101111111111111110010100
00100111101111010000000001110000
00001100000000010000000001110110
00100011101111010000000001110000
10001111101111111111111110010100
00100000000000100000000000001010
10101111101111111111111110010100
00100111101111010000000001110000
00001100000000010011001110000011
00100011101111010000000001110000
10001111101111111111111110010100
00100000000000100000000000000100
10101111101111111111111110010100
00100111101111010000000001110000
00001100000000010011001100000100
00100011101111010000000001110000
10001111101111111111111110010100
00100000000000100000000000001001
00100000000001000000000000000000
00100000000000110000000000000000
10101111101111111111111110010100
00100111101111010000000001110000
00001100000000010011001010110111
00100011101111010000000001110000
10001111101111111111111110010100
00100000000000100000000000000100
10101111101111111111111110010100
00100111101111010000000001110000
00001100000000010011001101010101
00100011101111010000000001110000
10001111101111111111111110010100
00111100000000100000001000000000
00110100010000100000001111011100
10001100010000100000000000000000
00111100000000110000001000000000
00110100011000110000000100111000
11000100011000000000000000000000
11100100010000000000000000000000
00111100000000110000001000000000
00110100011000110000000100111100
11000100011000000000000000000000
11100100010000000000000000000100
00111100000000110000001000000000
00110100011000110000000101000000
11000100011000000000000000000000
11100100010000000000000000001000
00111100000000100000001000000000
10001100010000100000000000000000
00100100010000110000000000000001
00111100000000100000001000000000
00110100010000100000001111011100
10101111101111111111111110010100
00100111101111010000000001110000
00001100000000010000011011110101
00100011101111010000000001110000
10001111101111111111111110010100
00111100000000100000001000000000
10001100010000100000000000000000
00100100010000100000000000000001
00111100000000110000001000000000
00110100011000110000011011001000
00111100000001000000001000000000
00110100100001000000001111111000
00111100000001010000001000000000
00110100101001010000000000110000
00111100000001100000001000000000
00101000010110000000000000000000
00010111000000000000000101101000
00000000000000100011100010000000
00000000101001111100000000100000
10001111000001010000000000000000
10001100101001110000000000001000
00100000000110000000000000000010
00010111000001110000000101100010
10001100101001110000000000011100
11000100111000000000000000000000
00111100000110000000000000000101
00110111000110000000001100000100
11000111000000010000000000000000
01000110000000000000100000111110
01000101000000000000000000000010
00100000000001110000000000000000
00001000000000010011111011111111
00100000000001110000000000000001
00010100000001110000000000000001
00001000000000010100000001010111
10001100101001110000000000000100
00100000000110000000000000000001
00010111000001110000000011011011
00000000000000100001000010000000
10001100011001110000000000000000
00111100000110000000000000000101
00110111000110000000001100000100
11000111000000000000000000000000
10001100101001010000000000011100
11000100101000010000000000000000
01000110000000010000000000000001
10001111101001011111111110110100
11000100101000010000000000000000
01000110000000000000100001000111
11000100101000100000000000000100
01000110000000000001000010000111
11000100101000110000000000001000
01000110000000000001100011000111
00100000010010000000000000000001
11000100101001000000000000000000
00100000000010010000000000000011
00111100000110000000000000000101
00110111000110000000001100001100
11000111000001010000000000000000
10101111101000111111111110010100
11100111101000011111111110010000
10101111101000101111111110001100
10101111101001001111111110001000
10101111101001111111111110000100
10101111101010001111111110000000
11100111101000001111111101111100
11100111101000111111111101111000
11100111101000101111111101110100
11100111101001001111111101110000
10101111101001101111111101101100
00100001001000100000000000000000
01000110000000000010100000000110
10101111101111111111111101101000
00100111101111010000000010011100
00001100000000010011001101110001
00100011101111010000000010011100
10001111101111111111111101101000
00100000010000110000000000000000
10001111101000101111111101101100
10001100010001000000000000000000
10101111101000111111111101101000
00100000100000100000000000000000
10101111101111111111111101100100
00100111101111010000000010100000
00001100000000010011001101101001
00100011101111010000000010100000
10001111101111111111111101100100
00100011001000110000000000000000
00100011001110010000000000001000
10101100011000100000000000000100
10001111101000101111111101101000
10101100011000100000000000000000
11000111101000001111111101110000
11100100010000000000000000000000
11000111101000001111111101110100
11100100010000000000000000000100
11000111101000011111111101111000
11100100010000010000000000001000
10001111101000101111111101101100
10001100010001000000000000000000
00100100100001000000000000000001
10101111101000111111111101100100
00100000011000100000000000000000
00100000100000110000000000000000
10101111101111111111111101100000
00100111101111010000000010100100
00001100000000010000011011110101
00100011101111010000000010100100
10001111101111111111111101100000
00100011001000100000000000000000
00100011001110010000000000001100
11000111101000001111111101111100
11100100010000000000000000001000
10001111101000111111111101100100
10101100010000110000000000000100
10001111101000111111111110000000
10101100010000110000000000000000
10001111101000111111111110000100
00000000000000110010000010000000
10001111101001011111111110001000
00000000101001001100000000100000
10101111000000100000000000000000
00100000011000100000000000000001
10001111101001001111111110001100
00100000100001100000000000000010
10001111101001111111111110110100
11000100111000010000000000000100
00100000000010000000000000000011
00111100000110000000000000000101
00110111000110000000001100001100
11000111000000100000000000000000
10101111101000101111111101100000
10101111101001101111111101011100
11100111101000011111111101011000
00100001000000100000000000000000
01000110000000000001000000000110
10101111101111111111111101010100
00100111101111010000000010110000
00001100000000010011001101110001
00100011101111010000000010110000
10001111101111111111111101010100
00100000010000110000000000000000
10001111101000101111111101101100
10001100010001000000000000000000
10101111101000111111111101010100
00100000100000100000000000000000
10101111101111111111111101010000
00100111101111010000000010110100
00001100000000010011001101101001
00100011101111010000000010110100
10001111101111111111111101010000
00100011001000110000000000000000
00100011001110010000000000001000
10101100011000100000000000000100
10001111101000101111111101010100
10101100011000100000000000000000
11000111101000001111111110010000
11100100010000000000000000000000
11000111101000011111111101011000
11100100010000010000000000000100
11000111101000011111111101111000
11100100010000010000000000001000
10001111101000101111111101101100
10001100010001000000000000000000
00100100100001000000000000000001
10101111101000111111111101010000
00100000011000100000000000000000
00100000100000110000000000000000
10101111101111111111111101001100
00100111101111010000000010111000
00001100000000010000011011110101
00100011101111010000000010111000
10001111101111111111111101001100
00100011001000100000000000000000
00100011001110010000000000001100
11000111101000001111111101111100
11100100010000000000000000001000
10001111101000111111111101010000
10101100010000110000000000000100
10001111101000111111111101011100
10101100010000110000000000000000
10001111101000111111111101100000
00000000000000110001100010000000
10001111101001001111111110001000
00000000100000111100000000100000
10101111000000100000000000000000
10001111101000101111111110000100
00100000010000110000000000000010
10001111101001011111111110001100
00100000101001010000000000000011
10001111101001101111111110110100
11000100110000010000000000001000
00100000000001100000000000000011
00111100000110000000000000000101
00110111000110000000001100001100
11000111000000100000000000000000
10101111101000111111111101001100
10101111101001011111111101001000
11100111101000011111111101000100
00100000110000100000000000000000
01000110000000000001000000000110
10101111101111111111111101000000
00100111101111010000000011000100
00001100000000010011001101110001
00100011101111010000000011000100
10001111101111111111111101000000
00100000010000110000000000000000
10001111101000101111111101101100
10001100010001000000000000000000
10101111101000111111111101000000
00100000100000100000000000000000
10101111101111111111111100111100
00100111101111010000000011001000
00001100000000010011001101101001
00100011101111010000000011001000
10001111101111111111111100111100
00100011001000110000000000000000
00100011001110010000000000001000
10101100011000100000000000000100
10001111101000101111111101000000
10101100011000100000000000000000
11000111101000001111111110010000
11100100010000000000000000000000
11000111101000001111111101110100
11100100010000000000000000000100
11000111101000001111111101000100
11100100010000000000000000001000
10001111101000101111111101101100
10001100010000100000000000000000
00100100010000100000000000000001
10101111101000111111111100111100
00100000011111000000000000000000
00100000010000110000000000000000
00100011100000100000000000000000
10101111101111111111111100111000
00100111101111010000000011001100
00001100000000010000011011110101
00100011101111010000000011001100
10001111101111111111111100111000
00100011001000100000000000000000
00100011001110010000000000001100
11000111101000001111111101111100
11100100010000000000000000001000
10001111101000111111111100111100
10101100010000110000000000000100
10001111101000111111111101001000
10101100010000110000000000000000
10001111101000111111111101001100
00000000000000110001100010000000
10001111101001001111111110001000
00000000100000111100000000100000
10101111000000100000000000000000
10001111101000101111111110000100
00100000010000100000000000000011
10001111101000111111111110010100
10101100011000100000000000000000
00001000000000010100000001010111
00100000000110000000000000000010
00010111000001110000000001110110
00000000000000100001000010000000
00100000010000100000000000000001
10001100011001110000000000000000
00111100000110000000000000000101
00110111000110000000001100000100
11000111000000000000000000000000
10001100101010000000000000011100
11000101000000010000000000000000
01000110000000010000000000000001
10001100101010000000000000010000
10001111101010011111111110110100
11000101001000010000000000000000
11000101000000100000000000000000
01000110000000100000100001000010
11000101001000100000000000000100
11000101000000110000000000000100
01000110000000110001000010000010
01000110000000100000100001000000
11000101001000100000000000001000
11000101000000110000000000001000
01000110000000110001000010000010
01000110000000100000100001000000
00111100000110000000000000000101
00110111000110000000001100011100
11000111000000100000000000000000
10001100101010000000000000010000
11000101000000110000000000000000
01000110000000110001000010000010
01000110000000010001000010000010
11000101001000110000000000000000
01000110000000110001000010000001
00111100000110000000000000000101
00110111000110000000001100011100
11000111000000110000000000000000
10001100101010000000000000010000
11000101000001000000000000000100
01000110000001000001100011000010
01000110000000010001100011000010
11000101001001000000000000000100
01000110000001000001100011000001
00111100000110000000000000000101
00110111000110000000001100011100
11000111000001000000000000000000
10001100101001010000000000010000
11000100101001010000000000001000
01000110000001010010000100000010
01000110000000010010000001000010
11000101001001000000000000001000
01000110000001000000100001000001
00100000000001010000000000000011
00111100000110000000000000000101
00110111000110000000001100001100
11000111000001000000000000000000
10101111101000111111111110010100
10101111101001001111111110001000
10101111101001111111111100111000
10101111101000101111111100110100
11100111101000001111111100110000
11100111101000011111111100101100
11100111101000111111111100101000
11100111101000101111111100100100
10101111101001101111111101101100
00100000101000100000000000000000
01000110000000000010000000000110
10101111101111111111111100100000
00100111101111010000000011100100
00001100000000010011001101110001
00100011101111010000000011100100
10001111101111111111111100100000
00100000010000110000000000000000
10001111101000101111111101101100
10001100010001000000000000000000
10101111101000111111111100100000
00100000100000100000000000000000
10101111101111111111111100011100
00100111101111010000000011101000
00001100000000010011001101101001
00100011101111010000000011101000
10001111101111111111111100011100
00100011001000110000000000000000
00100011001110010000000000001000
10101100011000100000000000000100
10001111101000101111111100100000
10101100011000100000000000000000
11000111101000001111111100100100
11100100010000000000000000000000
11000111101000001111111100101000
11100100010000000000000000000100
11000111101000001111111100101100
11100100010000000000000000001000
10001111101000101111111101101100
10001100010000100000000000000000
00100100010000100000000000000001
10101111101000111111111100011100
00100000011111000000000000000000
00100000010000110000000000000000
00100011100000100000000000000000
10101111101111111111111100011000
00100111101111010000000011101100
00001100000000010000011011110101
00100011101111010000000011101100
10001111101111111111111100011000
00100011001000100000000000000000
00100011001110010000000000001100
11000111101000001111111100110000
11100100010000000000000000001000
10001111101000111111111100011100
10101100010000110000000000000100
10001111101000111111111100110100
10101100010000110000000000000000
10001111101000111111111100111000
00000000000000110010000010000000
10001111101001011111111110001000
00000000101001001100000000100000
10101111000000100000000000000000
00100000011000100000000000000001
10001111101000111111111110010100
10101100011000100000000000000000
00111100000000100000001000000000
00110100010000100000001001111000
11000100010000000000000000000000
00111100000000100000001000000000
00110100010000100000001001110100
10001100010000100000000000000000
00000000000000100001000000100010
11100111101000001111111100011000
10101111101111111111111100010100
00100111101111010000000011110000
00001100000000010011001101111111
00100011101111010000000011110000
10001111101111111111111100010100
00111100000000100000001000000000
00110100010000100000001010100000
11000100010000010000000000000000
00111100000000100000001000000000
00110100010000100000001010101100
11000100010000100000000000000000
00111100000000100000001000000000
00110100010000100000001010100100
11000100010000110000000000000000
00111100000000100000001000000000
00110100010000100000001010110000
11000100010001000000000000000000
00111100000000100000001000000000
00110100010000100000001010101000
11000100010001010000000000000000
00111100000000100000001000000000
00110100010000100000001010110100
11000100010001100000000000000000
00111100000000100000001000000000
00110100010000100000001001101000
10001100010000100000000000000000
00100100010000110000000000000001
11000111101001111111111100011000
01000110000000000011100000000010
01000110000001010000000101000010
01000110000001100010100101000000
01000110000000110000000011000010
01000110000001000001100011000000
01000110000000010000000000000010
01000110000000100000000000000000
10001111101000101111111111111100
00100000000001000000000000000000
01000110000000000010100010000110
01000110000000000001100001000110
10101111101111111111111100010100
00100111101111010000000011110000
00001100000000010010101001100111
00100011101111010000000011110000
10001111101111111111111100010100
00100000000001100000000000000010
00100000000001110000000000000011
10001111101000110000000000000000
10001111101001001111111111111100
10001111101001011111111111111000
00100000000000100000000000000000
10101111101111111111111100010100
00100111101111010000000011110000
00001100000000010010101111101010
00100011101111010000000011110000
10001111101111111111111100010100
00001000000000010100000010010110
11000011010010000000000000000000
01000011010010000000000000000000
01000011000000000000000000000000
00111111011001100110011001100110
01000011000101100000000000000000
11000011000101100000000000000000
00111101110011001100110011001101
11000000000000000000000000000000
00111011100000000000000000000000
01000001101000000000000000000000
00111101010011001100110011001101
00111110100000000000000000000000
01000001001000000000000000000000
00111110100110011001100110011010
01000011011111110000000000000000
00111110000110011001100110011010
01000000010010010000111111011011
01000001111100000000000000000000
10111111010010010000111111011011
01000000000111100100110111010011
00111101011101011110011111000101
00111101101101111101011001101110
00111101111000111000111000111000
00111110000100100100100100100101
00111110010011001100110011001101
00111110101010101010101010101010
00111110111100100110111010011000
01000001011100000000000000000000
00111000110100011011011100010111
01001100101111101011110000100000
01001110011011100110101100101000
10111101110011001100110011001101
00111100001000111101011100001010
10111110010011001100110011001101
00111010101100111000000100000110
00111101001010101010011110001001
00111001010011010110010010110110
00111100000010001000011001100110
00111110001010101010101010101100
00111111010010010000111111011011
00111111110010010000111111011011
10111111100000000000000000000000
00111111100000000000000000000000
00111100100011101111101000110101
10000000000000000000000000000000
01000000010010010000111111011011
00111111000000000000000000000000
01000000110010010000111111011011
01000000000000000000000000000000
